pilot_id,spotify_track_id,title,artists,collection_status,duration_seconds,source_sha256,prepared_sha256,profile_status,primary_family,primary_style,secondary_families,secondary_styles,vocal_role,arrangement_focus,texture_tags,active_section_density,section_variation,certainty,audio_evidence,owner_confirmed
F001,00njeQb198Lm7Jge2Rsrlg,"Saturation in Delay, Love in Anger","[""City Girl"", ""tiffi""]",REUSED_EXACT_PRIOR_PROFILE,263.0,765a8be864679b237445f3fed4b04420b2e9136344577dcba914b30464a8755d,4301e634825e61c2e06d2ca94bb3946eaa604f95905237c096f28af341d38435,classified,electronic,minimal techno,"[""ambient""]","[""dub techno"", ""microhouse""]",vocal_samples_only,beat_or_instrumental,"[""electronic"", ""sample_based"", ""clean""]",sparse,mostly_consistent,"{""family"": ""clear"", ""style"": ""clear""}","[{""at_seconds"": 1.0, ""observation"": ""Spoken/chanted vocal sample repeated over a bare, syncopated kick-and-percussion groove.""}, {""at_seconds"": 26.5, ""observation"": ""Sub-bass pulse enters underneath continuous vocal fragments and ambient spatial textures.""}, {""at_seconds"": 254.0, ""observation"": ""Minimalist hand percussion pattern slowly builds with subtle shaker accents and reverberant dub delay.""}]",False
F002,02CCi0N3pMK4Rjxq5e6UmE,Stay With Me,"[""jrd.""]",NEW_VALIDATED_PROFILE,189.3935625,2e19745a9779266e042ec8d8709397a7e781b75ee176455d9e62c2265505a886,b6ff3a1d430819ef862a76d1f1913ff1a1e188c212796c6e07d47f80bdf7456b,classified,electronic,lo-fi beats,"[""hip-hop"", ""ambient""]","[""chillhop"", ""downtempo""]",vocal_samples_only,beat_or_instrumental,"[""sample_based"", ""electronic"", ""hazy""]",sparse,mostly_consistent,"{""family"": ""clear"", ""style"": ""clear""}","[{""at_seconds"": 1.4, ""observation"": ""Solo electric piano plays a repetitive, melancholic chord progression with vintage warmth.""}, {""at_seconds"": 23.8, ""observation"": ""A downtempo, dusty hip-hop drum beat drops with soft kick, snare, and vinyl crackle.""}, {""at_seconds"": 150.0, ""observation"": ""Subtle, ambient vocal chops blend into the background with continued low-key lo-fi beat.""}]",False
F003,043ryKJlgSnAUzpXnfxU6b,We (OUI) (Feat. sogumm),"[""jeebanoff"", ""sogumm""]",NEW_VALIDATED_PROFILE,273.7493333333333,d6b96f0bdad8437495352f5b907793dd02b9b3d2c9048e91e6bb861aebcdd1f3,bf70af4d805153f896d9ee94a74b4aba4f8f8e1736e7ba1a940a8c5369b32222,classified,R&B and Soul,Contemporary R&B,"[""Pop""]","[""K-Pop""]",sung_led,lead_vocal,"[""clean"", ""electronic"", ""layered""]",moderate,mostly_consistent,"{""family"": ""clear"", ""style"": ""clear""}","[{""at_seconds"": 10.0, ""observation"": ""A mid-tempo R&B beat enters with soft electric piano chords, rimshot snare, and sub bass.""}, {""at_seconds"": 29.5, ""observation"": ""Clean female lead vocals enter in Korean, singing a melodic contemporary R&B ballad verse.""}, {""at_seconds"": 198.0, ""observation"": ""Second female vocal enters with a slightly more rap-adjacent rhythmic cadence before singing.""}]",False
F004,06EL94D0TA27Ik0Ke5usbj,The Way,"[""Ariana Grande"", ""Mac Miller""]",NEW_VALIDATED_PROFILE,231.72354166666668,c235ae21612a837e0a00254a2874da76e9a871635b5b87b732eabd43d2755bcb,d70f17fdcd97c72d48571cc1d178cc5c224b6b1f9ac3a7a08b01b0d70cbea3d2,classified,r&b,contemporary r&b,"[""pop"", ""hip hop""]","[""dance-pop"", ""pop rap""]",mixed_rap_and_singing,lead_vocal,"[""clean"", ""layered"", ""sample_based""]",moderate,mostly_consistent,"{""family"": ""clear"", ""style"": ""clear""}","[{""at_seconds"": 22.0, ""observation"": ""Rapped male verse begins over a prominent, upbeat piano riff and a syncopated R&B hip-hop beat.""}, {""at_seconds"": 34.0, ""observation"": ""Female lead vocal enters with sweet, expressive melismatic delivery, singing an R&B pre-chorus.""}, {""at_seconds"": 115.0, ""observation"": ""Anthemic chorus featuring prominent, layered female vocals over rhythmic piano chords, bass, and handclaps.""}]",False
F005,07tiPBhMqiKqHowwqDBtfK,id T41104 (feat. 267),"[""W/N"", ""267""]",NEW_VALIDATED_PROFILE,200.167625,69438f58e4edad523bb506699ee18faf93dcbfc5b3b0434df56604fddaa7ff19,0ab38d10e46d3184065c59b8b550bce7f066363f69d80753c213476408320a95,classified,electronic,lo-fi chill beats,"[""r&b"", ""pop""]","[""chillout"", ""bedroom pop""]",sung_led,lead_vocal,"[""electronic"", ""clean"", ""hazy""]",sparse,mostly_consistent,"{""family"": ""clear"", ""style"": ""clear""}","[{""at_seconds"": 12.0, ""observation"": ""Intimate female lead vocals over a slow, spacious chillout hip-hop beat and electric piano""}, {""at_seconds"": 65.0, ""observation"": ""Vocal chorus with subtle harmonized backing layers over soft synth pads and laid-back downtempo drums""}, {""at_seconds"": 130.0, ""observation"": ""Low-frequency synth interlude with acoustic guitar strums and vinyl/lo-fi ambient texture""}]",False
F006,0ASYuzPsTBA6ZmIsuvNZby,falling down,"[""Nohidea""]",NEW_VALIDATED_PROFILE,96.0,3842d8a24c0f116ab24d9c1ae25c167f9bb50bf91610fc9e23108771c5fcc63c,7e41b258695dfe3330bd764a57afc06b6106539b39ea46212f96bdda9c03c7ac,classified,hip-hop,lo-fi hip hop,"[""electronic""]","[""chillout""]",vocal_samples_only,balanced,"[""sample_based"", ""hazy"", ""electronic""]",sparse,mostly_consistent,"{""family"": ""clear"", ""style"": ""clear""}","[{""at_seconds"": 12.0, ""observation"": ""A downtempo hip-hop drum loop drops in under pitch-shifted vocal chops.""}, {""at_seconds"": 26.5, ""observation"": ""Drums drop out, leaving mellow electric piano chords and dreamy vocal hums.""}, {""at_seconds"": 48.0, ""observation"": ""Beat re-enters with relaxed boom-bap kick and snare alongside pitched repetitive vocal fragments.""}]",False
F007,0CnpSTdL9l5vQM4YnzXtyo,Panorama,"[""IZ*ONE""]",NEW_VALIDATED_PROFILE,231.16627083333333,125ac6afb2dd81166028f609bdf7bb50701257f4655635475efa329ec61b9b3c,cbe2ded5dc61f7a848429399f3dd28cb8caba11c90822d80950c2bf1d9b8c3ef,classified,Pop,K-Pop,"[""Electronic""]","[""Electropop"", ""Dance-Pop""]",sung_led,lead_vocal,"[""electronic"", ""layered"", ""clean""]",dense,contrasting_sections,"{""family"": ""clear"", ""style"": ""clear""}","[{""at_seconds"": 15.0, ""observation"": ""High-energy synth-pop drop kicks in with driving four-on-the-floor electro bass and layered female vocals.""}, {""at_seconds"": 23.5, ""observation"": ""Bright female solo lead vocal begins the verse over a rhythmic electronic beat and synthesized keys.""}, {""at_seconds"": 68.0, ""observation"": ""Explosive chorus section features brassy synth riffs, sweeping risers, and anthemic female group vocals.""}]",False
F008,0JJeoiCAa1hwcBsPxBN2w4,"Sunday (feat. HEIZE, Jay Park)","[""GroovyRoom"", ""Heize"", ""Jay Park""]",NEW_VALIDATED_PROFILE,182.18377083333334,5d7667ad29b459b5a15e4c289a049ece9c074f6c176972aac58b99c0dfc67243,e29fe4f1edebb78914061351b150394e746068ddbbea0c5c8c7ad56dcfc70a44,classified,r&b,contemporary r&b,"[""pop"", ""hip hop""]","[""k-pop"", ""trap soul""]",mixed_rap_and_singing,lead_vocal,"[""electronic"", ""clean"", ""layered""]",moderate,contrasting_sections,"{""family"": ""clear"", ""style"": ""clear""}","[{""at_seconds"": 9.2, ""observation"": ""Female lead vocal enters over a smooth contemporary R&B beat with bright keyboard chords and trap-influenced hi-hats.""}, {""at_seconds"": 47.4, ""observation"": ""Catchy pop/R&B hook section introduced with layered vocal harmonies and steady mid-tempo bounce.""}, {""at_seconds"": 64.8, ""observation"": ""Male rap verse enters, interacting stylistically with the ongoing melodic contemporary R&B production.""}]",False
F009,0WJxkgYXRoOxFb4Vq3Ddmg,Jocelyn Flores,"[""Dontcry""]",NEW_VALIDATED_PROFILE,92.56533333333333,325e76e6777a997516dfa5bcbc6b52d2fe72b44daf62f43907f5d2a4f6c5b3ed,7ce5fe308f9620a2fc76ae61cf995c1b45f815de20d7b0690c3ba75e6fa63f1d,classified,Hip Hop,Lo-Fi Beats,"[""Jazz""]","[""Jazz Rap"", ""Chillhop""]",vocal_samples_only,beat_or_instrumental,"[""sample_based"", ""hazy"", ""electronic""]",moderate,mostly_consistent,"{""family"": ""clear"", ""style"": ""clear""}","[{""at_seconds"": 14.5, ""observation"": ""A laid-back boom bap drum pattern enters over looping electric piano and saxophone chords.""}, {""at_seconds"": 37.0, ""observation"": ""Vocal scatting and melodic singing snippets weave briefly through the jazz-hop instrumentation.""}, {""at_seconds"": 63.8, ""observation"": ""Mellow electric piano chords continue with vinyl crackle texture and occasional turntable scratching.""}]",False
F010,0ayK1CJh1cMRjUJRCDWhCd,(empty),"[""OuiOui""]",NEW_VALIDATED_PROFILE,210.98666666666668,413a26609a857fe3cdd787560a955ec7c72c565e3b74e7b6dff360a328c51095,7d6c45956f9f9b895e93325b8150e7e1a1b8c2804b4849f154c6cdc158bd0933,classified,R&B and Soul,Contemporary R&B,"[""Pop"", ""Hip Hop""]","[""K-Pop"", ""Pop Soul""]",sung_led,lead_vocal,"[""electronic"", ""clean"", ""layered""]",moderate,mostly_consistent,"{""family"": ""clear"", ""style"": ""clear""}","[{""at_seconds"": 15.0, ""observation"": ""Female lead vocal enters with gentle R&B phrasing over a smooth synth chord progression and crisp mid-tempo beat.""}, {""at_seconds"": 60.5, ""observation"": ""Chorus section arrives with layered backing harmonies, a prominent bassline, and catchy melodic hooks.""}, {""at_seconds"": 160.0, ""observation"": ""Instrumental drop section highlighting synth keys, muted percussion, and rhythmic finger snaps.""}]",False
F011,0mjbciwK9zhfQl44jXfQv6,Heart,"[""chicken97""]",NEW_VALIDATED_PROFILE,205.376,abb0a52e689922a64a5f6bc461452f4ef258e8ab15de88ced33ddbf4e68266ed,7bcc5eb78500830ceedde8d68580de07c28273f48c6de36e80aac6cbe2cbe53b,classified,R&B,Contemporary R&B,"[""Pop""]","[""K-R&B"", ""Pop Soul""]",sung_led,lead_vocal,"[""electronic"", ""layered"", ""clean""]",moderate,mostly_consistent,"{""family"": ""clear"", ""style"": ""clear""}","[{""at_seconds"": 9.5, ""observation"": ""Female lead vocal enters with a smooth, sweet delivery over a mid-tempo R&B groove and electric piano.""}, {""at_seconds"": 68.0, ""observation"": ""Chorus section with layered vocal harmonies, steady modern R&B rhythm, and subtle synth accents.""}, {""at_seconds"": 136.0, ""observation"": ""Mellow bridge section featuring rhodes piano, finger-snaps, and relaxed vocal phrasing.""}]",False
F012,0xlx3pH8TxNah8hdiINqeA,Shiawase no Monosashi,"[""Pokke""]",NEW_VALIDATED_PROFILE,390.8034583333333,2a0cbd7f7481571d371e49b7283fd128a1cd159ad948b625c0293fbbda26b53d,a6e93c5ee88dae6cdbfa38c7033129f25d24166bf496911aabdb189d407df597,classified,Electronic,Ambient,"[""Modern Classical"", ""Experimental""]","[""Minimalism"", ""Glitch""]",instrumental,beat_or_instrumental,"[""electronic"", ""clean""]",sparse,mostly_consistent,"{""family"": ""clear"", ""style"": ""clear""}","[{""at_seconds"": 16.0, ""observation"": ""High-pitched repeating bell/glockenspiel ostinato plays with minimal ambient space.""}, {""at_seconds"": 125.0, ""observation"": ""Deep electronic bass pulses beneath repetitive metallic percussion loops.""}, {""at_seconds"": 240.0, ""observation"": ""Continuous slowly evolving minimalist percussion patterns with subtle ambient synthesizer swells.""}]",False
F013,1AHtqWqufKsgBmdNEi1WVO,Temporary,"[""Kiri T""]",NEW_VALIDATED_PROFILE,180.00110416666666,a524f43a0b76860051fd6da9c72568ea478fd540839b9b8076abf3e6f9e97b17,1ab155774e9ee433fbf6011bd22db30b8275b9118c97d612c078c806aa75d72f,classified,r&b,contemporary r&b,"[""pop""]","[""neo soul"", ""downtempo pop""]",sung_led,lead_vocal,"[""electronic"", ""clean"", ""layered""]",moderate,contrasting_sections,"{""family"": ""clear"", ""style"": ""clear""}","[{""at_seconds"": 1.5, ""observation"": ""Female lead vocal begins over warm, low-tempo Rhodes-like electric piano chords with a sparse beat.""}, {""at_seconds"": 37.0, ""observation"": ""Chorus enters with a pulsing sub-bass, snare snaps, and layered melodic vocal harmonies.""}, {""at_seconds"": 132.0, ""observation"": ""Second chorus with a tight contemporary R&B drum pattern, syncopated bassline, and lead vocal ad-libs.""}]",False
F014,1CwmoUvvRyhiwqhMfvbB4K,Top Secret,"[""Weeekly""]",NEW_VALIDATED_PROFILE,193.9330625,bfabf8de20eaefccf7d6139273d672485b34b526d0d3ad5d51be1cb385083779,add3195f214f4e398f53d589c676f51f9cf1cd7e32019c256538de01c42a0324,classified,Pop,K-Pop,"[""Electronic""]","[""Dance-Pop"", ""Bubblegum Pop""]",mixed_rap_and_singing,lead_vocal,"[""electronic"", ""clean"", ""layered""]",moderate,contrasting_sections,"{""family"": ""clear"", ""style"": ""clear""}","[{""at_seconds"": 12.0, ""observation"": ""Solo female singing begins over synth brass pads, punchy bassline, and drum beat.""}, {""at_seconds"": 43.0, ""observation"": ""Energetic chorus section arrives with layered vocal hook and bouncy dance-pop groove.""}, {""at_seconds"": 120.0, ""observation"": ""Transition into a rap-influenced rhythmic vocal breakdown before building back to the chorus.""}]",False
F015,1DaXVM8npVKa2AQBrYz4xS,Uncertainty,"[""Chill Select"", ""kretzschクレツ"", ""Milkz""]",NEW_VALIDATED_PROFILE,92.171625,8744747f92ab7b383a4e3b82dc42be5f864af798472cc171253b82633af3a5a1,c304648c0e870da4f88c2a57ed9396b5d27a77be2d1c834742982e7f39d593db,classified,Hip-Hop,Chillhop,"[""Electronic"", ""R&B""]","[""Lo-Fi Hip-Hop"", ""Downtempo""]",vocal_samples_only,beat_or_instrumental,"[""electronic"", ""sample_based"", ""clean""]",sparse,mostly_consistent,"{""family"": ""clear"", ""style"": ""clear""}","[{""at_seconds"": 6.8, ""observation"": ""A slow, laid-back hip-hop beat enters with a clean snare, soft kick drum, and pitched vocal chime effect.""}, {""at_seconds"": 23.5, ""observation"": ""Sub-bass pulse and muted guitar/synth arpeggio continue beneath chopped vocal textures.""}, {""at_seconds"": 58.2, ""observation"": ""A sparse, downtempo groove persists with repetitive atmospheric vocal-like synth hooks.""}]",False
F016,1IIcy1TpuiAT6S206OjYvC,DOWNPOUR (feat. Gliiico),"[""CHAEYOUNG"", ""Gliiico""]",NEW_VALIDATED_PROFILE,109.12191666666666,b94233fdcabb6188bdd47502c897fe073fb096f511665de61ee9909a5673e64e,70f6c4c70a7ff98740d6f59308d1bb274a3e81d12bed252d58355ba7047a7011,classified,Hip Hop,Trap,"[""R&B"", ""Electronic""]","[""Trap Soul"", ""Alternative R&B""]",sung_led,lead_vocal,"[""electronic"", ""clean"", ""layered""]",sparse,mostly_consistent,"{""family"": ""clear"", ""style"": ""clear""}","[{""at_seconds"": 1.2, ""observation"": ""Sparse percussive beat with electronic snares and deep 808 bass begins the track.""}, {""at_seconds"": 8.5, ""observation"": ""Processed female singing vocal enters over a minimal trap beat and subtle ambient synth pads.""}, {""at_seconds"": 40.0, ""observation"": ""Repetitive hook phrase with layered, pitch-shifted vocal chops and deep sub-bass.""}]",False
F017,1ON9XudZFxwu43tQXBszIX,boys dont cry,"[""sysmint""]",REUSED_EXACT_PRIOR_PROFILE,121.69579166666666,91747896537a183bb6aac8dbb486963677a8ac7d5f39c412edb77f9ffaa1d3dc,4e0a03eb23c052ac265528b075ef0988ebdc5d7262374f16ef0e97baa0dd7f15,classified,Hip Hop,Trap,"[""Pop"", ""R&B""]","[""Emo Rap"", ""Melodic Rap""]",mixed_rap_and_singing,lead_vocal,"[""electronic"", ""layered"", ""sample_based""]",moderate,mostly_consistent,"{""family"": ""clear"", ""style"": ""clear""}","[{""at_seconds"": 12.5, ""observation"": ""Spoken-word-style rap vocal enters over a minimal trap-influenced beat featuring 808 sub-bass and hi-hats.""}, {""at_seconds"": 25.0, ""observation"": ""High-pitched auto-tuned melodic chorus vocal hook enters with layered backing.""}, {""at_seconds"": 96.0, ""observation"": ""Bridge section featuring pitched vocal samples, ambient synths, and emotional sung-melodic rap delivery.""}]",False
F018,1U90UBmMrQTx9GNweUA4LZ,Hit the Wall,"[""Gracie Abrams""]",NEW_VALIDATED_PROFILE,196.33633333333333,00bf205b915fa9e901452388fd68afe74c47467151c2069bec1d66918cf88bb9,98bca35b735df116c7a7326763fb8c9827b7102e882f01eba48b2728892f6271,classified,Pop,Indie Pop,"[""Folk & Acoustic Pop"", ""Electronic""]","[""Bedroom Pop"", ""Alt-Pop""]",sung_led,lead_vocal,"[""electronic"", ""acoustic"", ""clean""]",moderate,mostly_consistent,"{""family"": ""clear"", ""style"": ""clear""}","[{""at_seconds"": 9.5, ""observation"": ""Intimate female lead vocals enter over a sparse, reverberant plucked guitar figure.""}, {""at_seconds"": 41.0, ""observation"": ""The arrangement expands with a sub-bass kick pulse and vocal harmonies entering on the hook.""}, {""at_seconds"": 121.0, ""observation"": ""Subtle atmospheric synths and layered backing vocals support the emotive, breathy verse delivery.""}]",False
F019,1VAtYkKvDenA1KypImlZIY,Shoulder,"[""Galdive""]",NEW_VALIDATED_PROFILE,226.84735416666666,ff5d2217a543764406f19ad9231cdb47a44e96f4add7fe53f47f6bbc251583b3,2b1ad050dd41fecfc2964fbba8b220cabda9b9a5917aa1e05f91b523de55572c,classified,electronic,ambient pop,"[""pop"", ""experimental""]","[""deconstructed club"", ""art pop""]",sung_led,lead_vocal,"[""electronic"", ""hazy"", ""layered""]",sparse,contrasting_sections,"{""family"": ""clear"", ""style"": ""clear""}","[{""at_seconds"": 6.8, ""observation"": ""Intimate female lead vocals enter with minimal ambient synthesizer drones and a deep sub bass drop.""}, {""at_seconds"": 96.0, ""observation"": ""Subtle synthesized vocal ad-libs join with shimmering high-register pads and low drone.""}, {""at_seconds"": 157.0, ""observation"": ""Aggressive, glitchy industrial percussion and heavy distorted synth beats abruptly break into the sparse texture.""}]",False
F020,1Y6Ra2erZ6Mru0JOcJBSzK,门没锁,"[""我是土豆""]",NEW_VALIDATED_PROFILE,195.152125,3d3e7dd76d6005c127a1ce5f89cbd053a160c620c4c3e58114f808607b9c9b79,c79f06cd743b8c1419f27e4493ace6bba7042550fe9ada73fbe7b90a076086fa,classified,Asian Pop,Mandopop,"[""Jazz"", ""Easy Listening""]","[""Vocal Jazz"", ""Bossa Nova""]",sung_led,lead_vocal,"[""acoustic"", ""clean""]",sparse,mostly_consistent,"{""family"": ""clear"", ""style"": ""clear""}","[{""at_seconds"": 3.7, ""observation"": ""Solo female vocal enters accompanied by minimal acoustic bass pizzicato and finger snaps.""}, {""at_seconds"": 28.0, ""observation"": ""Sparse jazz/bossa-influenced rhythm continues with light acoustic bass and percussion.""}, {""at_seconds"": 111.8, ""observation"": ""Vocal melody repeats over ongoing minimal rhythm section of upright bass and soft brushed percussion.""}]",False
F021,1ZhrRS2xY1ZoD2QJ9aZQxX,too afraid,"[""hateful""]",NEW_VALIDATED_PROFILE,148.201375,d3306f9295223ace2a53f556b3eed27710917b8f5e79e3b683006b0e611e4e93,ca6f6581a0780c464eccbe1adcf7f294f7a0a6084105f27295c872c63d1ac1c6,classified,Pop,Bedroom Pop,"[""Folk"", ""Indie""]","[""Indie Pop"", ""Indie Folk""]",sung_led,lead_vocal,"[""acoustic"", ""hazy"", ""electronic""]",sparse,mostly_consistent,"{""family"": ""clear"", ""style"": ""clear""}","[{""at_seconds"": 19.8, ""observation"": ""A sparse acoustic guitar picking pattern enters underneath pitched-down low male vocals.""}, {""at_seconds"": 52.0, ""observation"": ""Subtle bass and sustained ambient synths join the low-pitched lead vocal and acoustic guitar.""}, {""at_seconds"": 139.0, ""observation"": ""The chorus returns with deep vocal harmonies, warm ambient synth pads, and delicate guitar strums.""}]",False
F022,1aKvZDoLGkNMxoRYgkckZG,Magnetic,"[""ILLIT""]",NEW_VALIDATED_PROFILE,160.67047916666667,0f47592ef2e476b636cc73c7b97003370717526444f68c1b6da4b46e24537d7a,04888fb8953d034154231d42848db9afb1bf11eddf655aae52650b23415054e4,classified,Pop,K-Pop,"[""Electronic""]","[""Synthpop"", ""Dance-Pop""]",sung_led,lead_vocal,"[""electronic"", ""sample_based"", ""clean""]",moderate,contrasting_sections,"{""family"": ""clear"", ""style"": ""clear""}","[{""at_seconds"": 37.0, ""observation"": ""Bright electronic synth-pop hook kicks in with distinct vocal chopping effects, bubbling synth arpeggios, and crisp electronic percussion.""}, {""at_seconds"": 55.0, ""observation"": ""High-pitched repetitive vocal sample rhythmically interlocks with the synth bassline.""}, {""at_seconds"": 110.0, ""observation"": ""Verse features stripped-back bouncy bassline, soft synth keys, and melodic female lead vocals sung in Korean and English.""}]",False
F023,1kuGVB7EU95pJObxwvfwKS,vampire,"[""Olivia Rodrigo""]",NEW_VALIDATED_PROFILE,219.81170833333334,7382563092e9375f2933285a5b2299246ae8b4702889447298f55f530dd33426,ca8f6cbf9b5c6f3274aacca579ec9039e43d99949fed25ceecb3ec21cd4aa10a,classified,Pop,Pop Rock,"[""Rock""]","[""Piano Pop""]",sung_led,lead_vocal,"[""acoustic"", ""layered"", ""clean""]",varies,contrasting_sections,"{""family"": ""clear"", ""style"": ""clear""}","[{""at_seconds"": 15.0, ""observation"": ""Sparse intro featuring dry, close-mic'd lead vocals over an acoustic piano chord progression.""}, {""at_seconds"": 71.0, ""observation"": ""Explosive transition into a driving pop-rock chorus with full kit drums, electric bass, and intense belting vocals.""}, {""at_seconds"": 178.0, ""observation"": ""Arrangement drops back down to solo piano before rebuilding dynamic tension into the final crescendo.""}]",False
F024,23V5SeHanwL6PlqyJ99dH8,"No I Don't Want, Just Anyone","[""Unclenathannn"", ""Shiloh Dynasty""]",NEW_VALIDATED_PROFILE,123.95210416666667,e34ca34f1ab3592114a7367701b3ce0b794b9732ef9432f7f1eb30f03a4433da,27bbe43a2be57206fd48dc433294448e9521dd69ef4f4b054bde19e4de2cc18e,classified,Hip Hop,Trap,"[""Electronic""]","[""Phonk"", ""Cloud Rap""]",vocal_samples_only,beat_or_instrumental,"[""sample_based"", ""electronic"", ""hazy""]",sparse,mostly_consistent,"{""family"": ""clear"", ""style"": ""clear""}","[{""at_seconds"": 1.5, ""observation"": ""Repetitive pitched-down, reverb-drenched vocal chops loop over subtle synth pad.""}, {""at_seconds"": 14.8, ""observation"": ""Minimal, rolling trap beat enters with crisp snares, fast hi-hat patterns, and low 808 sub-bass.""}, {""at_seconds"": 58.5, ""observation"": ""Beat continues with slight hi-hat variation beneath a continuously repeating hypnotic vocal phrase.""}]",False
F025,2Ah7oAy4esXD8pEEhY0hyR,Soft Static Sky on Early Mornings,"[""City Girl""]",NEW_VALIDATED_PROFILE,170.47466666666668,e30c54c310af74e4d686f9850f1765d9b484e8aef91867a00f2ee4771abbd81e,bf9e864b8a8247152f5dacce5bfa692add30080783057be6c20ced483b7cbad3,classified,Hip-Hop,Lo-Fi Beats,"[""Downtempo"", ""R&B""]","[""Chillhop"", ""Neo-Soul""]",instrumental,beat_or_instrumental,"[""clean"", ""hazy"", ""electronic""]",sparse,mostly_consistent,"{""family"": ""clear"", ""style"": ""clear""}","[{""at_seconds"": 1.5, ""observation"": ""A resonant electric piano plays a slow, sustained minor chord progression with prominent vinyl crackle noise in the background.""}, {""at_seconds"": 17.8, ""observation"": ""A low-tempo boom-bap hip-hop drum beat enters with a soft, warm kick, delayed rimshot/snare, and steady hi-hat pattern.""}, {""at_seconds"": 78.4, ""observation"": ""Sparse, warm synth bass notes underpin the lo-fi Rhodes piano chords and relaxed drum groove.""}]",False
F026,2BFAfMIblG0RZeAvlmLC81,You Are Enough,"["".Uzu"", ""Clavita""]",NEW_VALIDATED_PROFILE,192.0058125,2ea93b27fb9e57e9080a2310e55baa2339fea647f67184faeb8d3a64e40dcb61,4ac719c40b686c8cd8931b68d883e4e1ddfda8f7906ccb6b3e8d8232711870ac,classified,r&b,contemporary r&b,"[""electronic"", ""pop""]","[""ambient pop"", ""downtempo""]",sung_led,lead_vocal,"[""electronic"", ""clean"", ""hazy""]",sparse,mostly_consistent,"{""family"": ""clear"", ""style"": ""clear""}","[{""at_seconds"": 23.5, ""observation"": ""Downtempo R&B-infused beat enters with crisp snaps, subtle percussion, and intimate solo lead vocals.""}, {""at_seconds"": 69.2, ""observation"": ""Ambient, floating synth pads and warm sub-bass swell beneath emotive, layered vocal lines.""}, {""at_seconds"": 156.0, ""observation"": ""Minimalist chord progressions on Rhodes/soft keys accompanied by subdued, spaced-out beats and delicate vocal delivery.""}]",False
F027,2BJSMvOGABRxokHKB0OI8i,Shoota (feat. Lil Uzi Vert),"[""Playboi Carti"", ""Lil Uzi Vert""]",REUSED_EXACT_PRIOR_PROFILE,153.89025,64d70d7d17e4d612534812ee479069e3d5da4c2a076a9eead69679f62b505d2c,b067108b50bf1f26b497e898693bfeb58c9908212b4bab8a413599a4110ab9e3,classified,hip hop,trap,[],"[""plugg""]",rap_led,lead_vocal,"[""electronic"", ""clean""]",sparse,mostly_consistent,"{""family"": ""clear"", ""style"": ""clear""}","[{""at_seconds"": 18.9, ""observation"": ""Trap drums drop with crisp hi-hat rolls, snapping snare, and a deep 808 sub bass alongside rap vocals.""}, {""at_seconds"": 51.2, ""observation"": ""Melodic rap delivery over a minimal synth bell/piano melody and subtle 808 percussion.""}, {""at_seconds"": 110.5, ""observation"": ""Different verse section enters with rhythmic, percussive ad-libs, low bassline, and syncopated snare hits.""}]",False
F028,2Vu2hkPW7LxMHPqoMjSIEJ,My Gamecube Broke.,"["".Uzu""]",REUSED_EXACT_PRIOR_PROFILE,170.83439583333333,1538821f0c3f325c0c8e7e1f200bc02d3c96f08e624804bb50dbfeb82a161cc9,b8c069a2cf281c3625e4fb9fc036b991684ca019c9eb9fe73a37a66424ad32bb,classified,Electronic,Drum and Bass,"[""Bass Music""]","[""Neurofunk"", ""Dubstep""]",vocal_samples_only,beat_or_instrumental,"[""electronic"", ""distorted"", ""layered""]",moderate,contrasting_sections,"{""family"": ""clear"", ""style"": ""clear""}","[{""at_seconds"": 16.5, ""observation"": ""Orchestral strings enter with an ascending dramatic build, accompanied by digital tick beats.""}, {""at_seconds"": 32.2, ""observation"": ""Main instrumental drop features aggressive distorted reese bass, rolling breakbeats, and synth arpeggios.""}, {""at_seconds"": 108.7, ""observation"": ""Half-time breakdown section introduces sub-bass wobbles and processed melodic vocal chops.""}]",False
F029,2X71ww8wImSYbw4s0Mr2ur,Dear My All,"[""Mingginyu""]",NEW_VALIDATED_PROFILE,161.25,ab461cd211d55edf6ced78230e4df1b3645ab552f8c1613caaf38309a2a9cfde,7c55e23c619edba2ff0b795036e223038a2732d2ebf04325142384308b432fa8,classified,Pop,Korean Ballad,"[""Folk""]","[""Acoustic Pop""]",sung_led,lead_vocal,"[""acoustic"", ""clean""]",sparse,mostly_consistent,"{""family"": ""clear"", ""style"": ""clear""}","[{""at_seconds"": 0.0, ""observation"": ""Intro with solo female vocal singing in Korean with acoustic guitar accompaniment.""}, {""at_seconds"": 44.0, ""observation"": ""Chorus section with continuous fingerpicked acoustic guitar and emotional, breathy lead singing.""}, {""at_seconds"": 133.0, ""observation"": ""Second verse maintains the intimate, minimalist acoustic singer-songwriter arrangement.""}]",False
F030,2Y4iTaIAamhYPyZcOdfL3g,11:11,"[""TAEYEON""]",NEW_VALIDATED_PROFILE,222.5284375,2ebcead92066a00e719a2c9f66817094accd614a3fb21efb5319625b36ba4e6f,76658c21a51d4e3cb8100ac608bd279907d37901268df81757bb217ab525dd9f,classified,Pop,K-Pop Ballad,"[""Folk & Acoustic""]","[""Acoustic Pop""]",sung_led,lead_vocal,"[""acoustic"", ""clean"", ""layered""]",sparse,mostly_consistent,"{""family"": ""clear"", ""style"": ""clear""}","[{""at_seconds"": 0.0, ""observation"": ""Intimate acoustic guitar fingerpicking and tapping rhythmic elements set a minimal, gentle groove.""}, {""at_seconds"": 47.5, ""observation"": ""Chorus section with layered vocal harmonies and subtle low-end bass support alongside ongoing acoustic guitar.""}, {""at_seconds"": 107.0, ""observation"": ""Catchy, melodic 'na na na' vocal hook layered with warm backing vocals and acoustic instrumentation.""}]",False
F031,2YO6ZDPdQFkrOa6YYceEN4,It'll Be Ok,"[""Yoandri""]",NEW_VALIDATED_PROFILE,154.00533333333334,01e1c3468573690f9352b5b77c578550362fd95de2ec1802d6f0bc6f11f4aae6,9c6e39dad0f023121fe33261836d48e4c803cb24e87e5d07d7e4839f881c4918,classified,rnb,contemporary_rnb,"[""pop""]","[""neo_soul"", ""pop_soul""]",sung_led,lead_vocal,"[""clean"", ""electronic"", ""layered""]",sparse,mostly_consistent,"{""family"": ""clear"", ""style"": ""clear""}","[{""at_seconds"": 1.5, ""observation"": ""Male lead vocal enters over electric piano chords with minimal rhythmic accompaniment.""}, {""at_seconds"": 31.0, ""observation"": ""The chorus begins with low bass notes and subtle hi-hat/clap elements supporting the vocal melody.""}, {""at_seconds"": 91.0, ""observation"": ""Vocal harmonies and ad-libs layer softly behind the main lead, maintaining an intimate, downtempo feel.""}]",False
F032,2aiVdNIqY5BDCM10fKlKpS,Daydreaming,"[""Chevy"", ""City Girl""]",NEW_VALIDATED_PROFILE,113.06666666666666,2c460e3fa843a817c753929de18357a9f07002bd3d7f2983f168259bcc5c74f1,22b46ca53b37651380f24e6b072478d0ff893ff20ada74ae63d40ab5cdbc903a,classified,R&B,Contemporary R&B,"[""Pop""]","[""Alt-R&B""]",sung_led,lead_vocal,"[""electronic"", ""hazy"", ""layered""]",sparse,mostly_consistent,"{""family"": ""clear"", ""style"": ""clear""}","[{""at_seconds"": 12.0, ""observation"": ""A solo female lead vocal enters singing a gentle R&B-pop melody over sparse, echoing synthesized keys.""}, {""at_seconds"": 53.0, ""observation"": ""Subdued electronic percussion and vocal harmonies enter, creating a relaxed, atmospheric contemporary R&B ballad groove.""}, {""at_seconds"": 92.0, ""observation"": ""The vocal cadence takes on subtle contemporary R&B phrasing while the backdrop remains ambient and spacious.""}]",False
F033,2g0LdZQce9xlcHb1mBJyuz,strawberry moon,"[""IU""]",NEW_VALIDATED_PROFILE,219.89297916666666,d5ccb25cc4181d21b0f819f94093da56f105926cdaaf010b4e50b10d4b2d50f5,540eac9e97cf6f3664b8cd0af5acfd335db6a2ee128dd66bdca24640cf745c25,classified,Pop,K-Pop,"[""R&B/Soul""]","[""Acoustic Pop""]",sung_led,lead_vocal,"[""acoustic"", ""clean"", ""layered""]",moderate,contrasting_sections,"{""family"": ""clear"", ""style"": ""clear""}","[{""at_seconds"": 6.7, ""observation"": ""Bright acoustic guitar arpeggiation sets the tempo and mood before drums enter.""}, {""at_seconds"": 17.5, ""observation"": ""Female lead vocal enters in Korean over a steady mid-tempo pop rhythm section.""}, {""at_seconds"": 62.0, ""observation"": ""Full chorus opens up with layered vocal harmonies, bassline, and upbeat drum groove.""}]",False
F034,2js0td9w2MzNUVPlMKYOEs,risk,"[""lace""]",REUSED_EXACT_PRIOR_PROFILE,246.83972916666667,bba8b574a337d64406cdd5b12c751f0a37a7c1debd2a75b8ca966443fb69ccad,88f32c9e76fa86dcb4dac40e485d9e1961c8a0719a6bbc6ca98bc39515a538f2,classified,Electronic,Trip Hop,"[""Pop"", ""Downtempo""]","[""Downtempo"", ""Dream Pop""]",sung_led,lead_vocal,"[""electronic"", ""hazy"", ""layered""]",moderate,mostly_consistent,"{""family"": ""clear"", ""style"": ""clear""}","[{""at_seconds"": 18.2, ""observation"": ""Airy, breathy female vocal enters over a sparse kick pulse and ambient synth pads.""}, {""at_seconds"": 105.0, ""observation"": ""Vocals expand with lush harmonies, swelling pads, and subtle electronic percussion.""}, {""at_seconds"": 30.5, ""observation"": ""Syncopated sub bass and layered vocal ad-libs introduce a prominent trip hop / chillout groove.""}]",False
F035,2sXQnT404FrXeSEZkJXfKM,Fall in love with you in every 4AM.,"[""Friday Night Plans""]",NEW_VALIDATED_PROFILE,176.36266666666666,b9ca3667689125d953b2a607e2e8011d26ddacd7a5e667cb37c3c334e619ecd9,cccbb9cc4d79c9cd71fbd54be20cbc286b327eb0b656edfae6a248a3237dd700,classified,R&B,Contemporary R&B,"[""Electronic"", ""Pop""]","[""Alt-R&B""]",sung_led,lead_vocal,"[""electronic"", ""clean""]",sparse,mostly_consistent,"{""family"": ""clear"", ""style"": ""clear""}","[{""at_seconds"": 3.42, ""observation"": ""Vocal enters over minimal electric piano chords and subtle sub-bass pulses with sparse percussive snaps.""}, {""at_seconds"": 37.15, ""observation"": ""Full groove introduces a relaxed, slow tempo trap-influenced beat beneath smooth R&B vocal melodies.""}, {""at_seconds"": 111.45, ""observation"": ""Dynamic drop leading into an intimate verse highlighting the lead vocal and filtered keyboard accompaniment.""}]",False
F036,2yQY2IzeQtUKanVo78Fg23,Pray,"[""City Girl"", ""tiffi""]",NEW_VALIDATED_PROFILE,317.318875,af01d949544541d1ea1b8d97663db7c8a9566b2dba323ebf4f49652e54a56ff8,b4bacb4a1e7a17f6127c6c2e530f7f977b3952bf9316d5a9279561c6f2b4d748,classified,Electronic,Hard Techno,"[""Dance""]","[""Schranz"", ""Industrial Techno""]",sung_led,beat_or_instrumental,"[""electronic"", ""distorted"", ""layered""]",dense,contrasting_sections,"{""family"": ""clear"", ""style"": ""clear""}","[{""at_seconds"": 23.5, ""observation"": ""Vocal refrain over swelling synth pad and low atmospheric rumble""}, {""at_seconds"": 63.8, ""observation"": ""Sudden drop into a heavy, distorted 4-on-the-floor kick with resonant synth bass""}, {""at_seconds"": 159.0, ""observation"": ""Distorted kick pattern continues with repetitive vocal hook layered over rolling hi-hats""}]",False
F037,30NAF18yQGvwKrbn1IEMKn,Fresh Air,"[""Maasho"", ""Weston Estate""]",NEW_VALIDATED_PROFILE,210.47729166666667,d14004d7984596894978736077e5666fc014f123d7bbf4565b141582dd0a83d1,6c0792a994f6eb7896a6a8e4d84caad39716a515dc26ce8c779e4d3c55959cc7,classified,Hip-Hop,Trap R&B,"[""R&B"", ""Pop""]","[""Melodic Trap"", ""Contemporary R&B""]",mixed_rap_and_singing,lead_vocal,"[""electronic"", ""clean"", ""layered""]",moderate,mostly_consistent,"{""family"": ""clear"", ""style"": ""clear""}","[{""at_seconds"": 15.0, ""observation"": ""Main groove enters with trap beat, 808 bass, acoustic guitar arpeggios, and melodic R&B vocals.""}, {""at_seconds"": 113.0, ""observation"": ""Vocalist sings verse melodies over a minimalist guitar and trap rhythm section.""}, {""at_seconds"": 202.0, ""observation"": ""A guest vocalist delivers an auto-tuned melodic rap verse over the guitar trap groove.""}]",False
F038,340yvMO5adu3bo1x5Zrw14,You Might (Feat. SHIRT),"[""g0nny"", ""SHIRT""]",NEW_VALIDATED_PROFILE,187.18766666666667,3d328fc7289a162b5179b9c7169df16eae3f04255d56b3c875dbec1699e8c705,a8c52bd5e931b95c5628334f8337d90b5a8c78962607f5351dcfeeeaf1def1a1,classified,Pop,K-Pop,"[""R&B""]","[""Contemporary R&B""]",sung_led,lead_vocal,"[""clean"", ""electronic"", ""layered""]",moderate,mostly_consistent,"{""family"": ""clear"", ""style"": ""clear""}","[{""at_seconds"": 12.5, ""observation"": ""Female lead vocal enters over light melodic keyboard accompaniment and a soft downbeat.""}, {""at_seconds"": 70.2, ""observation"": ""Male vocals take over the verse with a rhythmic, melodic delivery over a syncopated mid-tempo beat.""}, {""at_seconds"": 127.8, ""observation"": ""Both vocalists trade lines into a lush chorus hook featuring warm synth bass and percussion.""}]",False
F039,37BvHZhn4399Zhh6EDa4km,Ever2Late!,"[""KiiiKiii""]",NEW_VALIDATED_PROFILE,152.5899375,043e2ffe32eac0eb5b083da9d7965d9a30f19a93039845546193779b186afc77,1cacb77b3b0a781035c450c2f4dc218a72f245ba890221e0af23dc03a36db03b,classified,pop,k-pop,"[""electronic / dance""]","[""dance-pop"", ""afro-house""]",sung_led,balanced,"[""electronic"", ""layered"", ""clean""]",moderate,contrasting_sections,"{""family"": ""clear"", ""style"": ""clear""}","[{""at_seconds"": 0.0, ""observation"": ""Polyrhythmic hand percussion and pitched vocal chant loop begin the track.""}, {""at_seconds"": 26.6, ""observation"": ""Transition into an energetic dance-pop beat with bright synths and layered vocal hooks.""}, {""at_seconds"": 126.8, ""observation"": ""Vocal refrain in Korean over four-on-the-floor kick, synth stabs, and upbeat groove.""}]",False
F040,39kzWAiVPpycdMpr745oPj,You Never Know,"[""BLACKPINK""]",NEW_VALIDATED_PROFILE,229.20160416666667,c17f16fa88eb69a603b4f42724b720007089f5e94e9594728fdb2cb230ead534,1eab42cedf3d3f45d16f7a0845ebfe93835ba12341d497d31e1455d212ac9d36,classified,Pop,K-Pop,"[""Electronic"", ""Hip-Hop""]","[""Dance-Pop"", ""Contemporary R&B""]",sung_led,lead_vocal,"[""electronic"", ""clean"", ""layered""]",dense,contrasting_sections,"{""family"": ""clear"", ""style"": ""clear""}","[{""at_seconds"": 15.0, ""observation"": ""Mellow verse with trap hi-hats, sub bass, and rhythmic female Korean/English pop vocals.""}, {""at_seconds"": 53.0, ""observation"": ""Energetic chorus drop featuring heavy bass, upbeat synth rhythms, and layered female vocals.""}, {""at_seconds"": 24.0, ""observation"": ""Melodic pre-chorus building tension over atmospheric pads and subtle percussion.""}]",False
F041,3F5HhdyBfvCbzuPJbGBHkc,2080,"[""chicken97""]",NEW_VALIDATED_PROFILE,220.90666666666667,547ea3162f7d222d65897b5095f596d543f482e4296f86d1dbc9ae39f7b66f78,14ad6a276be73503ab014e90877d2dbfcb96508010936d0d518206e686dd867f,classified,Pop,K-Pop,"[""Electronic"", ""R&B""]","[""Synthpop"", ""Ballad""]",sung_led,lead_vocal,"[""clean"", ""electronic"", ""layered""]",moderate,contrasting_sections,"{""family"": ""clear"", ""style"": ""clear""}","[{""at_seconds"": 12.0, ""observation"": ""Sparse intro with music box synth glockenspiel melody and solitary soft female Korean vocals.""}, {""at_seconds"": 65.0, ""observation"": ""Dynamic chorus bloom with lush synth pads, punchy pop drum programming, and expansive vocal harmonizations.""}, {""at_seconds"": 175.0, ""observation"": ""Bridge section with emotional solo vocal delivery over gentle keyboard backing before building back into the chorus.""}]",False
F042,3INETdToKVgt2vfp1wYBFw,bamsopoong,"[""ILLIT""]",NEW_VALIDATED_PROFILE,141.312,7d413ad1df6dc09bd9ab0fed0fa7102c4b6ac77b0a4240d9719a37c41b9b4f5c,7fb8683ca2a4b8f1019d62ff970bb1e27e99d879edfba7e77521c44e086d15ce,classified,pop,k-pop,"[""electronic"", ""dance""]","[""dance-pop"", ""electropop""]",sung_led,lead_vocal,"[""electronic"", ""layered"", ""clean""]",moderate,contrasting_sections,"{""family"": ""clear"", ""style"": ""clear""}","[{""at_seconds"": 0.0, ""observation"": ""Upbeat synth arpeggio, bass synth, and acoustic drum beat intro establishing the groove.""}, {""at_seconds"": 13.9, ""observation"": ""Korean female lead vocals enter over electro-pop synth bassline and bright keyboard accents.""}, {""at_seconds"": 36.1, ""observation"": ""Full dance-pop chorus with layered backing vocals, four-on-the-floor beat, and pulsing synth bass.""}]",False
F043,3JxRNkoNmAcPgnA5HSnKiz,Make the Move (feat. pH-1),"[""SOOVI"", ""pH-1""]",NEW_VALIDATED_PROFILE,177.344,7dbe0ddf8df95887615ce290f9bce441b040c71b8abd99ae4415ebdcd617fde8,27c807bb857b6703a5d7ea05a6791aeed07d5a9f9ffd42ebe6d3fb51bb7618dc,classified,Pop,K-Pop,"[""R&B"", ""Hip-Hop""]","[""Contemporary R&B"", ""Pop Rap""]",mixed_rap_and_singing,lead_vocal,"[""electronic"", ""clean"", ""layered""]",moderate,contrasting_sections,"{""family"": ""clear"", ""style"": ""clear""}","[{""at_seconds"": 15.0, ""observation"": ""Female vocal enters over a soft, syncopated electronic beat with subtle keys and bass.""}, {""at_seconds"": 32.0, ""observation"": ""Chorus features sweet, melodic pop vocals with smooth electronic production and layered backing harmonies.""}, {""at_seconds"": 96.0, ""observation"": ""A male guest feature enters, delivering rhythmic Korean and English rap vocals over the beat.""}]",False
F044,3X45Wd5yRNoe2twmyc5CvO,SATELLITE,"[""City Girl"", ""Kelsey Kuan""]",NEW_VALIDATED_PROFILE,152.03266666666667,a092dcb5529fbe25802b180db611db2268e4e395c2803ca09e9f4db3a7daa339,1183829fc299a45b5e4735b61f3775881431aa3ddcbbd6dd9142a8f27dbd3cc3,classified,Pop,Contemporary R&B,"[""Hip-Hop""]","[""Trap Soul"", ""Alt-Pop""]",sung_led,lead_vocal,"[""electronic"", ""acoustic"", ""layered""]",moderate,contrasting_sections,"{""family"": ""clear"", ""style"": ""clear""}","[{""at_seconds"": 11.2, ""observation"": ""Acoustic guitar arpeggios accompany a breathy, intimate female lead vocal introducing the main melodic theme.""}, {""at_seconds"": 29.8, ""observation"": ""Trap-style hi-hat rolls, programmed kicks, and deep sub-bass drop in under rhythmic vocal delivery.""}, {""at_seconds"": 70.3, ""observation"": ""Reverberant backing harmonies layer with the lead vocal over atmospheric guitar and a half-time beat.""}]",False
F045,3aFh82SrVntBmW9Lx0Gb7W,1-4-3,"[""Nana Ou-Yang""]",NEW_VALIDATED_PROFILE,256.8106666666667,916c661acbc75ccca88dd4145758082c2ed8eea3d0781a0316ca64e6c56baa00,90b2e3c1003db2e583ea829a610e86240ed6d29ee7a94cabc9c1032fa8f6e47f,classified,R&B,Contemporary R&B,"[""Pop""]","[""Alt-Pop""]",sung_led,lead_vocal,"[""acoustic"", ""electronic"", ""clean""]",sparse,mostly_consistent,"{""family"": ""clear"", ""style"": ""clear""}","[{""at_seconds"": 21.0, ""observation"": ""Intimate, breathy female vocal enters over a simple looping acoustic piano progression.""}, {""at_seconds"": 101.5, ""observation"": ""Subtle bass pulse, soft electronic kick, and ambient pad textures join beneath the emotional lead vocal.""}, {""at_seconds"": 244.0, ""observation"": ""Minimal piano and sparse bassline accompany vocal lines with atmospheric reverb.""}]",False
F046,3azJifCSqg9fRij2yKIbWz,The Color Violet,"[""Tory Lanez""]",NEW_VALIDATED_PROFILE,226.48745833333334,1010a1cc66a80d5691904ff6347ae4a0c5595baf5cec98c114fd44a6bd718fda,766a72d525785f72040087293ef7245ac144fbde3ebbb99130d301d72df42c60,classified,Electronic / Dance,Dance-Pop,"[""Hip Hop / Rap""]","[""Pop Rap""]",mixed_rap_and_singing,lead_vocal,"[""electronic"", ""clean"", ""layered""]",sparse,mostly_consistent,"{""family"": ""clear"", ""style"": ""clear""}","[{""at_seconds"": 18.9, ""observation"": ""Female lead vocal enters with auto-tuned, syncopated delivery over a minimalist four-on-the-floor kick pattern and hi-hats.""}, {""at_seconds"": 55.4, ""observation"": ""Chorus hook featuring catchy sung-melodic lines over simple electronic club beats and synth bass.""}, {""at_seconds"": 218.6, ""observation"": ""Spoken-melodic verse lines deliver personal narrative with sparse electronic club percussion accompaniment.""}]",False
F047,3fzeNQfannmBQWGecQZ93s,慢冷,"[""Ren Ran""]",NEW_VALIDATED_PROFILE,276.3587083333333,5bbc4243ba172f0f20c913d72347c46c02ddcc5ef7c1cc11e56e5369eb06be18,707f1efdafbac460b271f92220d93d375b2d17b8c7b39cd6b7d5e65808d894ad,classified,Pop,Mandopop,"[""Ambient""]","[""Piano Pop""]",sung_led,lead_vocal,"[""acoustic"", ""clean"", ""electronic""]",sparse,mostly_consistent,"{""family"": ""clear"", ""style"": ""clear""}","[{""at_seconds"": 25.8, ""observation"": ""Solo acoustic piano and tender female lead vocal begin the first verse""}, {""at_seconds"": 71.5, ""observation"": ""Subtle low bass synth enters as lead vocal sustains slow lyrical pacing""}, {""at_seconds"": 133.0, ""observation"": ""Lush chorus layers soft harmony vocals and synth pads over continuing minimalist piano""}]",False
F048,3uOeutrLztSX6lU0b0et3B,MOON,"[""i-dle""]",NEW_VALIDATED_PROFILE,200.4,8971b67b6939a05bf15e227d91eb313a3ae72fded2d74f4b3149ddf80841ae22,ca9bca88786e7609dc91c02163f4566edda58e7272195b5d09a4ae3a5fba6eea,classified,electronic,k-pop,"[""pop""]","[""dance-pop"", ""electropop""]",sung_led,lead_vocal,"[""electronic"", ""clean"", ""layered""]",dense,contrasting_sections,"{""family"": ""clear"", ""style"": ""clear""}","[{""at_seconds"": 39.5, ""observation"": ""Upbeat electropop chorus enters with four-on-the-floor kick, synth bass, and layered female pop vocals.""}, {""at_seconds"": 121.0, ""observation"": ""Synthesizer arpeggios and filtered synth sweeps drive the pre-chorus dynamic build.""}, {""at_seconds"": 160.0, ""observation"": ""Vocal harmonies and ad-libs soar over a pumping electronic dance-pop beat during the climax.""}]",False
F049,3vC63Nh3rSREo7qDHgnx8I,DANCING ALONE,"[""KiiiKiii""]",NEW_VALIDATED_PROFILE,216.29389583333332,46cd0a02620b187caaf4081acd882b1f94e46f5f3e44d9fc072b9f23dec5cac1,7f416e17bb4f9c86a9abe7fd95399629012c5586146fdf8dea39abcee0f850ef,classified,Pop,K-Pop,"[""Electronic / Dance""]","[""Dance-Pop""]",sung_led,lead_vocal,"[""electronic"", ""clean"", ""layered""]",moderate,contrasting_sections,"{""family"": ""clear"", ""style"": ""clear""}","[{""at_seconds"": 15.6, ""observation"": ""Percussive 808-style beat enters beneath sung female vocals with bright pop production.""}, {""at_seconds"": 50.8, ""observation"": ""Upbeat dance-pop chorus drops with synthetic bassline, four-on-the-floor beat, and bright synth chords.""}, {""at_seconds"": 125.7, ""observation"": ""Melodic pre-chorus vocal hook leading into another high-energy dance-pop chorus drop.""}]",False
F050,40TJl2hLf6Sr7K1a2SkkVA,Tell Me,"[""hyejin""]",NEW_VALIDATED_PROFILE,153.50652083333333,225953b43943581a9914e3c68c94c7f1bde1a8c8c668c3d94c7edf5c959ed7bc,0059753a3c65046a6daa11f8db877cb8e935260aa2bba95196019ee7a286c885,classified,R&B/Soul,Contemporary R&B,"[""Pop"", ""Folk/Americana""]","[""K-Indie"", ""Acoustic Pop""]",sung_led,lead_vocal,"[""acoustic"", ""clean""]",sparse,mostly_consistent,"{""family"": ""clear"", ""style"": ""clear""}","[{""at_seconds"": 13.5, ""observation"": ""Female lead vocal enters singing intimate, mellow lines over a gentle, steady fingerpicked acoustic guitar pattern.""}, {""at_seconds"": 54.0, ""observation"": ""Soft, muted percussive beat and subdued bassline enter subtly without overwhelming the acoustic guitar and vocals.""}, {""at_seconds"": 112.5, ""observation"": ""Lead vocal shifts into conversational English lyrics over a restrained, downtempo acoustic groove.""}]",False
F051,41zXlQxzTi6cGAjpOXyLYH,idontwannabeyouanymore,"[""Billie Eilish""]",NEW_VALIDATED_PROFILE,204.4633125,c20075ec09af810f96f22728e3c30f28a11ef80e23eb70c0b80502bcf93cefb1,f0669e4d88b401fb5bf491abca2c2961770035cca7cd4bf5e20ad14b02d3685d,classified,Pop,Bedroom Pop,"[""R&B and Soul""]","[""Alt-Pop""]",sung_led,lead_vocal,"[""clean"", ""acoustic"", ""electronic""]",sparse,mostly_consistent,"{""family"": ""clear"", ""style"": ""clear""}","[{""at_seconds"": 16.5, ""observation"": ""Intimate, breathy female vocal enters over a simple, repetitive electric piano chord progression.""}, {""at_seconds"": 33.0, ""observation"": ""Subtle low bass note and minimal electronic percussion join the piano accompaniment under the singing.""}, {""at_seconds"": 91.5, ""observation"": ""Vocals expand with close-mic'd harmonies while the sparse keyboard arrangement continues consistently.""}]",False
F052,49KDK2ccYnOCYPeXfDO3YT,DINOSAUR,"[""AKMU""]",NEW_VALIDATED_PROFILE,236.681,890c5d76f9512fd2454ee181013a92b31d65368743b1d2253bb3913206c7b51c,12e869f6262fb3bf7b9fdeb115bb161851be77005c4f0fd3ac77522f9d825a1a,classified,Pop,K-Pop,"[""Electronic""]","[""Dance-Pop"", ""Electropop""]",sung_led,lead_vocal,"[""clean"", ""electronic"", ""acoustic""]",moderate,contrasting_sections,"{""family"": ""clear"", ""style"": ""clear""}","[{""at_seconds"": 11.45, ""observation"": ""A male Korean vocal begins over a clean acoustic guitar and an electronic kick beat.""}, {""at_seconds"": 58.74, ""observation"": ""The arrangement builds into an upbeat EDM-influenced pop chorus with a bright synthesizer lead hook.""}, {""at_seconds"": 178.6, ""observation"": ""A vocal chop synth hook plays with pulsing electronic dance percussion and sub-bass.""}]",False
F053,49iccsmr8Su1SXXwNfFO70,Fade (Feat. Rachel Lim),"[""JIDA"", ""Rachel Lim""]",NEW_VALIDATED_PROFILE,213.09866666666667,01638e9971fd4a479d99e202fcc28d1052e75556c803072dc14b43dba0a35eec,49484a79b5e5846e9cfd271dfaaed454d0ccafd0fb7c7a0d2fc18e2cd40f172b,classified,Pop,Dream Pop,"[""Electronic"", ""R&B""]","[""Electropop"", ""Contemporary R&B""]",sung_led,lead_vocal,"[""electronic"", ""hazy"", ""layered""]",moderate,contrasting_sections,"{""family"": ""clear"", ""style"": ""clear""}","[{""at_seconds"": 22.0, ""observation"": ""Female lead vocal enters over sparse electronic keyboard accompaniment.""}, {""at_seconds"": 66.5, ""observation"": ""A low-tempo synth-pop beat enters with kick drum, subtle percussion, and airy synth pads.""}, {""at_seconds"": 126.0, ""observation"": ""Chorus section with layered, airy female vocal harmonies and pulsing synth bassline.""}]",False
F054,4B8L0sByBRJRUV1Uot2Ebd,for what,"[""potsu""]",NEW_VALIDATED_PROFILE,178.10577083333334,70ea46259455e4865b11666c59f4953e5b17e31c3aecac565f7b527692b3b8b7,6e6c80ef511ec2d920a8fcab1f90c42e26f095541cbf6f352995718c98b779cc,classified,Electronic,Afro House,"[""African Traditional""]","[""West African Folk Music""]",sung_led,beat_or_instrumental,"[""electronic"", ""acoustic"", ""layered""]",moderate,mostly_consistent,"{""family"": ""clear"", ""style"": ""tentative""}","[{""at_seconds"": 12.5, ""observation"": ""Steady hand-drum polyrhythms and high-pitched acoustic percussion establish a West African drum pattern.""}, {""at_seconds"": 40.0, ""observation"": ""Electronic synth bassline enters underneath the traditional drumming, establishing a modern dance groove.""}, {""at_seconds"": 105.0, ""observation"": ""Vocals enter with sustained harmonized backing choral chants above the electronic and acoustic rhythmic bed.""}]",False
F055,4LaZ8RpIP6DIgN73bXQVlO,GET IT,"[""keshi""]",REUSED_EXACT_PRIOR_PROFILE,158.70839583333333,348c02563c8602ca93e2aa46947f72c587c56e2bf8becf8c6a2a180edb916d55,84bd2c401fd14346ade328c4a829085e69dae510e56765e82b93ab27a4aaaca9,classified,Hip Hop,Trap,"[""Pop"", ""R&B""]","[""Pop Rap"", ""Melodic Rap""]",mixed_rap_and_singing,balanced,"[""electronic"", ""layered"", ""clean""]",moderate,contrasting_sections,"{""family"": ""clear"", ""style"": ""clear""}","[{""at_seconds"": 18.2, ""observation"": ""Trap beat enters with prominent sub-bass 808s, rapid hi-hat rolls, and rhythmic rap vocals.""}, {""at_seconds"": 64.5, ""observation"": ""Melodic, autotuned singing hook over the trap drum groove and ambient synth pads.""}, {""at_seconds"": 149.0, ""observation"": ""Atmospheric breakdown with ethereal female vocals over a stripped synth bed.""}]",False
F056,4P1L6AniTDJzANaubzWGYs,I'm Not Enough and I'm Sorry,"[""Teqkoi"", ""Snøw""]",NEW_VALIDATED_PROFILE,121.21979166666667,24b83da637c0a524b5dc91393ff5ecd68d8d7750cee7c5c69ba24f31e559bd6d,6cd87d0df5612ac1b1f59c92ad9b1b3b94de3e06cea3d872b04b130a18089d39,classified,Hip Hop,Emo Rap,"[""R&B""]","[""Trap""]",mixed_rap_and_singing,lead_vocal,"[""electronic"", ""hazy"", ""layered""]",sparse,contrasting_sections,"{""family"": ""clear"", ""style"": ""clear""}","[{""at_seconds"": 13.0, ""observation"": ""Melancholic, autotuned sing-rap vocals enter over a low-key trap beat with deep 808s and soft chords.""}, {""at_seconds"": 21.0, ""observation"": ""A downtempo trap rhythm kicks in with rolling hi-hats, a sub-bass kick, and sparse snare snaps.""}, {""at_seconds"": 59.0, ""observation"": ""Percussion drops out, leaving ambient synthesizer pads and echoing vocal ad-libs.""}]",False
F057,4Sk74gcXTe9dnE1HU5Pn1y,The Bottom,"[""Gracie Abrams""]",NEW_VALIDATED_PROFILE,180.52354166666666,1d1a40efca29d8e9f12dc107fd3ff39ce46cbf295f45a7c1b17f173067a59d89,1e8fe853645165f6963a746687e2bc86eaa3c42d5a963a7cdec02558b81a01e7,classified,Pop,Indie Pop,"[""Rock""]","[""Alt-Pop""]",sung_led,lead_vocal,"[""clean"", ""layered"", ""acoustic""]",moderate,contrasting_sections,"{""family"": ""clear"", ""style"": ""clear""}","[{""at_seconds"": 9.5, ""observation"": ""Intimate female lead vocal with sparse acoustic piano and soft bass pulsing beneath""}, {""at_seconds"": 38.5, ""observation"": ""Full indie pop chorus drops with upbeat drums, rhythm electric guitar, and punchy bass line""}, {""at_seconds"": 133.0, ""observation"": ""Second verse builds texture with shaker, sub-bass, and syncopated clean guitar accents""}]",False
F058,4gMPlHHAjOQnUrhsuqHivn,To My Youth,"[""BOL4""]",NEW_VALIDATED_PROFILE,222.5284375,7d9380030c819ecdc54e05656a7bc02a38e6d911da7c087df3535f7ac633a19c,fa0d3a6891d509127a62f1abc8ad365ec20e01e009c6d4af45c9ad676c1d2aa7,classified,Pop,K-Pop Ballad,"[""Folk & Acoustic"", ""R&B""]","[""Piano Ballad"", ""Contemporary R&B""]",sung_led,lead_vocal,"[""acoustic"", ""clean"", ""layered""]",sparse,contrasting_sections,"{""family"": ""clear"", ""style"": ""clear""}","[{""at_seconds"": 27.5, ""observation"": ""Delicate acoustic piano provides minimal accompaniment beneath gentle, intimate female lead singing.""}, {""at_seconds"": 126.0, ""observation"": ""Subtle, ambient electronic synth pads and soft, distant percussion layer into the piano-driven arrangement.""}, {""at_seconds"": 213.5, ""observation"": ""Vocal line intensifies into an emotional, resonant peak with dramatic, cinematic orchestration.""}]",False
F059,4lR8sYGMGZPvthF2yUfo7T,Smart,"[""LE SSERAFIM""]",NEW_VALIDATED_PROFILE,166.44064583333332,b0158e9794464d6fe8b7ecef80515d5c9b740cce4538b18ba3031bc79acaa33a,2d674e16d3dd62b338ddbd266ceb0be66a47239eac7d80b7d1a2d75e698dbdc0,classified,Pop,K-Pop,"[""Electronic"", ""African Dancehall and Reggae""]","[""Afrobeats"", ""Dance-Pop""]",sung_led,lead_vocal,"[""electronic"", ""clean"", ""layered""]",moderate,contrasting_sections,"{""family"": ""clear"", ""style"": ""clear""}","[{""at_seconds"": 9.1, ""observation"": ""A bouncy Afrobeat and amapiano-influenced percussion groove enters under melodic female pop vocals.""}, {""at_seconds"": 43.5, ""observation"": ""Rhythmic vocal chanting repeats rapid syllables alongside minimal percussion and subtle synth bass.""}, {""at_seconds"": 68.3, ""observation"": ""Full groove returns with layered female vocals singing a hook with an upbeat dance rhythm.""}]",False
F060,4osRLDg7abL4hLdfZ1c39g,summer,"[""raph"", ""EJEAN""]",NEW_VALIDATED_PROFILE,138.17035416666667,a3c1e1bcc5ebbbd6b3048d47bf21b90d029ea14fb81a197f60e36031063598c8,571969dff4b916d8689097ebaa1be5cb8d3125a33119d2f564ae7c452f759e9c,classified,R&B,Contemporary R&B,"[""Pop""]","[""Alt-R&B""]",sung_led,lead_vocal,"[""electronic"", ""clean"", ""layered""]",moderate,contrasting_sections,"{""family"": ""clear"", ""style"": ""clear""}","[{""at_seconds"": 6.88, ""observation"": ""Female lead vocal enters over sparse electronic keyboard chords and a subtle beat.""}, {""at_seconds"": 47.98, ""observation"": ""Transition into a fuller chorus section with resonant synth bass, trap-influenced electronic drums, and vocal harmonies.""}, {""at_seconds"": 68.64, ""observation"": ""Male lead vocal takes over the second verse with auto-tuned/processed vocal effects over the beat.""}]",False
F061,4tqcoej1zPvwePZCzuAjJd,Wet Dreamz,"[""J. Cole""]",REUSED_EXACT_PRIOR_PROFILE,240.4078125,59cc62cb3d463f790019fb279d91311dc453966027275770891e8cca6f6898d5,c7426f84d7a6d9d3523c53d5a94c06a54a482a63cc1c6ebeb3b6c87b832efb8e,classified,Hip Hop,Boom Bap,"[""R&B""]","[""Conscious Hip Hop"", ""East Coast Hip Hop""]",rap_led,lead_vocal,"[""sample_based"", ""layered""]",moderate,mostly_consistent,"{""family"": ""clear"", ""style"": ""clear""}","[{""at_seconds"": 23.5, ""observation"": ""A male vocalist begins rapping narrative verses over a slow, punchy boom-bap rhythm.""}, {""at_seconds"": 68.0, ""observation"": ""Soulful pitched-down vocal samples and sing-along hook enter on the refrain.""}, {""at_seconds"": 133.0, ""observation"": ""The second verse continues the storytelling rap delivery over looped piano, horn, and drum hits.""}]",False
F062,4yNhVidUIAtKPT72PrZuLP,Not Afraid,"[""INTRN""]",NEW_VALIDATED_PROFILE,199.21560416666668,a79555a821ffc7c555cbeef37aaa3caeb595c9af091afe48c1906edd0b177c2b,1142a08c9d961b108a14d4f8644d85de2602fe7c89b2ebc09cc15eaca5403d05,classified,electronic,ambient pop,"[""hip hop"", ""r&b""]","[""cloud rap"", ""alternative r&b""]",sung_led,lead_vocal,"[""hazy"", ""electronic"", ""layered""]",sparse,mostly_consistent,"{""family"": ""clear"", ""style"": ""clear""}","[{""at_seconds"": 18.0, ""observation"": ""High-pitched, heavily reverberant pitched vocal hook enters over low ambient drones.""}, {""at_seconds"": 38.0, ""observation"": ""Subdued electronic beat enters beneath the high vocal motif with deep sub-bass tones.""}, {""at_seconds"": 58.0, ""observation"": ""Spoken/half-sung male lead vocal begins the main verse over sparse kick and bass.""}]",False
F063,53eKx8ec2jDjt1m3VBUCEM,Morning Walk,"[""Park Bird""]",NEW_VALIDATED_PROFILE,142.73685416666666,1326e6eeff28e3f2d1cc6fb8bc53fdb59ea3649c19cfb5ad1918c9512ac83b26,f8a2d4dc6eb6c5bababc3ad66b745e2f31c6c56ad700c7b64b7f4bd8789b9bcf,classified,Hip Hop,Lo-Fi Hip Hop,"[""Electronic"", ""Jazz""]","[""Chillhop"", ""Downtempo""]",instrumental,beat_or_instrumental,"[""clean"", ""electronic"", ""sample_based""]",sparse,mostly_consistent,"{""family"": ""clear"", ""style"": ""clear""}","[{""at_seconds"": 10.4, ""observation"": ""Sparse, resonant electric piano chords enter accompanied by subtle bird/nature sounds.""}, {""at_seconds"": 29.8, ""observation"": ""Down-tempo, relaxed hip hop drum kit beat enters underneath the laid-back keyboard progression.""}, {""at_seconds"": 96.0, ""observation"": ""Mellow electric guitar embellishments layer softly over the continuous, loop-based lofi beat.""}]",False
F064,5UUnRflW65AsvluD8d5N2U,Do We Start to Like Each Other ?,"[""Jordy Chandra""]",NEW_VALIDATED_PROFILE,159.39339583333333,366465d63f54746308f7ccfcbfd79e0ce23ad67d8b7a9720d792758df3aafa54,b27d150cc7eed09a28396227931c6d872832c6c4d2f8a651254218d7f98ea874,classified,Hip Hop,Lo-Fi Hip Hop,"[""Electronic"", ""Pop""]","[""Chillout"", ""Downtempo""]",spoken_only,beat_or_instrumental,"[""sample_based"", ""clean"", ""electronic""]",sparse,mostly_consistent,"{""family"": ""clear"", ""style"": ""clear""}","[{""at_seconds"": 18.0, ""observation"": ""A spoken vocal phrase 'I like you' is heard right before a chilled downtempo hip-hop beat drops.""}, {""at_seconds"": 23.5, ""observation"": ""A relaxed instrumental lo-fi hip hop groove plays with electric piano chords and light boom-bap drums.""}, {""at_seconds"": 147.0, ""observation"": ""Subtle, filtered instrumental layering with vinyl crackle and muted percussion continues the chillout groove.""}]",False
F065,5VGDusp81Ed3T9xACRw5Os,If I Weren't Me,"[""Katherine Li""]",NEW_VALIDATED_PROFILE,150.54933333333332,64d9dba008ea666aeb612398790eb586ee04efe875d3dddd29a6aa9ea1340031,8b0eac4a8af24c9b8eec350bfd15eaedb26a9aa90e791a8802612325d549eafc,classified,Pop,Electropop,"[""Electronic""]","[""Alt-Pop""]",sung_led,lead_vocal,"[""electronic"", ""clean"", ""layered""]",sparse,contrasting_sections,"{""family"": ""clear"", ""style"": ""clear""}","[{""at_seconds"": 15.2, ""observation"": ""Spoken-singing style female vocal enters a dynamic verse with muted electronic kick and subtle synth bass pad.""}, {""at_seconds"": 43.5, ""observation"": ""The chorus arrives with layered vocal harmonies over a pulsing electronic synth line and minimal percussion.""}, {""at_seconds"": 111.8, ""observation"": ""Intimate vocal delivery intensifies over minimal synthesized textures and subdued beat accompaniment.""}]",False
F066,5aawFqyuCB3K2P8KQvhFVs,CLOUT CHASER,"[""Tiffany Day""]",NEW_VALIDATED_PROFILE,149.38558333333333,a4c794032b9617aee93e1510a9d962fda2e3ced974198bf0e3a355b62c10b525,cc2d25705f2a044741017c6f08fd2d9043ca882e4c5f6d5938d08c5758a6bdb6,classified,rnb,contemporary_rnb,"[""pop"", ""hip_hop""]","[""trap_soul"", ""pop_rnb""]",sung_led,lead_vocal,"[""electronic"", ""clean"", ""layered""]",moderate,mostly_consistent,"{""family"": ""clear"", ""style"": ""clear""}","[{""at_seconds"": 0.0, ""observation"": ""Introductory section with mellow electric piano, subtle vocal harmonies, and soft rhythmic backbeat.""}, {""at_seconds"": 32.4, ""observation"": ""Full groove drops in with modern trap-influenced hi-hats, sub-bass 808, and rhythmic female R&B vocals.""}, {""at_seconds"": 128.5, ""observation"": ""Vocal breakdown featuring layered melismatic phrasing over stripped-back keys and ambient vocal chops.""}]",False
F067,5cgy5vMqVZbd8hYutp2txu,TOUCH,"[""keshi""]",NEW_VALIDATED_PROFILE,209.67620833333334,c9dbd047449ff43ffea4e198515151f7a8e0fbd00a7a60a6319e5d8f84feaedd,f84677bd434aeea7e66f9d811242c75825963d3240ef54a4c176cf42fef5874e,classified,R&B,Contemporary R&B,"[""Electronic"", ""Pop""]","[""Alternative R&B"", ""Pop Soul""]",sung_led,lead_vocal,"[""electronic"", ""layered"", ""hazy""]",moderate,contrasting_sections,"{""family"": ""clear"", ""style"": ""clear""}","[{""at_seconds"": 23.8, ""observation"": ""A low-pitched male vocal chorus enters over an electronic trap-influenced drum beat and deep sub bass.""}, {""at_seconds"": 45.5, ""observation"": ""A female lead vocal starts singing the verse over subtle atmospheric synths and rhythmic percussion.""}, {""at_seconds"": 128.5, ""observation"": ""Re-entry of the male vocal refrain layering back into the moody contemporary R&B groove.""}]",False
F068,5h6c3ArwadWdEny5yXUPOt,Fall in love,"[""Han Jihyo"", ""Park Soeun""]",NEW_VALIDATED_PROFILE,202.41995833333334,04a755c3ada7e6a4032986d0f001e41f56598f93ff18c56aae8c78694beb7be5,9b22c7b587107051ff0b52a43a4c275097f288a2c925ec8c6bbf2e624cf3558f,classified,Pop,K-Pop,"[""Electronic""]","[""Dance-Pop""]",sung_led,lead_vocal,"[""electronic"", ""clean"", ""layered""]",moderate,contrasting_sections,"{""family"": ""clear"", ""style"": ""clear""}","[{""at_seconds"": 13.9, ""observation"": ""Female lead vocal enters over a bright, clean electric guitar chop, bassline, and programmed pop beat.""}, {""at_seconds"": 42.4, ""observation"": ""Transition into an upbeat dance-pop chorus featuring layered vocal hooks and syncopated synth percussion.""}, {""at_seconds"": 140.0, ""observation"": ""Return of the dance-pop chorus with driving electronic kick, snare snaps, and layered melodic vocal lines.""}]",False
F069,5l45vVLs4JKkhzN0tvkWJv,Love Always Leaves Me,"[""오안과 편견"", ""Lee Yerin""]",NEW_VALIDATED_PROFILE,202.0,4caae69ecbb222ee527a0dda2507f18841565483eefd8708a973a3711b0e3fd0,8bcf61eae0e7905fea41560e199ce881471effc3dd20bbd4331d16bfcb312cfa,classified,Pop,Korean Ballad,"[""Classical""]","[""Piano Ballad""]",sung_led,lead_vocal,"[""acoustic"", ""clean""]",sparse,mostly_consistent,"{""family"": ""clear"", ""style"": ""clear""}","[{""at_seconds"": 0.0, ""observation"": ""Solo acoustic piano begins playing slow, melancholy, rubato arpeggios and chords.""}, {""at_seconds"": 25.0, ""observation"": ""Female lead vocal enters in Korean, delivering an intimate, breathy ballad phrase over sparse piano accompaniment.""}, {""at_seconds"": 152.0, ""observation"": ""Piano solo interlude featuring high-register bell-like tones and expressive rubato dynamic phrasing.""}]",False
F070,5ngJKkOmjkN460b2ApBnLk,Don't,"[""Colette Lush""]",NEW_VALIDATED_PROFILE,208.125,7ed1dddb3d9401638238eadae128b8da60d226ffff09c4d7f9895c2eeed74b74,fdcc14074032acc3ad2930c1ee1990b5c7d4b0bc9d7ec1f90764621ad26a7341,classified,R&B,Contemporary R&B,"[""Electronic"", ""Pop""]","[""Trap"", ""Alternative R&B""]",sung_led,lead_vocal,"[""electronic"", ""clean"", ""layered""]",sparse,contrasting_sections,"{""family"": ""clear"", ""style"": ""clear""}","[{""at_seconds"": 1.0, ""observation"": ""Solo female vocal intro accompanied by subtle sustained atmospheric pad and light piano chords.""}, {""at_seconds"": 37.0, ""observation"": ""Entry of a sparse, slow-tempo trap-influenced beat featuring crisp handclaps, deep sub bass, and minimal percussion.""}, {""at_seconds"": 150.0, ""observation"": ""Mellow verse with breathy R&B vocal delivery over subdued electric piano and low sub bass.""}]",False
F071,5q3LwAHTqo9d3rET2EA9Nq,The Weekend,"[""88rising"", ""BIBI""]",NEW_VALIDATED_PROFILE,177.87647916666666,9edd1d5ef705f36c16b70d7a18ad81ed3cdaec0e01a64785749fcd5dceaa1461,6ff3609d0844a35b853c811726ade8f78e50a636056a4263df967b392245fa7c,classified,Hip Hop,Trap,"[""Pop"", ""R&B""]","[""Pop Rap"", ""Contemporary R&B""]",mixed_rap_and_singing,balanced,"[""electronic"", ""clean"", ""layered""]",moderate,contrasting_sections,"{""family"": ""clear"", ""style"": ""clear""}","[{""at_seconds"": 12.0, ""observation"": ""Trap hi-hat rolls and electronic snare enter under rhythmic sung-spoken vocal phrasing.""}, {""at_seconds"": 30.5, ""observation"": ""Full pop-trap chorus drops with a punchy kick drum, sub bass, and melodic lead vocals.""}, {""at_seconds"": 88.0, ""observation"": ""Breakdown with filtered beat and processed vocal ad-libs creating an atmospheric space.""}]",False
F072,5quFr5s5PXYfUX5jV2EBZ1,GANADARA (Feat. IU),"[""Jay Park"", ""IU""]",NEW_VALIDATED_PROFILE,203.7435,6755e0ea1025463a9930a4e4abd77e3610e8bbafd91e1a4567c5c1f76333d4f2,d9fe3371917e1161398524f67d8674080c6e47bc54287c5937ede01dfb8ba8d2,classified,Pop,K-Pop,"[""R&B"", ""Hip-Hop""]","[""Contemporary R&B"", ""Pop Rap""]",sung_led,lead_vocal,"[""clean"", ""electronic"", ""layered""]",moderate,contrasting_sections,"{""family"": ""clear"", ""style"": ""clear""}","[{""at_seconds"": 9.4, ""observation"": ""Beat begins with pitched melodic vocal chops, crisp 808 percussion, and rhythmic male sung verse in Korean.""}, {""at_seconds"": 74.5, ""observation"": ""Full bouncy hook featuring synthesized bass, syncopated snare hits, and a repetitive chanting vocal melody.""}, {""at_seconds"": 96.8, ""observation"": ""A contrasting smooth female vocal verse section enters over sustained chords and filtered drum groove.""}]",False
F073,5ri8u5RA8e4vGMyMAGXy0p,Stay With Me,"[""Teqkoi"", ""Mouse""]",NEW_VALIDATED_PROFILE,113.25866666666667,a813ecf93e16cd289d54fea88f970e6499a6eb63c6c322292f7fb6eeb45bb62a,8949620a843ae08ee0293dea81525ab10221bd5adeb08a3622008845809b9346,classified,Hip-Hop,Chopped and Screwed,"[""Electronic"", ""R&B""]","[""Cloud Rap"", ""Trap""]",vocal_samples_only,lead_vocal,"[""electronic"", ""hazy"", ""sample_based""]",sparse,contrasting_sections,"{""family"": ""clear"", ""style"": ""clear""}","[{""at_seconds"": 0.0, ""observation"": ""Slowed, pitched-down vocal loop begins over a minimal, ambient synth pad.""}, {""at_seconds"": 22.8, ""observation"": ""A low-tempo boom-bap style hip-hop beat enters with kick, snap/clap, and deep 808 bass.""}, {""at_seconds"": 45.3, ""observation"": ""The drum beat drops out, returning to the atmospheric chopped-and-screwed vocal and pad texture.""}]",False
F074,5sEeuhYWHNczuPKek1zJeG,Tea Time,"[""Disvstxr""]",REUSED_EXACT_PRIOR_PROFILE,106.68408333333333,ce8e51ac745f334ac6ad3d9784b2c853bf6de6b85888f8da6f1020f05134fd85,03285df6f5fa897af6e6d195465c186aad562e1905931de4fbc519bd88e1b09f,classified,hip_hop,lo_fi_hip_hop,"[""electronic""]","[""chillhop"", ""downtempo""]",vocal_samples_only,beat_or_instrumental,"[""sample_based"", ""hazy"", ""clean""]",sparse,contrasting_sections,"{""family"": ""clear"", ""style"": ""clear""}","[{""at_seconds"": 9.5, ""observation"": ""Slow boom bap drums enter alongside a melancholic plucked acoustic instrument riff.""}, {""at_seconds"": 38.0, ""observation"": ""Downtempo beat continues with repetitive plucked melodies and subtle atmospheric bass.""}, {""at_seconds"": 88.0, ""observation"": ""Female vocal passage enters softly over the repeating instrumental hip-hop beat.""}]",False
F075,5zfpJXfqGGh94YcStRlI2s,Look At Me Now,"[""Yayyoung""]",NEW_VALIDATED_PROFILE,192.7559375,b171f043feb7b924a491781e583be313f938d0cd72fbfbbc1a91ddeeeb95fd18,d4d2980217956e9b0281b4bd6b72cdd49dad5642f0c52d42d1d6d43d62dc470e,classified,Pop,Acoustic Pop,"[""Folk"", ""R&B""]","[""Contemporary Folk"", ""Contemporary R&B""]",sung_led,lead_vocal,"[""acoustic"", ""clean""]",sparse,mostly_consistent,"{""family"": ""clear"", ""style"": ""clear""}","[{""at_seconds"": 16.5, ""observation"": ""Solo female vocal enters over a minimal, plucked acoustic guitar figure and subtle ambient bass tone.""}, {""at_seconds"": 47.0, ""observation"": ""Pre-chorus vocal layers introduce harmonies while the instrumentation remains stripped back and acoustic.""}, {""at_seconds"": 60.5, ""observation"": ""Chorus section with prominent female lead vocal accompanied by steady downbeat percussion and acoustic picking.""}]",False
F076,65FftemJ1DbbZ45DUfHJXE,OMG,"[""NewJeans""]",REUSED_EXACT_PRIOR_PROFILE,212.2884375,33579a69cf0e06d8d16aea16038212d8c754d14a1c8266a18a9048875b926dc9,72f90a10c15bd6cd57a298a89ae23c330421cb3c2091f889a9f7ff14a91e624d,classified,Pop,K-Pop,"[""R&B and Soul"", ""Dance""]","[""Contemporary R&B"", ""Synth-Pop""]",mixed_rap_and_singing,lead_vocal,"[""electronic"", ""clean"", ""layered""]",moderate,mostly_consistent,"{""family"": ""clear"", ""style"": ""clear""}","[{""at_seconds"": 15.0, ""observation"": ""Introduction of mid-tempo Baltimore club-influenced rhythm pattern with vocal lead in Korean.""}, {""at_seconds"": 45.8, ""observation"": ""Chorus hook arrives with buoyant synth chords, 4-on-the-floor kick, and call-and-response vocal delivery.""}, {""at_seconds"": 133.0, ""observation"": ""Rap-sung verse section over crisp percussion and subdued bass.""}]",False
F077,6B9HXnRzmokTTxZNdV5T48,me2urs2ours,"[""Yayyoung"", ""Sojou Kim""]",NEW_VALIDATED_PROFILE,172.0755,3f637f84d002730e7b1af224b3373a0e8f9d84aae51c8ceac46dfb305f894fa6,03f006656a39ba027c4efb6a99deaedb2700296530b23f4ce16ca643b759753e,classified,R&B and Soul,Contemporary R&B,"[""Pop"", ""Hip-Hop""]","[""Alternative R&B"", ""Trap Soul""]",sung_led,lead_vocal,"[""electronic"", ""layered"", ""clean""]",moderate,mostly_consistent,"{""family"": ""clear"", ""style"": ""clear""}","[{""at_seconds"": 17.5, ""observation"": ""A slow, punchy R&B groove enters with trap-influenced hi-hats, deep 808 sub-bass, and emotional female lead vocals.""}, {""at_seconds"": 56.2, ""observation"": ""The chorus expands with layered vocal harmonies, lush synth pads, and resonant basslines emphasizing contemporary R&B tropes.""}, {""at_seconds"": 133.0, ""observation"": ""Verse transition with stripped-back keys and intimate, breathy solo vocal phrasing before the fuller beat returns.""}]",False
F078,6HIngEWX8ycnLjuUfSZyah,blue (with MINNIE),"[""yung kai"", ""MINNIE""]",NEW_VALIDATED_PROFILE,213.33333333333334,06c55790570916c463338b3cb0cbe9be9fdda5a3ceaec909f659dba45c5612be,1eba2b5278eedbcaf2c1277c971017a843ec36d061641c751fe6b57bbfa86eef,classified,folk,indie folk,"[""pop""]","[""indie pop""]",sung_led,lead_vocal,"[""acoustic"", ""clean""]",sparse,mostly_consistent,"{""family"": ""clear"", ""style"": ""clear""}","[{""at_seconds"": 19.5, ""observation"": ""Acoustic ukulele and light finger percussion support a soft, intimate female lead vocal.""}, {""at_seconds"": 48.0, ""observation"": ""Chorus section with layered vocal harmonies and gentle shaker/wood percussion.""}, {""at_seconds"": 204.0, ""observation"": ""Vocal harmonies and ukulele gradually transition into a spoken/choral bridge section.""}]",False
F079,6JjD8b5nYnwJ3zxYZ16rKg,Bullet Train Fantasy,"[""Ibrahim"", ""Luvbird""]",NEW_VALIDATED_PROFILE,245.76,9127f8baddcb72104008af845cb3b3fa7b37977208ed93ad13b0057a34fa8680,f0c861262e0c7f3fcb1a2bd81e695cd6e43492f274e89907f56075ec22921470,classified,Hip-Hop,Lo-Fi Hip-Hop,"[""Electronic""]","[""Chillout"", ""Downtempo""]",instrumental,beat_or_instrumental,"[""clean"", ""acoustic"", ""sample_based""]",sparse,mostly_consistent,"{""family"": ""clear"", ""style"": ""clear""}","[{""at_seconds"": 22.5, ""observation"": ""A slow, laid-back hip-hop beat enters with relaxed acoustic guitar chords and subtle kick/snare pattern.""}, {""at_seconds"": 83.2, ""observation"": ""Melodic electric guitar leads interplay over the chill hop drum groove and soft bassline.""}, {""at_seconds"": 184.0, ""observation"": ""Percussion drops out, leaving gentle clean guitar arpeggios in a warm ambient space.""}]",False
F080,6Kkt27YmFyIFrcX3QXFi2o,Liability,"[""Lorde""]",NEW_VALIDATED_PROFILE,173.32535416666667,33b5e128903d736548cb59d3d9850fee70002341fb548739aa044af5e960f67b,3b325f8f9dec8f43d95fe878fa2e0f3dee06ed39ff9e2e4fbcecb06a315339e9,classified,Pop,Piano Pop,"[""Singer-Songwriter""]","[""Indie Pop""]",sung_led,lead_vocal,"[""acoustic"", ""clean""]",sparse,mostly_consistent,"{""family"": ""clear"", ""style"": ""clear""}","[{""at_seconds"": 6.0, ""observation"": ""Intimate acoustic piano chords begin playing a gentle, rhythmic progression.""}, {""at_seconds"": 18.5, ""observation"": ""Solo female lead vocals enter with conversational, expressive phrasing over sparse piano.""}, {""at_seconds"": 68.0, ""observation"": ""Background vocal harmonies and subtle claps or percussive accents enter the piano ballad texture.""}]",False
F081,6ZGqVXaJmhbYAK2DF8mWRR,I'm Drunk And Confused,"[""sagun""]",NEW_VALIDATED_PROFILE,156.13097916666666,9798598a4a034aafca07b6d792c312d44d200b62a7d97a64c692eff5b678a8ae,664f59e367612461654fe62caf90603da7f6b0b4ff7ac2655a682370af431d65,classified,hip-hop,lo-fi hip-hop,"[""electronic"", ""r&b""]","[""chillwave"", ""downtempo""]",vocal_samples_only,beat_or_instrumental,"[""sample_based"", ""hazy"", ""electronic""]",sparse,mostly_consistent,"{""family"": ""clear"", ""style"": ""clear""}","[{""at_seconds"": 6.88, ""observation"": ""Spacious, warm electric piano chords enter alongside chopped and pitched vocal phrases.""}, {""at_seconds"": 27.56, ""observation"": ""Laid-back, unquantized downtempo hip-hop drum groove drops in with deep sub-bass.""}, {""at_seconds"": 96.2, ""observation"": ""Drums drop out, leaving reverberant electric piano chords and drifting pitched vocal fragments.""}]",False
F082,6kAMaQt8UveeTctekIpUjF,we used to talk every night,"[""Elijah Who""]",NEW_VALIDATED_PROFILE,121.344,9ae95ebd639ab7a8f1de9882102a4199d7bc2ff4f9508cf9d0d1941f6931cf13,c5eba04cd8b07a4ad29547f417ec779351c9b1a172a7b0a2a28ca5913a28407a,classified,Hip Hop,Lo-Fi Beats,"[""Electronic""]","[""Instrumental Hip Hop"", ""Downtempo""]",vocal_samples_only,beat_or_instrumental,"[""sample_based"", ""hazy""]",sparse,mostly_consistent,"{""family"": ""clear"", ""style"": ""clear""}","[{""at_seconds"": 11.45, ""observation"": ""Boom-bap drum pattern enters underneath an atmospheric, filtered electric piano sample loop.""}, {""at_seconds"": 32.14, ""observation"": ""Vocal sample scratch and sound bite dropped over the continuous, steady instrumental groove.""}, {""at_seconds"": 100.85, ""observation"": ""Spoken-word vocal sample plays atop the chill, unhurried hip-hop beat.""}]",False
F083,6nICBdDevG4NZysIqDFPEa,Thirsty,"[""aespa""]",NEW_VALIDATED_PROFILE,193.5035,335d5c93246ba8d078b372b7f1e78a4bc9cf5e209e97d274e7335e8a5581ffe3,6391adc38b2f0da44175dbcd2bd2f95ccd7c86281c3d0a293f907bc3d96b2f39,classified,Pop,K-Pop,"[""R&B"", ""Hip Hop""]","[""Contemporary R&B"", ""Trap""]",sung_led,lead_vocal,"[""electronic"", ""clean"", ""layered""]",moderate,mostly_consistent,"{""family"": ""clear"", ""style"": ""clear""}","[{""at_seconds"": 12.8, ""observation"": ""A downtempo R&B trap beat enters with 808 sub-bass and crisp snare underneath Korean pop lead vocals.""}, {""at_seconds"": 50.0, ""observation"": ""Catchy, melodic chorus with layered vocal harmonies and rhythmic synth plucks.""}, {""at_seconds"": 115.3, ""observation"": ""Rhythmic, half-sung rap-influenced verse delivered over the trap percussion.""}]",False
F084,6nef0wHkelfKqNVHAtzJbR,Stoked,"[""Weston Estate""]",NEW_VALIDATED_PROFILE,189.84533333333334,fe65acc5858e79a704f224e86d28b8bfca2f805b55d78a8f66072fc20d2431a7,9305cbe1aeeb9a3a05a787f5c5675fb346a9584f8b1cc1492b1025ee3f78344f,classified,Hip Hop,Trap,"[""R&B""]","[""Melodic Rap""]",mixed_rap_and_singing,lead_vocal,"[""electronic"", ""clean""]",moderate,mostly_consistent,"{""family"": ""clear"", ""style"": ""clear""}","[{""at_seconds"": 15.0, ""observation"": ""Auto-tuned melodic lead vocals begin over a trap beat with pitched synth bells and rolling hi-hats.""}, {""at_seconds"": 97.0, ""observation"": ""Verse transition introduces rhythmic, chanted vocal delivery over standard trap 808 and clap patterns.""}, {""at_seconds"": 142.5, ""observation"": ""Guest vocal rap verse enters with dry, punchy delivery over the steady minimal trap arrangement.""}]",False
F085,6nzCvAtyADh0wwZEVMoujK,By My Side,"[""JUNNY""]",NEW_VALIDATED_PROFILE,207.01866666666666,ff23f729cb5f36df85edf482f13f9772a511666d5a403364296af0be43346fbe,7b40c1bc0d906e88d6f4a232cc080d87a9e01562d0e31c5bd5ee5a84fa055d1d,classified,R&B,Contemporary R&B,"[""Pop""]","[""K-R&B""]",sung_led,lead_vocal,"[""clean"", ""electronic""]",moderate,mostly_consistent,"{""family"": ""clear"", ""style"": ""clear""}","[{""at_seconds"": 1.5, ""observation"": ""Clean electric guitar plays jazz-inflected chord voicings in a relaxed intro pattern.""}, {""at_seconds"": 18.0, ""observation"": ""Melodic male R&B singing enters, sung smoothly over guitar chords and subtle ambient bass.""}, {""at_seconds"": 55.8, ""observation"": ""A low-key electronic beat with programmed kicks, snappy snare, and hi-hat enters under the vocals.""}]",False
F086,6pWqlKm9ugucgKNldCLigX,Sit Around,"[""City Girl"", ""tiffi""]",REUSED_EXACT_PRIOR_PROFILE,219.8349375,698b9f055cd82ccbd0b8b1175aeb4d9ca9b1e961fd7b12afc356c7b48806a6a2,71e3927e9452fe9ada4cc4a0f3522a44333296a9a1a880246b0e114d3b36f98f,classified,Pop,Indie Pop,"[""Electronic"", ""R&B""]","[""Electropop"", ""Alternative R&B""]",sung_led,lead_vocal,"[""electronic"", ""clean"", ""layered""]",moderate,mostly_consistent,"{""family"": ""clear"", ""style"": ""clear""}","[{""at_seconds"": 15.2, ""observation"": ""A downtempo electronic beat enters under looping vocal chops, introducing a warm synthesizer bassline.""}, {""at_seconds"": 28.5, ""observation"": ""Intimate female lead vocals enter with soft, melodic indie pop phrasing over electronic percussion.""}, {""at_seconds"": 124.0, ""observation"": ""Vocal harmonies build in an airy chorus hook layered with atmospheric synth pads and rhythmic bass.""}]",False
F087,6rj9qDXWANe0U69asDzxMp,Phantom Embrace,"[""City Girl""]",NEW_VALIDATED_PROFILE,205.827,b41bd529dc86edbe46b840991cc79f4de593b87314b12a6bed5364ae069d36f1,828e92100589fa1e520814797ca13b1da2c9713542ce1d7b3a4158b16a5c7193,classified,electronic,ambient,"[""dance_electronic""]","[""downtempo"", ""chillout""]",vocal_samples_only,beat_or_instrumental,"[""electronic"", ""hazy"", ""layered""]",sparse,mostly_consistent,"{""family"": ""clear"", ""style"": ""clear""}","[{""at_seconds"": 18.5, ""observation"": ""Plucked harp-like ostinato pattern enters over deep sub-bass and minimal ambient sound design.""}, {""at_seconds"": 65.0, ""observation"": ""Ethereal, wordless vocal vocalises and soft choral pads fade in, providing atmospheric texture.""}, {""at_seconds"": 158.0, ""observation"": ""Sparse, muffled four-on-the-floor kick pattern and faint click percussion subtle emerge beneath the ambient pads.""}]",False
F088,6wm3t4VpTxSFfOUgTMlHZM,The Peace,"[""underscores""]",REUSED_EXACT_PRIOR_PROFILE,173.30214583333333,a4702cb27e3d034e380d9bf94fc2975947a326693fda4f180451041739a5c9b7,9c32e5c509deadb5ab3c73f76303d08700a83d4064e042e92aeff0e29fa181ef,classified,R&B and Soul,Contemporary R&B,"[""Hip-Hop"", ""Pop""]","[""Trap"", ""Alternative R&B""]",sung_led,lead_vocal,"[""sample_based"", ""electronic"", ""layered""]",moderate,contrasting_sections,"{""family"": ""clear"", ""style"": ""clear""}","[{""at_seconds"": 3.7, ""observation"": ""High-pitched vocal chop loop initiates the track over silence before main instrumentation enters.""}, {""at_seconds"": 23.3, ""observation"": ""Female lead vocals begin in a smooth, mid-tempo R&B cadence over pitched vocal chops and bass.""}, {""at_seconds"": 58.7, ""observation"": ""Trap-style programmed drums kick in with heavy sub-bass and hi-hats, building into a rhythmic verse.""}]",False
F089,6zKX91EvxRHr42ZiZ5C9kN,Favorite Part,"[""JO YURI""]",NEW_VALIDATED_PROFILE,98.638375,5cc11d9e3fe0773800cdd735650d32096162402102ae4f8bce06cb635230677b,965f589db0e1530e9e4d10cc871676b7cf98dedac467a416564a1e4e766ee67e,classified,Pop,K-Pop,"[""R&B"", ""Hip Hop""]","[""Contemporary R&B"", ""Trap""]",sung_led,lead_vocal,"[""electronic"", ""clean"", ""layered""]",moderate,contrasting_sections,"{""family"": ""clear"", ""style"": ""clear""}","[{""at_seconds"": 3.5, ""observation"": ""Spoken-word English fairy tale narration over playful plucked harp and synth textures.""}, {""at_seconds"": 15.0, ""observation"": ""Female lead vocal enters in Korean over a bouncy trap-influenced R&B beat.""}, {""at_seconds"": 45.3, ""observation"": ""Groove thickens with heavy 808 bass, crisp hi-hats, and rhythmic contemporary R&B vocal phrasing.""}]",False
F090,70YbAV2UKPee15B00RbPcT,Cloudy Thoughts,"[""HYEJIN""]",NEW_VALIDATED_PROFILE,198.05460416666668,0b576d95eb236a0357371eba5c42f8ba1819ec4ea834a39e288cbf9f5021f20d,35ac1c1d28b3bc4101a3a8654e9862548c5fcc3bd63e7c1847fccb8451218177,classified,Pop,K-Pop,"[""R&B"", ""Electronic""]","[""Contemporary R&B"", ""Trap""]",sung_led,lead_vocal,"[""electronic"", ""layered"", ""clean""]",moderate,contrasting_sections,"{""family"": ""clear"", ""style"": ""clear""}","[{""at_seconds"": 15.0, ""observation"": ""A cappella choral vocal entrance singing in English over atmospheric reverb before beat enters.""}, {""at_seconds"": 25.5, ""observation"": ""Downtempo R&B trap beat drops with deep bass and Korean/English sung-rap hybrid vocals.""}, {""at_seconds"": 71.0, ""observation"": ""Full chorus returns with layered vocal harmonies over a midtempo contemporary pop beat.""}]",False
F091,74X2u8JMVooG2QbjRxXwR8,Perfect Night,"[""LE SSERAFIM""]",REUSED_EXACT_PRIOR_PROFILE,162.13333333333333,b7acecdb8c3b500a728978447cb6ffdcba55d0a6705e49fc096171f8df2675e2,49c29b509d805e167a3bdb4ac417a68b2272b6c4c64ab050a78cf69d8fd841e2,classified,Pop,Dance-Pop,"[""R&B"", ""Electronic""]","[""Contemporary R&B"", ""Nu-Disco""]",sung_led,lead_vocal,"[""electronic"", ""clean"", ""layered""]",moderate,contrasting_sections,"{""family"": ""clear"", ""style"": ""clear""}","[{""at_seconds"": 0.0, ""observation"": ""A sparse acoustic guitar plucking motif establishes the intro groove before drums enter.""}, {""at_seconds"": 15.0, ""observation"": ""Female lead vocal enters over upbeat pop-funk rhythm guitar, syncopated bass, and modern electronic drums.""}, {""at_seconds"": 50.0, ""observation"": ""Energetic dance-pop chorus featuring layered melodic vocals and driving dance rhythms.""}]",False
F092,74cpuIw43kA8xPgbQEPdss,Flash Forward,"[""LE SSERAFIM""]",NEW_VALIDATED_PROFILE,195.51229166666667,198008e51b386a47e57940e7a8033bc4f9f91c1c998885e0c2aaadc8043857f9,d48a93cf1082fb0ce0e9b171cfed1bc2bf817dfb5bc7c70257aa38bfa51242f6,classified,Pop,K-Pop,"[""Electronic""]","[""Dance-Pop"", ""Electropop""]",sung_led,lead_vocal,"[""electronic"", ""layered"", ""clean""]",dense,contrasting_sections,"{""family"": ""clear"", ""style"": ""clear""}","[{""at_seconds"": 8.4, ""observation"": ""Solo female vocal enters over a driving electronic pop beat and synth chords""}, {""at_seconds"": 41.2, ""observation"": ""Explosive dance-pop chorus drops with layered bright synths, four-on-the-floor kick, and full backing vocals""}, {""at_seconds"": 148.0, ""observation"": ""Second high-energy chorus section featuring dense electronic production and energetic vocal delivery""}]",False
F093,7F6PtLP6fJPVtA1FWVkl8K,Shouldn't Be,"[""Luke Chiang""]",REUSED_EXACT_PRIOR_PROFILE,211.28997916666665,785855489ea95618f27541cb0771aee578ef12b8037f3333aaccc4b200c791b2,90cedefc8b8409fbc4d474207ac6f8891943310b97774cb46fe7384bee8f5b10,classified,R&B,Contemporary R&B,"[""Pop"", ""Electronic""]","[""Alt-Pop"", ""Ambient Pop""]",sung_led,lead_vocal,"[""electronic"", ""clean"", ""layered""]",sparse,mostly_consistent,"{""family"": ""clear"", ""style"": ""clear""}","[{""at_seconds"": 6.7, ""observation"": ""Subdued electronic beat enters behind the emotive solo male vocal and sparse ambient keys.""}, {""at_seconds"": 40.5, ""observation"": ""Chorus hook features multi-tracked background vocal harmonies emphasizing emotional delivery.""}, {""at_seconds"": 138.0, ""observation"": ""Mellow electronic instrumentation with subtle synths supporting passionate vocal performance.""}]",False
F094,7LFwi4RolcCPnVEXXXVfQP,Season of Memories,"[""GFRIEND""]",NEW_VALIDATED_PROFILE,184.84245833333333,ee8e0e4c6187610ae49d49392b66e02e51c5c4eaba410328e3efce7bf2baf8a6,407cf8d143efcd3b15236cad7f01fd4a97b12ce9a9e6f42d6efe3fba6a901547,classified,Pop,K-Pop,"[""Electronic / Dance""]","[""Dance-Pop""]",sung_led,lead_vocal,"[""electronic"", ""layered"", ""clean""]",dense,contrasting_sections,"{""family"": ""clear"", ""style"": ""clear""}","[{""at_seconds"": 12.0, ""observation"": ""Upbeat four-on-the-floor dance-pop groove with bright synth arpeggios and funky rhythm guitar.""}, {""at_seconds"": 47.0, ""observation"": ""Full chorus drops with high-energy electronic beats, driving bassline, and layered female vocals.""}, {""at_seconds"": 127.0, ""observation"": ""Verse transition with funk guitar strums, syncopated bass, and playful synth stabs.""}]",False
F095,7fBv7CLKzipRk6EC6TWHOB,The Hills,"[""The Weeknd""]",REUSED_EXACT_PRIOR_PROFILE,234.18485416666667,97676cfffba7f425e8c4a72219b86c38a2fea1f47c361a5cc555e192316e93ef,6c065a22940a0263208799698fc6edfbe68532c988c14e6998fb90006d06721a,classified,R&B,Contemporary R&B,"[""Hip-Hop"", ""Pop""]","[""Trap"", ""Alternative R&B""]",sung_led,lead_vocal,"[""electronic"", ""layered""]",moderate,contrasting_sections,"{""family"": ""clear"", ""style"": ""clear""}","[{""at_seconds"": 9.2, ""observation"": ""Slow down-tempo verse begins with low male vocals accompanied by minimal rhythmic bass and snare accents.""}, {""at_seconds"": 44.5, ""observation"": ""The chorus drops into a heavier trap-influenced drum groove with high pitched, pitched-up singing vocals.""}, {""at_seconds"": 154.5, ""observation"": ""Return of the powerful, booming bass chorus featuring high-register processed melodic vocals and synth pads.""}]",False
F096,7fXYFuCTmNrYRGwEUUf5iz,Die Right Here,"[""david hugo""]",REUSED_EXACT_PRIOR_PROFILE,129.49333333333334,aa714760a4b38a8ac1e131fff454a9dfc2295355817b4ea05e727831d313e389,bb1ee32540f58f6b14d2dd1991c272e5ac50daa96ecb4f794234f6bc0b6665cf,classified,Pop,Dance-Pop,"[""R&B"", ""Electronic""]","[""Nu-Disco"", ""Synth-Pop""]",sung_led,lead_vocal,"[""electronic"", ""clean"", ""layered""]",moderate,contrasting_sections,"{""family"": ""clear"", ""style"": ""clear""}","[{""at_seconds"": 8.0, ""observation"": ""Sparse intro featuring a clean melodic electric guitar riff underneath a soft, breathy male lead vocal.""}, {""at_seconds"": 22.0, ""observation"": ""Transition into full arrangement with a four-on-the-floor kick, synth bassline, and funk-influenced guitar chops.""}, {""at_seconds"": 37.0, ""observation"": ""Catchy pop hook kicks in with energetic drum programming, vocal harmonies, and upbeat disco-pop groove.""}]",False
F097,7hFW5IN7mQ99PuO86r38Sf,She loves the color green and I love her,"[""City Girl""]",REUSED_EXACT_PRIOR_PROFILE,136.5,76b5971ae9e6077c4918aa63873beb5929b25055b326828f1d8596dbd0a436bb,72c569b9d6eee9764ee8f4dca09659b1a7e215ec967eeedb4ab1ccebf8960f35,classified,Hip Hop,Lo-Fi Hip Hop,"[""Electronic""]","[""Downtempo"", ""Chillout""]",vocal_samples_only,beat_or_instrumental,"[""sample_based"", ""electronic"", ""hazy""]",moderate,mostly_consistent,"{""family"": ""clear"", ""style"": ""clear""}","[{""at_seconds"": 6.0, ""observation"": ""Mellow electric piano chords with prominent tape hiss and hazy reverb create a slow ambient intro.""}, {""at_seconds"": 28.5, ""observation"": ""A relaxed, downtempo boom-bap drum pattern enters accompanied by deep sub-bass and vinyl crackle.""}, {""at_seconds"": 65.0, ""observation"": ""Atmospheric vocal sample sighs weave through the repetitive lo-fi Rhodes groove.""}]",False
F098,7iov2YtUJgLmHXwpYXLcoo,Lucid (feat. LILAC),"[""JIDA"", ""Kate Kim""]",NEW_VALIDATED_PROFILE,209.36,02e7033d946b4a7e9c1c274a88b468e3d93ab80ea673d417c575dda9e70a9ee9,b7ce2a2812639de29097024f5ea7003864613e35e03184c9a73414d2c100e717,classified,Electronic,Synth-pop,"[""Pop""]","[""Dream Pop""]",sung_led,lead_vocal,"[""electronic"", ""layered"", ""hazy""]",moderate,contrasting_sections,"{""family"": ""clear"", ""style"": ""clear""}","[{""at_seconds"": 16.0, ""observation"": ""Female lead vocal enters over sparse electronic kick, snare, and soft synth pads.""}, {""at_seconds"": 64.0, ""observation"": ""Vocal harmonies layer over swelling synth layers as the track builds in intensity.""}, {""at_seconds"": 109.0, ""observation"": ""Rhythm drops into a full synth-pop chorus beat with pulsing synth bass.""}]",False
F099,7nD9LjsenfCRv4uxy93xhZ,m o v i e (Feat. Jade),"[""Stupinuts"", ""Jade""]",NEW_VALIDATED_PROFILE,197.55,078e61973130a36ff70c8739e7c8e5c4849181ce0b843709b80cefd6e1a98ef4,0e20c61bcf2a1dd1b4f06a67c84b7d45f1037c68fbf449fcc52f46ee23b0f2a6,classified,Electronic,Trip-Hop,"[""R&B / Soul"", ""Pop""]","[""Downtempo"", ""Chillout""]",sung_led,lead_vocal,"[""electronic"", ""clean"", ""hazy""]",sparse,mostly_consistent,"{""family"": ""clear"", ""style"": ""clear""}","[{""at_seconds"": 0.0, ""observation"": ""Subdued downtempo electronic groove opens with deep kick, ticking percussive accents, and ambient pad textures.""}, {""at_seconds"": 26.5, ""observation"": ""Intimate female lead vocals enter over a minimal trip-hop style electronic beat and sustained warm bass tones.""}, {""at_seconds"": 82.0, ""observation"": ""Wordless vocal harmonizing interludes sit in an airy, reverb-drenched atmospheric electronic backdrop.""}]",False
F100,7rAOIiVhiD3vklTrCUpfYo,Celestial Angel,"[""City Girl""]",NEW_VALIDATED_PROFILE,180.68325,bd0850474c8fe0563b57cfc6ac16c77de28899649321fb0c567da732c23c1f80,1b38832692095bc87819ab7f37f739797ede58ffbd2c586f1a676d6dae403ac6,classified,Electronic,Ambient,"[""Easy Listening""]","[""Chillout""]",vocal_samples_only,beat_or_instrumental,"[""electronic"", ""hazy"", ""clean""]",sparse,mostly_consistent,"{""family"": ""clear"", ""style"": ""clear""}","[{""at_seconds"": 15.5, ""observation"": ""An atmospheric, minimalist synthesizer pad sequence with slow chords, deep bass, and delicate chimes.""}, {""at_seconds"": 45.2, ""observation"": ""Slow ambient synth pad swells continue with subtle vinyl surface crackle, lacking percussion.""}, {""at_seconds"": 110.8, ""observation"": ""Wordless, reverbed vocalization ad-libs float in the background over minimal electronic chords.""}]",False
