pilot_id,spotify_track_id,song,raw_genre_labels,canonical_labels,broad_families,style_neighborhoods,scene_contexts,gemini_context_display_only,warnings,trace,owner_first_pass_verbatim,classification_review_suggested,assistant_review_note,owner_mapping_decision,owner_classification_decision,owner_review_notes
A01,4tqcoej1zPvwePZCzuAjJd,Wet Dreamz — J. Cole,"{""primary_family"": ""Hip Hop"", ""secondary_families"": [""R&B""], ""primary_style"": ""Boom Bap"", ""secondary_styles"": [""Conscious Hip Hop"", ""East Coast Hip Hop""]}","[{""id"": ""hip_hop"", ""label"": ""Hip-hop"", ""trace_ids"": [""label-01""]}, {""id"": ""rnb"", ""label"": ""R&B"", ""trace_ids"": [""label-02""]}, {""id"": ""boom_bap"", ""label"": ""Boom bap"", ""trace_ids"": [""label-03""]}, {""id"": ""conscious_hip_hop"", ""label"": ""Conscious hip-hop"", ""trace_ids"": [""label-04""]}, {""id"": ""east_coast_hip_hop"", ""label"": ""East Coast hip-hop"", ""trace_ids"": [""label-05""]}]","[""hip_hop"", ""rnb_soul""]","[""boom_bap"", ""hip_hop_beat_lineage""]","[""conscious_hip_hop_context"", ""east_coast_hip_hop_scene""]","{""vocal_role"": ""rap_led"", ""arrangement_focus"": ""lead_vocal"", ""texture_tags"": [""sample_based"", ""layered""]}","[{""code"": ""context_separate_from_sonic_style"", ""trace_id"": ""label-04"", ""message"": ""Thematic/context concept only; no boom-bap or other sonic style inferred.""}, {""code"": ""context_separate_from_sonic_style"", ""trace_id"": ""label-05"", ""message"": ""The explicit hip-hop name supports its broad family; geography does not imply boom-bap.""}]","[{""trace_id"": ""label-01"", ""source_path"": ""primary_family"", ""raw_label"": ""Hip Hop"", ""normalized_lookup"": ""hip hop"", ""canonical_concept_id"": ""hip_hop"", ""canonical_label"": ""Hip-hop"", ""kind"": ""family"", ""mapping_status"": ""mapped"", ""note"": """", ""review_candidates"": [], ""broad_families"": [""hip_hop""], ""style_neighborhoods"": [], ""scene_contexts"": []}, {""trace_id"": ""label-02"", ""source_path"": ""secondary_families[0]"", ""raw_label"": ""R&B"", ""normalized_lookup"": ""r and b"", ""canonical_concept_id"": ""rnb"", ""canonical_label"": ""R&B"", ""kind"": ""family"", ""mapping_status"": ""mapped"", ""note"": ""R&B stays its own canonical concept; the broad family is a joint umbrella, not a synonym for soul."", ""review_candidates"": [], ""broad_families"": [""rnb_soul""], ""style_neighborhoods"": [], ""scene_contexts"": []}, {""trace_id"": ""label-03"", ""source_path"": ""primary_style"", ""raw_label"": ""Boom Bap"", ""normalized_lookup"": ""boom bap"", ""canonical_concept_id"": ""boom_bap"", ""canonical_label"": ""Boom bap"", ""kind"": ""style"", ""mapping_status"": ""mapped"", ""note"": """", ""review_candidates"": [], ""broad_families"": [""hip_hop""], ""style_neighborhoods"": [""hip_hop_beat_lineage"", ""boom_bap""], ""scene_contexts"": []}, {""trace_id"": ""label-04"", ""source_path"": ""secondary_styles[0]"", ""raw_label"": ""Conscious Hip Hop"", ""normalized_lookup"": ""conscious hip hop"", ""canonical_concept_id"": ""conscious_hip_hop"", ""canonical_label"": ""Conscious hip-hop"", ""kind"": ""scene_context"", ""mapping_status"": ""mapped"", ""note"": ""Thematic/context concept only; no boom-bap or other sonic style inferred."", ""review_candidates"": [], ""broad_families"": [""hip_hop""], ""style_neighborhoods"": [], ""scene_contexts"": [""conscious_hip_hop_context""]}, {""trace_id"": ""label-05"", ""source_path"": ""secondary_styles[1]"", ""raw_label"": ""East Coast Hip Hop"", ""normalized_lookup"": ""east coast hip hop"", ""canonical_concept_id"": ""east_coast_hip_hop"", ""canonical_label"": ""East Coast hip-hop"", ""kind"": ""scene_context"", ""mapping_status"": ""mapped"", ""note"": ""The explicit hip-hop name supports its broad family; geography does not imply boom-bap."", ""review_candidates"": [], ""broad_families"": [""hip_hop""], ""style_neighborhoods"": [], ""scene_contexts"": [""east_coast_hip_hop_scene""]}]",the song sounds like boom bap/ golden age rap ,False,"Boom-bap and the lo-fi/chillhop labels share hip-hop beat lineage, while only explicit Boom Bap supplies the narrow boom_bap neighborhood. Conscious and East Coast tags stay context-only; neither is a synonym for boom-bap. The raw secondary R&B family remains present.",,,
A02,2BJSMvOGABRxokHKB0OI8i,"Shoota (feat. Lil Uzi Vert) — Playboi Carti, Lil Uzi Vert","{""primary_family"": ""hip hop"", ""secondary_families"": [], ""primary_style"": ""trap"", ""secondary_styles"": [""plugg""]}","[{""id"": ""hip_hop"", ""label"": ""Hip-hop"", ""trace_ids"": [""label-01""]}, {""id"": ""trap"", ""label"": ""Trap"", ""trace_ids"": [""label-02""]}, {""id"": ""plugg"", ""label"": ""Plugg"", ""trace_ids"": [""label-03""]}]","[""hip_hop""]","[""plugg_related"", ""trap_related""]",[],"{""vocal_role"": ""rap_led"", ""arrangement_focus"": ""lead_vocal"", ""texture_tags"": [""electronic"", ""clean""]}","[{""code"": ""broad_style_subtype_unspecified"", ""trace_id"": ""label-02"", ""message"": ""Subtype unspecified. Do not derive a hip-hop or electronic family from this label alone.""}]","[{""trace_id"": ""label-01"", ""source_path"": ""primary_family"", ""raw_label"": ""hip hop"", ""normalized_lookup"": ""hip hop"", ""canonical_concept_id"": ""hip_hop"", ""canonical_label"": ""Hip-hop"", ""kind"": ""family"", ""mapping_status"": ""mapped"", ""note"": """", ""review_candidates"": [], ""broad_families"": [""hip_hop""], ""style_neighborhoods"": [], ""scene_contexts"": []}, {""trace_id"": ""label-02"", ""source_path"": ""primary_style"", ""raw_label"": ""trap"", ""normalized_lookup"": ""trap"", ""canonical_concept_id"": ""trap"", ""canonical_label"": ""Trap"", ""kind"": ""style_umbrella"", ""mapping_status"": ""mapped"", ""note"": ""Subtype unspecified. Do not derive a hip-hop or electronic family from this label alone."", ""review_candidates"": [], ""broad_families"": [], ""style_neighborhoods"": [""trap_related""], ""scene_contexts"": []}, {""trace_id"": ""label-03"", ""source_path"": ""secondary_styles[0]"", ""raw_label"": ""plugg"", ""normalized_lookup"": ""plugg"", ""canonical_concept_id"": ""plugg"", ""canonical_label"": ""Plugg"", ""kind"": ""style"", ""mapping_status"": ""mapped"", ""note"": """", ""review_candidates"": [], ""broad_families"": [""hip_hop""], ""style_neighborhoods"": [""trap_related"", ""plugg_related""], ""scene_contexts"": []}]",trap rap heavy fast/aggressive,False,"Trap and plugg overlap through a general trap-related neighborhood. Plugg is a model label, not newly owner-confirmed. No fast/aggressive property is inferred from the owner note or the genre labels.",,,
A03,2Vu2hkPW7LxMHPqoMjSIEJ,My Gamecube Broke. — .Uzu,"{""primary_family"": ""Electronic"", ""secondary_families"": [""Bass Music""], ""primary_style"": ""Drum and Bass"", ""secondary_styles"": [""Neurofunk"", ""Dubstep""]}","[{""id"": ""electronic"", ""label"": ""Electronic"", ""trace_ids"": [""label-01""]}, {""id"": ""bass_music"", ""label"": ""Bass music"", ""trace_ids"": [""label-02""]}, {""id"": ""drum_and_bass"", ""label"": ""Drum and bass"", ""trace_ids"": [""label-03""]}, {""id"": ""neurofunk"", ""label"": ""Neurofunk"", ""trace_ids"": [""label-04""]}, {""id"": ""dubstep"", ""label"": ""Dubstep"", ""trace_ids"": [""label-05""]}]","[""electronic""]","[""bass_electronic"", ""drum_and_bass"", ""dubstep""]",[],"{""vocal_role"": ""vocal_samples_only"", ""arrangement_focus"": ""beat_or_instrumental"", ""texture_tags"": [""electronic"", ""distorted"", ""layered""]}","[{""code"": ""mapping_review_required"", ""trace_id"": ""label-02"", ""message"": ""Heterogeneous electronic/club/regional umbrella; do not equate with drum-and-bass, dubstep, or a single family.""}]","[{""trace_id"": ""label-01"", ""source_path"": ""primary_family"", ""raw_label"": ""Electronic"", ""normalized_lookup"": ""electronic"", ""canonical_concept_id"": ""electronic"", ""canonical_label"": ""Electronic"", ""kind"": ""family"", ""mapping_status"": ""mapped"", ""note"": """", ""review_candidates"": [], ""broad_families"": [""electronic""], ""style_neighborhoods"": [], ""scene_contexts"": []}, {""trace_id"": ""label-02"", ""source_path"": ""secondary_families[0]"", ""raw_label"": ""Bass Music"", ""normalized_lookup"": ""bass music"", ""canonical_concept_id"": ""bass_music"", ""canonical_label"": ""Bass music"", ""kind"": ""ambiguous_umbrella"", ""mapping_status"": ""mapping_review_required"", ""note"": ""Heterogeneous electronic/club/regional umbrella; do not equate with drum-and-bass, dubstep, or a single family."", ""review_candidates"": [""electronic bass styles"", ""other regional bass-music usage""], ""broad_families"": [], ""style_neighborhoods"": [], ""scene_contexts"": []}, {""trace_id"": ""label-03"", ""source_path"": ""primary_style"", ""raw_label"": ""Drum and Bass"", ""normalized_lookup"": ""drum and bass"", ""canonical_concept_id"": ""drum_and_bass"", ""canonical_label"": ""Drum and bass"", ""kind"": ""style"", ""mapping_status"": ""mapped"", ""note"": """", ""review_candidates"": [], ""broad_families"": [""electronic""], ""style_neighborhoods"": [""bass_electronic"", ""drum_and_bass""], ""scene_contexts"": []}, {""trace_id"": ""label-04"", ""source_path"": ""secondary_styles[0]"", ""raw_label"": ""Neurofunk"", ""normalized_lookup"": ""neurofunk"", ""canonical_concept_id"": ""neurofunk"", ""canonical_label"": ""Neurofunk"", ""kind"": ""style"", ""mapping_status"": ""mapped"", ""note"": """", ""review_candidates"": [], ""broad_families"": [""electronic""], ""style_neighborhoods"": [""bass_electronic"", ""drum_and_bass""], ""scene_contexts"": []}, {""trace_id"": ""label-05"", ""source_path"": ""secondary_styles[1]"", ""raw_label"": ""Dubstep"", ""normalized_lookup"": ""dubstep"", ""canonical_concept_id"": ""dubstep"", ""canonical_label"": ""Dubstep"", ""kind"": ""style"", ""mapping_status"": ""mapped"", ""note"": """", ""review_candidates"": [], ""broad_families"": [""electronic""], ""style_neighborhoods"": [""bass_electronic"", ""dubstep""], ""scene_contexts"": []}]",lofi electronic/gamey style,True,Classification-review priority: the free-form Drum and Bass / Neurofunk / Dubstep prediction differs substantially from the owner first-pass lo-fi electronic/gamey description and the older ontology-constrained lo-fi profile. Mapping those literal labels into bass-electronic neighborhoods is not a mapper bug. Do not remap them to lo-fi to repair this song. Bass Music is independently an ambiguous umbrella requiring mapping review.,,,
A04,7hFW5IN7mQ99PuO86r38Sf,She loves the color green and I love her — City Girl,"{""primary_family"": ""Hip Hop"", ""secondary_families"": [""Electronic""], ""primary_style"": ""Lo-Fi Hip Hop"", ""secondary_styles"": [""Downtempo"", ""Chillout""]}","[{""id"": ""hip_hop"", ""label"": ""Hip-hop"", ""trace_ids"": [""label-01""]}, {""id"": ""electronic"", ""label"": ""Electronic"", ""trace_ids"": [""label-02""]}, {""id"": ""lofi_hip_hop"", ""label"": ""Lo-fi hip-hop"", ""trace_ids"": [""label-03""]}, {""id"": ""downtempo"", ""label"": ""Downtempo"", ""trace_ids"": [""label-04""]}, {""id"": ""chillout"", ""label"": ""Chillout"", ""trace_ids"": [""label-05""]}]","[""electronic"", ""hip_hop""]","[""downtempo_related"", ""hip_hop_beat_lineage"", ""lofi_chill_beats""]","[""chillout_umbrella""]","{""vocal_role"": ""vocal_samples_only"", ""arrangement_focus"": ""beat_or_instrumental"", ""texture_tags"": [""sample_based"", ""electronic"", ""hazy""]}","[{""code"": ""mapping_review_required"", ""trace_id"": ""label-05"", ""message"": ""May denote a listening use or heterogeneous sonic styles. Retain the ambiguous umbrella; do not equate with downtempo or lo-fi.""}, {""code"": ""context_separate_from_sonic_style"", ""trace_id"": ""label-05"", ""message"": ""May denote a listening use or heterogeneous sonic styles. Retain the ambiguous umbrella; do not equate with downtempo or lo-fi.""}]","[{""trace_id"": ""label-01"", ""source_path"": ""primary_family"", ""raw_label"": ""Hip Hop"", ""normalized_lookup"": ""hip hop"", ""canonical_concept_id"": ""hip_hop"", ""canonical_label"": ""Hip-hop"", ""kind"": ""family"", ""mapping_status"": ""mapped"", ""note"": """", ""review_candidates"": [], ""broad_families"": [""hip_hop""], ""style_neighborhoods"": [], ""scene_contexts"": []}, {""trace_id"": ""label-02"", ""source_path"": ""secondary_families[0]"", ""raw_label"": ""Electronic"", ""normalized_lookup"": ""electronic"", ""canonical_concept_id"": ""electronic"", ""canonical_label"": ""Electronic"", ""kind"": ""family"", ""mapping_status"": ""mapped"", ""note"": """", ""review_candidates"": [], ""broad_families"": [""electronic""], ""style_neighborhoods"": [], ""scene_contexts"": []}, {""trace_id"": ""label-03"", ""source_path"": ""primary_style"", ""raw_label"": ""Lo-Fi Hip Hop"", ""normalized_lookup"": ""lo fi hip hop"", ""canonical_concept_id"": ""lofi_hip_hop"", ""canonical_label"": ""Lo-fi hip-hop"", ""kind"": ""style"", ""mapping_status"": ""mapped"", ""note"": ""Does not assert boom-bap, instrumental-only status, or electronic instrumentation."", ""review_candidates"": [], ""broad_families"": [""hip_hop""], ""style_neighborhoods"": [""hip_hop_beat_lineage"", ""lofi_chill_beats""], ""scene_contexts"": []}, {""trace_id"": ""label-04"", ""source_path"": ""secondary_styles[0]"", ""raw_label"": ""Downtempo"", ""normalized_lookup"": ""downtempo"", ""canonical_concept_id"": ""downtempo"", ""canonical_label"": ""Downtempo"", ""kind"": ""style_umbrella"", ""mapping_status"": ""mapped"", ""note"": ""A style-level umbrella even when Gemini puts it in a family slot; not a BPM measurement."", ""review_candidates"": [], ""broad_families"": [""electronic""], ""style_neighborhoods"": [""downtempo_related""], ""scene_contexts"": []}, {""trace_id"": ""label-05"", ""source_path"": ""secondary_styles[1]"", ""raw_label"": ""Chillout"", ""normalized_lookup"": ""chillout"", ""canonical_concept_id"": ""chillout"", ""canonical_label"": ""Chillout"", ""kind"": ""ambiguous_context_style"", ""mapping_status"": ""mapping_review_required"", ""note"": ""May denote a listening use or heterogeneous sonic styles. Retain the ambiguous umbrella; do not equate with downtempo or lo-fi."", ""review_candidates"": [""listening context"", ""downtempo-oriented style umbrella""], ""broad_families"": [], ""style_neighborhoods"": [], ""scene_contexts"": [""chillout_umbrella""]}]",soft studying lofi sound,False,Lo-Fi Hip Hop normalizes to the same concept as Tea Time's lo_fi_hip_hop. Downtempo contributes its own neighborhood. Chillout remains an ambiguous context/style umbrella. No instrumental role is inferred from the genre map or copied vocal context.,,,
A05,5sEeuhYWHNczuPKek1zJeG,Tea Time — Disvstxr,"{""primary_family"": ""hip_hop"", ""secondary_families"": [""electronic""], ""primary_style"": ""lo_fi_hip_hop"", ""secondary_styles"": [""chillhop"", ""downtempo""]}","[{""id"": ""hip_hop"", ""label"": ""Hip-hop"", ""trace_ids"": [""label-01""]}, {""id"": ""electronic"", ""label"": ""Electronic"", ""trace_ids"": [""label-02""]}, {""id"": ""lofi_hip_hop"", ""label"": ""Lo-fi hip-hop"", ""trace_ids"": [""label-03""]}, {""id"": ""chillhop"", ""label"": ""Chillhop"", ""trace_ids"": [""label-04""]}, {""id"": ""downtempo"", ""label"": ""Downtempo"", ""trace_ids"": [""label-05""]}]","[""electronic"", ""hip_hop""]","[""downtempo_related"", ""hip_hop_beat_lineage"", ""lofi_chill_beats""]",[],"{""vocal_role"": ""vocal_samples_only"", ""arrangement_focus"": ""beat_or_instrumental"", ""texture_tags"": [""sample_based"", ""hazy"", ""clean""]}",[],"[{""trace_id"": ""label-01"", ""source_path"": ""primary_family"", ""raw_label"": ""hip_hop"", ""normalized_lookup"": ""hip hop"", ""canonical_concept_id"": ""hip_hop"", ""canonical_label"": ""Hip-hop"", ""kind"": ""family"", ""mapping_status"": ""mapped"", ""note"": """", ""review_candidates"": [], ""broad_families"": [""hip_hop""], ""style_neighborhoods"": [], ""scene_contexts"": []}, {""trace_id"": ""label-02"", ""source_path"": ""secondary_families[0]"", ""raw_label"": ""electronic"", ""normalized_lookup"": ""electronic"", ""canonical_concept_id"": ""electronic"", ""canonical_label"": ""Electronic"", ""kind"": ""family"", ""mapping_status"": ""mapped"", ""note"": """", ""review_candidates"": [], ""broad_families"": [""electronic""], ""style_neighborhoods"": [], ""scene_contexts"": []}, {""trace_id"": ""label-03"", ""source_path"": ""primary_style"", ""raw_label"": ""lo_fi_hip_hop"", ""normalized_lookup"": ""lo fi hip hop"", ""canonical_concept_id"": ""lofi_hip_hop"", ""canonical_label"": ""Lo-fi hip-hop"", ""kind"": ""style"", ""mapping_status"": ""mapped"", ""note"": ""Does not assert boom-bap, instrumental-only status, or electronic instrumentation."", ""review_candidates"": [], ""broad_families"": [""hip_hop""], ""style_neighborhoods"": [""hip_hop_beat_lineage"", ""lofi_chill_beats""], ""scene_contexts"": []}, {""trace_id"": ""label-04"", ""source_path"": ""secondary_styles[0]"", ""raw_label"": ""chillhop"", ""normalized_lookup"": ""chillhop"", ""canonical_concept_id"": ""chillhop"", ""canonical_label"": ""Chillhop"", ""kind"": ""style"", ""mapping_status"": ""mapped"", ""note"": """", ""review_candidates"": [], ""broad_families"": [""hip_hop""], ""style_neighborhoods"": [""hip_hop_beat_lineage"", ""lofi_chill_beats""], ""scene_contexts"": []}, {""trace_id"": ""label-05"", ""source_path"": ""secondary_styles[1]"", ""raw_label"": ""downtempo"", ""normalized_lookup"": ""downtempo"", ""canonical_concept_id"": ""downtempo"", ""canonical_label"": ""Downtempo"", ""kind"": ""style_umbrella"", ""mapping_status"": ""mapped"", ""note"": ""A style-level umbrella even when Gemini puts it in a family slot; not a BPM measurement."", ""review_candidates"": [], ""broad_families"": [""electronic""], ""style_neighborhoods"": [""downtempo_related""], ""scene_contexts"": []}]",lofi hip hop ,False,Alias normalization agrees with the other explicit lo-fi hip-hop example. The good Tea Time / Sit Around rating does not require equal mapped neighborhoods; do not broaden the mapper just to manufacture that overlap.,,,
A06,4LaZ8RpIP6DIgN73bXQVlO,GET IT — keshi,"{""primary_family"": ""Hip Hop"", ""secondary_families"": [""Pop"", ""R&B""], ""primary_style"": ""Trap"", ""secondary_styles"": [""Pop Rap"", ""Melodic Rap""]}","[{""id"": ""hip_hop"", ""label"": ""Hip-hop"", ""trace_ids"": [""label-01""]}, {""id"": ""pop"", ""label"": ""Pop"", ""trace_ids"": [""label-02""]}, {""id"": ""rnb"", ""label"": ""R&B"", ""trace_ids"": [""label-03""]}, {""id"": ""trap"", ""label"": ""Trap"", ""trace_ids"": [""label-04""]}, {""id"": ""pop_rap"", ""label"": ""Pop rap"", ""trace_ids"": [""label-05""]}, {""id"": ""melodic_rap"", ""label"": ""Melodic rap"", ""trace_ids"": [""label-06""]}]","[""hip_hop"", ""pop"", ""rnb_soul""]","[""melodic_rap"", ""rap_pop_crossover"", ""trap_related""]",[],"{""vocal_role"": ""mixed_rap_and_singing"", ""arrangement_focus"": ""balanced"", ""texture_tags"": [""electronic"", ""layered"", ""clean""]}","[{""code"": ""broad_style_subtype_unspecified"", ""trace_id"": ""label-04"", ""message"": ""Subtype unspecified. Do not derive a hip-hop or electronic family from this label alone.""}]","[{""trace_id"": ""label-01"", ""source_path"": ""primary_family"", ""raw_label"": ""Hip Hop"", ""normalized_lookup"": ""hip hop"", ""canonical_concept_id"": ""hip_hop"", ""canonical_label"": ""Hip-hop"", ""kind"": ""family"", ""mapping_status"": ""mapped"", ""note"": """", ""review_candidates"": [], ""broad_families"": [""hip_hop""], ""style_neighborhoods"": [], ""scene_contexts"": []}, {""trace_id"": ""label-02"", ""source_path"": ""secondary_families[0]"", ""raw_label"": ""Pop"", ""normalized_lookup"": ""pop"", ""canonical_concept_id"": ""pop"", ""canonical_label"": ""Pop"", ""kind"": ""family"", ""mapping_status"": ""mapped"", ""note"": """", ""review_candidates"": [], ""broad_families"": [""pop""], ""style_neighborhoods"": [], ""scene_contexts"": []}, {""trace_id"": ""label-03"", ""source_path"": ""secondary_families[1]"", ""raw_label"": ""R&B"", ""normalized_lookup"": ""r and b"", ""canonical_concept_id"": ""rnb"", ""canonical_label"": ""R&B"", ""kind"": ""family"", ""mapping_status"": ""mapped"", ""note"": ""R&B stays its own canonical concept; the broad family is a joint umbrella, not a synonym for soul."", ""review_candidates"": [], ""broad_families"": [""rnb_soul""], ""style_neighborhoods"": [], ""scene_contexts"": []}, {""trace_id"": ""label-04"", ""source_path"": ""primary_style"", ""raw_label"": ""Trap"", ""normalized_lookup"": ""trap"", ""canonical_concept_id"": ""trap"", ""canonical_label"": ""Trap"", ""kind"": ""style_umbrella"", ""mapping_status"": ""mapped"", ""note"": ""Subtype unspecified. Do not derive a hip-hop or electronic family from this label alone."", ""review_candidates"": [], ""broad_families"": [], ""style_neighborhoods"": [""trap_related""], ""scene_contexts"": []}, {""trace_id"": ""label-05"", ""source_path"": ""secondary_styles[0]"", ""raw_label"": ""Pop Rap"", ""normalized_lookup"": ""pop rap"", ""canonical_concept_id"": ""pop_rap"", ""canonical_label"": ""Pop rap"", ""kind"": ""style"", ""mapping_status"": ""mapped"", ""note"": """", ""review_candidates"": [], ""broad_families"": [""hip_hop"", ""pop""], ""style_neighborhoods"": [""rap_pop_crossover""], ""scene_contexts"": []}, {""trace_id"": ""label-06"", ""source_path"": ""secondary_styles[1]"", ""raw_label"": ""Melodic Rap"", ""normalized_lookup"": ""melodic rap"", ""canonical_concept_id"": ""melodic_rap"", ""canonical_label"": ""Melodic rap"", ""kind"": ""style"", ""mapping_status"": ""mapped"", ""note"": """", ""review_candidates"": [], ""broad_families"": [""hip_hop""], ""style_neighborhoods"": [""melodic_rap""], ""scene_contexts"": []}]",dark alt rnb ,True,"Classification-review question: the owner described dark alternative R&B, whereas Gemini foregrounds Trap / Pop Rap / Melodic Rap. Its explicit secondary R&B and Pop memberships are retained, yielding overlapping hip-hop / pop / R&B families. Do not insert Alternative R&B or a dark-mood attribute that Gemini did not label.",,,
A07,7fBv7CLKzipRk6EC6TWHOB,The Hills — The Weeknd,"{""primary_family"": ""R&B"", ""secondary_families"": [""Hip-Hop"", ""Pop""], ""primary_style"": ""Contemporary R&B"", ""secondary_styles"": [""Trap"", ""Alternative R&B""]}","[{""id"": ""rnb"", ""label"": ""R&B"", ""trace_ids"": [""label-01""]}, {""id"": ""hip_hop"", ""label"": ""Hip-hop"", ""trace_ids"": [""label-02""]}, {""id"": ""pop"", ""label"": ""Pop"", ""trace_ids"": [""label-03""]}, {""id"": ""contemporary_rnb"", ""label"": ""Contemporary R&B"", ""trace_ids"": [""label-04""]}, {""id"": ""trap"", ""label"": ""Trap"", ""trace_ids"": [""label-05""]}, {""id"": ""alternative_rnb"", ""label"": ""Alternative R&B"", ""trace_ids"": [""label-06""]}]","[""hip_hop"", ""pop"", ""rnb_soul""]","[""alternative_rnb"", ""modern_rnb"", ""trap_related""]",[],"{""vocal_role"": ""sung_led"", ""arrangement_focus"": ""lead_vocal"", ""texture_tags"": [""electronic"", ""layered""]}","[{""code"": ""broad_style_subtype_unspecified"", ""trace_id"": ""label-05"", ""message"": ""Subtype unspecified. Do not derive a hip-hop or electronic family from this label alone.""}]","[{""trace_id"": ""label-01"", ""source_path"": ""primary_family"", ""raw_label"": ""R&B"", ""normalized_lookup"": ""r and b"", ""canonical_concept_id"": ""rnb"", ""canonical_label"": ""R&B"", ""kind"": ""family"", ""mapping_status"": ""mapped"", ""note"": ""R&B stays its own canonical concept; the broad family is a joint umbrella, not a synonym for soul."", ""review_candidates"": [], ""broad_families"": [""rnb_soul""], ""style_neighborhoods"": [], ""scene_contexts"": []}, {""trace_id"": ""label-02"", ""source_path"": ""secondary_families[0]"", ""raw_label"": ""Hip-Hop"", ""normalized_lookup"": ""hip hop"", ""canonical_concept_id"": ""hip_hop"", ""canonical_label"": ""Hip-hop"", ""kind"": ""family"", ""mapping_status"": ""mapped"", ""note"": """", ""review_candidates"": [], ""broad_families"": [""hip_hop""], ""style_neighborhoods"": [], ""scene_contexts"": []}, {""trace_id"": ""label-03"", ""source_path"": ""secondary_families[1]"", ""raw_label"": ""Pop"", ""normalized_lookup"": ""pop"", ""canonical_concept_id"": ""pop"", ""canonical_label"": ""Pop"", ""kind"": ""family"", ""mapping_status"": ""mapped"", ""note"": """", ""review_candidates"": [], ""broad_families"": [""pop""], ""style_neighborhoods"": [], ""scene_contexts"": []}, {""trace_id"": ""label-04"", ""source_path"": ""primary_style"", ""raw_label"": ""Contemporary R&B"", ""normalized_lookup"": ""contemporary r and b"", ""canonical_concept_id"": ""contemporary_rnb"", ""canonical_label"": ""Contemporary R&B"", ""kind"": ""style"", ""mapping_status"": ""mapped"", ""note"": """", ""review_candidates"": [], ""broad_families"": [""rnb_soul""], ""style_neighborhoods"": [""modern_rnb""], ""scene_contexts"": []}, {""trace_id"": ""label-05"", ""source_path"": ""secondary_styles[0]"", ""raw_label"": ""Trap"", ""normalized_lookup"": ""trap"", ""canonical_concept_id"": ""trap"", ""canonical_label"": ""Trap"", ""kind"": ""style_umbrella"", ""mapping_status"": ""mapped"", ""note"": ""Subtype unspecified. Do not derive a hip-hop or electronic family from this label alone."", ""review_candidates"": [], ""broad_families"": [], ""style_neighborhoods"": [""trap_related""], ""scene_contexts"": []}, {""trace_id"": ""label-06"", ""source_path"": ""secondary_styles[1]"", ""raw_label"": ""Alternative R&B"", ""normalized_lookup"": ""alternative r and b"", ""canonical_concept_id"": ""alternative_rnb"", ""canonical_label"": ""Alternative R&B"", ""kind"": ""style"", ""mapping_status"": ""mapped"", ""note"": """", ""review_candidates"": [], ""broad_families"": [""rnb_soul""], ""style_neighborhoods"": [""modern_rnb"", ""alternative_rnb""], ""scene_contexts"": []}]",dark heavy rnb,False,"The current free-form profile has Contemporary R&B / Trap / Alternative R&B. The earlier owner objection to the original ontology-constrained hyperpop label is historical context, not a rejection of this newer free-form profile. Shared modern-R&B membership with Shouldn't Be preserves the different narrower styles.",,,
A08,7F6PtLP6fJPVtA1FWVkl8K,Shouldn't Be — Luke Chiang,"{""primary_family"": ""R&B"", ""secondary_families"": [""Pop"", ""Electronic""], ""primary_style"": ""Contemporary R&B"", ""secondary_styles"": [""Alt-Pop"", ""Ambient Pop""]}","[{""id"": ""rnb"", ""label"": ""R&B"", ""trace_ids"": [""label-01""]}, {""id"": ""pop"", ""label"": ""Pop"", ""trace_ids"": [""label-02""]}, {""id"": ""electronic"", ""label"": ""Electronic"", ""trace_ids"": [""label-03""]}, {""id"": ""contemporary_rnb"", ""label"": ""Contemporary R&B"", ""trace_ids"": [""label-04""]}, {""id"": ""alternative_pop"", ""label"": ""Alternative pop"", ""trace_ids"": [""label-05""]}, {""id"": ""ambient_pop"", ""label"": ""Ambient pop"", ""trace_ids"": [""label-06""]}]","[""electronic"", ""pop"", ""rnb_soul""]","[""alternative_pop"", ""atmospheric_pop"", ""modern_rnb""]",[],"{""vocal_role"": ""sung_led"", ""arrangement_focus"": ""lead_vocal"", ""texture_tags"": [""electronic"", ""clean"", ""layered""]}",[],"[{""trace_id"": ""label-01"", ""source_path"": ""primary_family"", ""raw_label"": ""R&B"", ""normalized_lookup"": ""r and b"", ""canonical_concept_id"": ""rnb"", ""canonical_label"": ""R&B"", ""kind"": ""family"", ""mapping_status"": ""mapped"", ""note"": ""R&B stays its own canonical concept; the broad family is a joint umbrella, not a synonym for soul."", ""review_candidates"": [], ""broad_families"": [""rnb_soul""], ""style_neighborhoods"": [], ""scene_contexts"": []}, {""trace_id"": ""label-02"", ""source_path"": ""secondary_families[0]"", ""raw_label"": ""Pop"", ""normalized_lookup"": ""pop"", ""canonical_concept_id"": ""pop"", ""canonical_label"": ""Pop"", ""kind"": ""family"", ""mapping_status"": ""mapped"", ""note"": """", ""review_candidates"": [], ""broad_families"": [""pop""], ""style_neighborhoods"": [], ""scene_contexts"": []}, {""trace_id"": ""label-03"", ""source_path"": ""secondary_families[1]"", ""raw_label"": ""Electronic"", ""normalized_lookup"": ""electronic"", ""canonical_concept_id"": ""electronic"", ""canonical_label"": ""Electronic"", ""kind"": ""family"", ""mapping_status"": ""mapped"", ""note"": """", ""review_candidates"": [], ""broad_families"": [""electronic""], ""style_neighborhoods"": [], ""scene_contexts"": []}, {""trace_id"": ""label-04"", ""source_path"": ""primary_style"", ""raw_label"": ""Contemporary R&B"", ""normalized_lookup"": ""contemporary r and b"", ""canonical_concept_id"": ""contemporary_rnb"", ""canonical_label"": ""Contemporary R&B"", ""kind"": ""style"", ""mapping_status"": ""mapped"", ""note"": """", ""review_candidates"": [], ""broad_families"": [""rnb_soul""], ""style_neighborhoods"": [""modern_rnb""], ""scene_contexts"": []}, {""trace_id"": ""label-05"", ""source_path"": ""secondary_styles[0]"", ""raw_label"": ""Alt-Pop"", ""normalized_lookup"": ""alt pop"", ""canonical_concept_id"": ""alternative_pop"", ""canonical_label"": ""Alternative pop"", ""kind"": ""style"", ""mapping_status"": ""mapped"", ""note"": """", ""review_candidates"": [], ""broad_families"": [""pop""], ""style_neighborhoods"": [""alternative_pop""], ""scene_contexts"": []}, {""trace_id"": ""label-06"", ""source_path"": ""secondary_styles[1]"", ""raw_label"": ""Ambient Pop"", ""normalized_lookup"": ""ambient pop"", ""canonical_concept_id"": ""ambient_pop"", ""canonical_label"": ""Ambient pop"", ""kind"": ""style"", ""mapping_status"": ""mapped"", ""note"": ""Pop with ambient-style associations; no electronic family inferred from the modifier alone."", ""review_candidates"": [], ""broad_families"": [""pop""], ""style_neighborhoods"": [""atmospheric_pop""], ""scene_contexts"": []}]",soul rnb,False,"Contemporary R&B shares a broad neighborhood with The Hills, while Alt-Pop / Ambient Pop add different style memberships. The owner's soul wording is retained separately; it does not cause the mapper to append a Soul label.",,,
A09,74X2u8JMVooG2QbjRxXwR8,Perfect Night — LE SSERAFIM,"{""primary_family"": ""Pop"", ""secondary_families"": [""R&B"", ""Electronic""], ""primary_style"": ""Dance-Pop"", ""secondary_styles"": [""Contemporary R&B"", ""Nu-Disco""]}","[{""id"": ""pop"", ""label"": ""Pop"", ""trace_ids"": [""label-01""]}, {""id"": ""rnb"", ""label"": ""R&B"", ""trace_ids"": [""label-02""]}, {""id"": ""electronic"", ""label"": ""Electronic"", ""trace_ids"": [""label-03""]}, {""id"": ""dance_pop"", ""label"": ""Dance-pop"", ""trace_ids"": [""label-04""]}, {""id"": ""contemporary_rnb"", ""label"": ""Contemporary R&B"", ""trace_ids"": [""label-05""]}, {""id"": ""nu_disco"", ""label"": ""Nu-disco"", ""trace_ids"": [""label-06""]}]","[""electronic"", ""pop"", ""rnb_soul""]","[""dance_pop"", ""disco_related"", ""modern_rnb"", ""pop_electronic""]",[],"{""vocal_role"": ""sung_led"", ""arrangement_focus"": ""lead_vocal"", ""texture_tags"": [""electronic"", ""clean"", ""layered""]}",[],"[{""trace_id"": ""label-01"", ""source_path"": ""primary_family"", ""raw_label"": ""Pop"", ""normalized_lookup"": ""pop"", ""canonical_concept_id"": ""pop"", ""canonical_label"": ""Pop"", ""kind"": ""family"", ""mapping_status"": ""mapped"", ""note"": """", ""review_candidates"": [], ""broad_families"": [""pop""], ""style_neighborhoods"": [], ""scene_contexts"": []}, {""trace_id"": ""label-02"", ""source_path"": ""secondary_families[0]"", ""raw_label"": ""R&B"", ""normalized_lookup"": ""r and b"", ""canonical_concept_id"": ""rnb"", ""canonical_label"": ""R&B"", ""kind"": ""family"", ""mapping_status"": ""mapped"", ""note"": ""R&B stays its own canonical concept; the broad family is a joint umbrella, not a synonym for soul."", ""review_candidates"": [], ""broad_families"": [""rnb_soul""], ""style_neighborhoods"": [], ""scene_contexts"": []}, {""trace_id"": ""label-03"", ""source_path"": ""secondary_families[1]"", ""raw_label"": ""Electronic"", ""normalized_lookup"": ""electronic"", ""canonical_concept_id"": ""electronic"", ""canonical_label"": ""Electronic"", ""kind"": ""family"", ""mapping_status"": ""mapped"", ""note"": """", ""review_candidates"": [], ""broad_families"": [""electronic""], ""style_neighborhoods"": [], ""scene_contexts"": []}, {""trace_id"": ""label-04"", ""source_path"": ""primary_style"", ""raw_label"": ""Dance-Pop"", ""normalized_lookup"": ""dance pop"", ""canonical_concept_id"": ""dance_pop"", ""canonical_label"": ""Dance-pop"", ""kind"": ""style"", ""mapping_status"": ""mapped"", ""note"": ""Electronic-pop neighborhood is a stylistic adjacency, not an instrumentation assertion or automatic electronic family."", ""review_candidates"": [], ""broad_families"": [""pop""], ""style_neighborhoods"": [""pop_electronic"", ""dance_pop""], ""scene_contexts"": []}, {""trace_id"": ""label-05"", ""source_path"": ""secondary_styles[0]"", ""raw_label"": ""Contemporary R&B"", ""normalized_lookup"": ""contemporary r and b"", ""canonical_concept_id"": ""contemporary_rnb"", ""canonical_label"": ""Contemporary R&B"", ""kind"": ""style"", ""mapping_status"": ""mapped"", ""note"": """", ""review_candidates"": [], ""broad_families"": [""rnb_soul""], ""style_neighborhoods"": [""modern_rnb""], ""scene_contexts"": []}, {""trace_id"": ""label-06"", ""source_path"": ""secondary_styles[1]"", ""raw_label"": ""Nu-Disco"", ""normalized_lookup"": ""nu disco"", ""canonical_concept_id"": ""nu_disco"", ""canonical_label"": ""Nu-disco"", ""kind"": ""style"", ""mapping_status"": ""mapped"", ""note"": """", ""review_candidates"": [], ""broad_families"": [""electronic""], ""style_neighborhoods"": [""disco_related""], ""scene_contexts"": []}]",kpop contemporary rnb,True,"Context/classification-review question: the owner included K-Pop, but the current Gemini profile did not. Do not infer scene membership from the artist or owner note. Contemporary R&B is shared wording; Nu-Disco / Dance-Pop remain model claims for inspection.",,,
A10,65FftemJ1DbbZ45DUfHJXE,OMG — NewJeans,"{""primary_family"": ""Pop"", ""secondary_families"": [""R&B and Soul"", ""Dance""], ""primary_style"": ""K-Pop"", ""secondary_styles"": [""Contemporary R&B"", ""Synth-Pop""]}","[{""id"": ""pop"", ""label"": ""Pop"", ""trace_ids"": [""label-01""]}, {""id"": ""rnb_soul_umbrella"", ""label"": ""R&B and Soul"", ""trace_ids"": [""label-02""]}, {""id"": ""dance_unspecified"", ""label"": ""Dance"", ""trace_ids"": [""label-03""]}, {""id"": ""k_pop"", ""label"": ""K-Pop"", ""trace_ids"": [""label-04""]}, {""id"": ""contemporary_rnb"", ""label"": ""Contemporary R&B"", ""trace_ids"": [""label-05""]}, {""id"": ""synth_pop"", ""label"": ""Synth-pop"", ""trace_ids"": [""label-06""]}]","[""electronic"", ""pop"", ""rnb_soul""]","[""modern_rnb"", ""pop_electronic"", ""synth_pop""]","[""korean_pop_scene""]","{""vocal_role"": ""mixed_rap_and_singing"", ""arrangement_focus"": ""lead_vocal"", ""texture_tags"": [""electronic"", ""clean"", ""layered""]}","[{""code"": ""mapping_review_required"", ""trace_id"": ""label-03"", ""message"": ""Bare dance label does not distinguish function, dance-pop, or electronic dance music.""}, {""code"": ""context_separate_from_sonic_style"", ""trace_id"": ""label-04"", ""message"": ""Context only. No sonic neighborhood or broad family follows solely from the scene label.""}]","[{""trace_id"": ""label-01"", ""source_path"": ""primary_family"", ""raw_label"": ""Pop"", ""normalized_lookup"": ""pop"", ""canonical_concept_id"": ""pop"", ""canonical_label"": ""Pop"", ""kind"": ""family"", ""mapping_status"": ""mapped"", ""note"": """", ""review_candidates"": [], ""broad_families"": [""pop""], ""style_neighborhoods"": [], ""scene_contexts"": []}, {""trace_id"": ""label-02"", ""source_path"": ""secondary_families[0]"", ""raw_label"": ""R&B and Soul"", ""normalized_lookup"": ""r and b and soul"", ""canonical_concept_id"": ""rnb_soul_umbrella"", ""canonical_label"": ""R&B and Soul"", ""kind"": ""family_umbrella"", ""mapping_status"": ""mapped"", ""note"": ""Combined family label preserved as an umbrella; not split into two independently predicted genres."", ""review_candidates"": [], ""broad_families"": [""rnb_soul""], ""style_neighborhoods"": [], ""scene_contexts"": []}, {""trace_id"": ""label-03"", ""source_path"": ""secondary_families[1]"", ""raw_label"": ""Dance"", ""normalized_lookup"": ""dance"", ""canonical_concept_id"": ""dance_unspecified"", ""canonical_label"": ""Dance"", ""kind"": ""ambiguous_umbrella"", ""mapping_status"": ""mapping_review_required"", ""note"": ""Bare dance label does not distinguish function, dance-pop, or electronic dance music."", ""review_candidates"": [""dance/listening function"", ""dance-pop"", ""electronic dance music""], ""broad_families"": [], ""style_neighborhoods"": [], ""scene_contexts"": []}, {""trace_id"": ""label-04"", ""source_path"": ""primary_style"", ""raw_label"": ""K-Pop"", ""normalized_lookup"": ""k pop"", ""canonical_concept_id"": ""k_pop"", ""canonical_label"": ""K-Pop"", ""kind"": ""scene_context"", ""mapping_status"": ""mapped"", ""note"": ""Context only. No sonic neighborhood or broad family follows solely from the scene label."", ""review_candidates"": [], ""broad_families"": [], ""style_neighborhoods"": [], ""scene_contexts"": [""korean_pop_scene""]}, {""trace_id"": ""label-05"", ""source_path"": ""secondary_styles[0]"", ""raw_label"": ""Contemporary R&B"", ""normalized_lookup"": ""contemporary r and b"", ""canonical_concept_id"": ""contemporary_rnb"", ""canonical_label"": ""Contemporary R&B"", ""kind"": ""style"", ""mapping_status"": ""mapped"", ""note"": """", ""review_candidates"": [], ""broad_families"": [""rnb_soul""], ""style_neighborhoods"": [""modern_rnb""], ""scene_contexts"": []}, {""trace_id"": ""label-06"", ""source_path"": ""secondary_styles[1]"", ""raw_label"": ""Synth-Pop"", ""normalized_lookup"": ""synth pop"", ""canonical_concept_id"": ""synth_pop"", ""canonical_label"": ""Synth-pop"", ""kind"": ""style"", ""mapping_status"": ""mapped"", ""note"": """", ""review_candidates"": [], ""broad_families"": [""pop"", ""electronic""], ""style_neighborhoods"": [""pop_electronic"", ""synth_pop""], ""scene_contexts"": []}]",kpop hip hop contemporary rnb,False,K-Pop is stored separately as scene/context. Contemporary R&B and Synth-Pop supply sonic neighborhoods. Bare Dance is ambiguous and contributes no guessed EDM/dance-pop membership. Do not infer hip-hop from mixed rap/singing context or owner wording.,,,
C01,00njeQb198Lm7Jge2Rsrlg,"Saturation in Delay, Love in Anger — City Girl, tiffi","{""primary_family"": ""electronic"", ""secondary_families"": [""ambient""], ""primary_style"": ""minimal techno"", ""secondary_styles"": [""dub techno"", ""microhouse""]}","[{""id"": ""electronic"", ""label"": ""Electronic"", ""trace_ids"": [""label-01""]}, {""id"": ""ambient"", ""label"": ""Ambient"", ""trace_ids"": [""label-02""]}, {""id"": ""minimal_techno"", ""label"": ""Minimal techno"", ""trace_ids"": [""label-03""]}, {""id"": ""dub_techno"", ""label"": ""Dub techno"", ""trace_ids"": [""label-04""]}, {""id"": ""microhouse"", ""label"": ""Microhouse"", ""trace_ids"": [""label-05""]}]","[""electronic""]","[""ambient_related"", ""dub_electronic"", ""house_related"", ""minimal_club"", ""techno_related""]",[],"{""vocal_role"": ""vocal_samples_only"", ""arrangement_focus"": ""beat_or_instrumental"", ""texture_tags"": [""electronic"", ""sample_based"", ""clean""]}","[{""code"": ""style_concept_in_family_slot"", ""trace_id"": ""label-02"", ""message"": ""Resolve by explicit concept, not by the model field name; original slot retained.""}]","[{""trace_id"": ""label-01"", ""source_path"": ""primary_family"", ""raw_label"": ""electronic"", ""normalized_lookup"": ""electronic"", ""canonical_concept_id"": ""electronic"", ""canonical_label"": ""Electronic"", ""kind"": ""family"", ""mapping_status"": ""mapped"", ""note"": """", ""review_candidates"": [], ""broad_families"": [""electronic""], ""style_neighborhoods"": [], ""scene_contexts"": []}, {""trace_id"": ""label-02"", ""source_path"": ""secondary_families[0]"", ""raw_label"": ""ambient"", ""normalized_lookup"": ""ambient"", ""canonical_concept_id"": ""ambient"", ""canonical_label"": ""Ambient"", ""kind"": ""style_umbrella"", ""mapping_status"": ""mapped"", ""note"": ""Ambient may be electronic or acoustic; no broad family is guessed from this label alone."", ""review_candidates"": [], ""broad_families"": [], ""style_neighborhoods"": [""ambient_related""], ""scene_contexts"": []}, {""trace_id"": ""label-03"", ""source_path"": ""primary_style"", ""raw_label"": ""minimal techno"", ""normalized_lookup"": ""minimal techno"", ""canonical_concept_id"": ""minimal_techno"", ""canonical_label"": ""Minimal techno"", ""kind"": ""style"", ""mapping_status"": ""mapped"", ""note"": """", ""review_candidates"": [], ""broad_families"": [""electronic""], ""style_neighborhoods"": [""techno_related"", ""minimal_club""], ""scene_contexts"": []}, {""trace_id"": ""label-04"", ""source_path"": ""secondary_styles[0]"", ""raw_label"": ""dub techno"", ""normalized_lookup"": ""dub techno"", ""canonical_concept_id"": ""dub_techno"", ""canonical_label"": ""Dub techno"", ""kind"": ""style"", ""mapping_status"": ""mapped"", ""note"": """", ""review_candidates"": [], ""broad_families"": [""electronic""], ""style_neighborhoods"": [""techno_related"", ""dub_electronic""], ""scene_contexts"": []}, {""trace_id"": ""label-05"", ""source_path"": ""secondary_styles[1]"", ""raw_label"": ""microhouse"", ""normalized_lookup"": ""microhouse"", ""canonical_concept_id"": ""microhouse"", ""canonical_label"": ""Microhouse"", ""kind"": ""style"", ""mapping_status"": ""mapped"", ""note"": """", ""review_candidates"": [], ""broad_families"": [""electronic""], ""style_neighborhoods"": [""house_related"", ""minimal_club""], ""scene_contexts"": []}]",lofi,True,Classification-review priority: minimal techno / dub techno / microhouse differs from both the initial owner lo-fi wording and the older hyperpop/digicore profile. The owner later found the older hyperpop interpretation more plausible; that clarification does not endorse this new minimal-techno profile. Preserve all three positions. No automatic model-error or corrected-false-positive claim follows.,,,
C02,6pWqlKm9ugucgKNldCLigX,"Sit Around — City Girl, tiffi","{""primary_family"": ""Pop"", ""secondary_families"": [""Electronic"", ""R&B""], ""primary_style"": ""Indie Pop"", ""secondary_styles"": [""Electropop"", ""Alternative R&B""]}","[{""id"": ""pop"", ""label"": ""Pop"", ""trace_ids"": [""label-01""]}, {""id"": ""electronic"", ""label"": ""Electronic"", ""trace_ids"": [""label-02""]}, {""id"": ""rnb"", ""label"": ""R&B"", ""trace_ids"": [""label-03""]}, {""id"": ""indie_pop"", ""label"": ""Indie pop"", ""trace_ids"": [""label-04""]}, {""id"": ""electropop"", ""label"": ""Electropop"", ""trace_ids"": [""label-05""]}, {""id"": ""alternative_rnb"", ""label"": ""Alternative R&B"", ""trace_ids"": [""label-06""]}]","[""electronic"", ""pop"", ""rnb_soul""]","[""alternative_rnb"", ""indie_pop_related"", ""modern_rnb"", ""pop_electronic""]",[],"{""vocal_role"": ""sung_led"", ""arrangement_focus"": ""lead_vocal"", ""texture_tags"": [""electronic"", ""clean"", ""layered""]}",[],"[{""trace_id"": ""label-01"", ""source_path"": ""primary_family"", ""raw_label"": ""Pop"", ""normalized_lookup"": ""pop"", ""canonical_concept_id"": ""pop"", ""canonical_label"": ""Pop"", ""kind"": ""family"", ""mapping_status"": ""mapped"", ""note"": """", ""review_candidates"": [], ""broad_families"": [""pop""], ""style_neighborhoods"": [], ""scene_contexts"": []}, {""trace_id"": ""label-02"", ""source_path"": ""secondary_families[0]"", ""raw_label"": ""Electronic"", ""normalized_lookup"": ""electronic"", ""canonical_concept_id"": ""electronic"", ""canonical_label"": ""Electronic"", ""kind"": ""family"", ""mapping_status"": ""mapped"", ""note"": """", ""review_candidates"": [], ""broad_families"": [""electronic""], ""style_neighborhoods"": [], ""scene_contexts"": []}, {""trace_id"": ""label-03"", ""source_path"": ""secondary_families[1]"", ""raw_label"": ""R&B"", ""normalized_lookup"": ""r and b"", ""canonical_concept_id"": ""rnb"", ""canonical_label"": ""R&B"", ""kind"": ""family"", ""mapping_status"": ""mapped"", ""note"": ""R&B stays its own canonical concept; the broad family is a joint umbrella, not a synonym for soul."", ""review_candidates"": [], ""broad_families"": [""rnb_soul""], ""style_neighborhoods"": [], ""scene_contexts"": []}, {""trace_id"": ""label-04"", ""source_path"": ""primary_style"", ""raw_label"": ""Indie Pop"", ""normalized_lookup"": ""indie pop"", ""canonical_concept_id"": ""indie_pop"", ""canonical_label"": ""Indie pop"", ""kind"": ""style"", ""mapping_status"": ""mapped"", ""note"": ""Musical label, not evidence of an independent record contract; not automatically dreamy or lo-fi."", ""review_candidates"": [], ""broad_families"": [""pop""], ""style_neighborhoods"": [""indie_pop_related""], ""scene_contexts"": []}, {""trace_id"": ""label-05"", ""source_path"": ""secondary_styles[0]"", ""raw_label"": ""Electropop"", ""normalized_lookup"": ""electropop"", ""canonical_concept_id"": ""electropop"", ""canonical_label"": ""Electropop"", ""kind"": ""style"", ""mapping_status"": ""mapped"", ""note"": """", ""review_candidates"": [], ""broad_families"": [""pop"", ""electronic""], ""style_neighborhoods"": [""pop_electronic""], ""scene_contexts"": []}, {""trace_id"": ""label-06"", ""source_path"": ""secondary_styles[1]"", ""raw_label"": ""Alternative R&B"", ""normalized_lookup"": ""alternative r and b"", ""canonical_concept_id"": ""alternative_rnb"", ""canonical_label"": ""Alternative R&B"", ""kind"": ""style"", ""mapping_status"": ""mapped"", ""note"": """", ""review_candidates"": [], ""broad_families"": [""rnb_soul""], ""style_neighborhoods"": [""modern_rnb"", ""alternative_rnb""], ""scene_contexts"": []}]",lofi soft vibes,True,"Classification-review question: the owner used lo-fi soft wording; the current model uses Indie Pop / Electropop / Alternative R&B. The mapper must not inject lo-fi. Its indie-pop neighborhood overlaps risk's explicit Dream Pop via a general genre relationship, not a pair-specific rule.",,,
C03,2js0td9w2MzNUVPlMKYOEs,risk — lace,"{""primary_family"": ""Electronic"", ""secondary_families"": [""Pop"", ""Downtempo""], ""primary_style"": ""Trip Hop"", ""secondary_styles"": [""Downtempo"", ""Dream Pop""]}","[{""id"": ""electronic"", ""label"": ""Electronic"", ""trace_ids"": [""label-01""]}, {""id"": ""pop"", ""label"": ""Pop"", ""trace_ids"": [""label-02""]}, {""id"": ""downtempo"", ""label"": ""Downtempo"", ""trace_ids"": [""label-03"", ""label-05""]}, {""id"": ""trip_hop"", ""label"": ""Trip-hop"", ""trace_ids"": [""label-04""]}, {""id"": ""dream_pop"", ""label"": ""Dream pop"", ""trace_ids"": [""label-06""]}]","[""electronic"", ""hip_hop"", ""pop""]","[""atmospheric_pop"", ""downtempo_related"", ""hip_hop_beat_lineage"", ""indie_pop_related""]",[],"{""vocal_role"": ""sung_led"", ""arrangement_focus"": ""lead_vocal"", ""texture_tags"": [""electronic"", ""hazy"", ""layered""]}","[{""code"": ""style_concept_in_family_slot"", ""trace_id"": ""label-03"", ""message"": ""Resolve by explicit concept, not by the model field name; original slot retained.""}, {""code"": ""repeated_concept_not_extra_weight"", ""trace_ids"": [""label-03"", ""label-05""], ""message"": ""All raw occurrences retained; one set membership, no extra vote or confidence.""}]","[{""trace_id"": ""label-01"", ""source_path"": ""primary_family"", ""raw_label"": ""Electronic"", ""normalized_lookup"": ""electronic"", ""canonical_concept_id"": ""electronic"", ""canonical_label"": ""Electronic"", ""kind"": ""family"", ""mapping_status"": ""mapped"", ""note"": """", ""review_candidates"": [], ""broad_families"": [""electronic""], ""style_neighborhoods"": [], ""scene_contexts"": []}, {""trace_id"": ""label-02"", ""source_path"": ""secondary_families[0]"", ""raw_label"": ""Pop"", ""normalized_lookup"": ""pop"", ""canonical_concept_id"": ""pop"", ""canonical_label"": ""Pop"", ""kind"": ""family"", ""mapping_status"": ""mapped"", ""note"": """", ""review_candidates"": [], ""broad_families"": [""pop""], ""style_neighborhoods"": [], ""scene_contexts"": []}, {""trace_id"": ""label-03"", ""source_path"": ""secondary_families[1]"", ""raw_label"": ""Downtempo"", ""normalized_lookup"": ""downtempo"", ""canonical_concept_id"": ""downtempo"", ""canonical_label"": ""Downtempo"", ""kind"": ""style_umbrella"", ""mapping_status"": ""mapped"", ""note"": ""A style-level umbrella even when Gemini puts it in a family slot; not a BPM measurement."", ""review_candidates"": [], ""broad_families"": [""electronic""], ""style_neighborhoods"": [""downtempo_related""], ""scene_contexts"": []}, {""trace_id"": ""label-04"", ""source_path"": ""primary_style"", ""raw_label"": ""Trip Hop"", ""normalized_lookup"": ""trip hop"", ""canonical_concept_id"": ""trip_hop"", ""canonical_label"": ""Trip-hop"", ""kind"": ""style"", ""mapping_status"": ""mapped"", ""note"": ""Hip-hop membership denotes lineage, not rap-led vocals or automatic compatibility with rap."", ""review_candidates"": [], ""broad_families"": [""electronic"", ""hip_hop""], ""style_neighborhoods"": [""hip_hop_beat_lineage"", ""downtempo_related""], ""scene_contexts"": []}, {""trace_id"": ""label-05"", ""source_path"": ""secondary_styles[0]"", ""raw_label"": ""Downtempo"", ""normalized_lookup"": ""downtempo"", ""canonical_concept_id"": ""downtempo"", ""canonical_label"": ""Downtempo"", ""kind"": ""style_umbrella"", ""mapping_status"": ""mapped"", ""note"": ""A style-level umbrella even when Gemini puts it in a family slot; not a BPM measurement."", ""review_candidates"": [], ""broad_families"": [""electronic""], ""style_neighborhoods"": [""downtempo_related""], ""scene_contexts"": []}, {""trace_id"": ""label-06"", ""source_path"": ""secondary_styles[1]"", ""raw_label"": ""Dream Pop"", ""normalized_lookup"": ""dream pop"", ""canonical_concept_id"": ""dream_pop"", ""canonical_label"": ""Dream pop"", ""kind"": ""style"", ""mapping_status"": ""mapped"", ""note"": ""Operational non-exhaustive pop membership. Does not instantiate a rock family or infer guitar instrumentation without further labels."", ""review_candidates"": [], ""broad_families"": [""pop""], ""style_neighborhoods"": [""indie_pop_related"", ""atmospheric_pop""], ""scene_contexts"": []}]",dreamy whisper dream pop bedroom pop,False,"Downtempo occurs in both a family and style slot: retain both traces, deduplicate membership without extra weight. Trip Hop adds hip-hop lineage, not a rap-vocal claim. Dream Pop supplies indie-pop / atmospheric-pop memberships; no bedroom-pop label is invented.",,,
C04,1ON9XudZFxwu43tQXBszIX,boys dont cry — sysmint,"{""primary_family"": ""Hip Hop"", ""secondary_families"": [""Pop"", ""R&B""], ""primary_style"": ""Trap"", ""secondary_styles"": [""Emo Rap"", ""Melodic Rap""]}","[{""id"": ""hip_hop"", ""label"": ""Hip-hop"", ""trace_ids"": [""label-01""]}, {""id"": ""pop"", ""label"": ""Pop"", ""trace_ids"": [""label-02""]}, {""id"": ""rnb"", ""label"": ""R&B"", ""trace_ids"": [""label-03""]}, {""id"": ""trap"", ""label"": ""Trap"", ""trace_ids"": [""label-04""]}, {""id"": ""emo_rap"", ""label"": ""Emo rap"", ""trace_ids"": [""label-05""]}, {""id"": ""melodic_rap"", ""label"": ""Melodic rap"", ""trace_ids"": [""label-06""]}]","[""hip_hop"", ""pop"", ""rnb_soul""]","[""emo_rap"", ""melodic_rap"", ""trap_related""]",[],"{""vocal_role"": ""mixed_rap_and_singing"", ""arrangement_focus"": ""lead_vocal"", ""texture_tags"": [""electronic"", ""layered"", ""sample_based""]}","[{""code"": ""broad_style_subtype_unspecified"", ""trace_id"": ""label-04"", ""message"": ""Subtype unspecified. Do not derive a hip-hop or electronic family from this label alone.""}]","[{""trace_id"": ""label-01"", ""source_path"": ""primary_family"", ""raw_label"": ""Hip Hop"", ""normalized_lookup"": ""hip hop"", ""canonical_concept_id"": ""hip_hop"", ""canonical_label"": ""Hip-hop"", ""kind"": ""family"", ""mapping_status"": ""mapped"", ""note"": """", ""review_candidates"": [], ""broad_families"": [""hip_hop""], ""style_neighborhoods"": [], ""scene_contexts"": []}, {""trace_id"": ""label-02"", ""source_path"": ""secondary_families[0]"", ""raw_label"": ""Pop"", ""normalized_lookup"": ""pop"", ""canonical_concept_id"": ""pop"", ""canonical_label"": ""Pop"", ""kind"": ""family"", ""mapping_status"": ""mapped"", ""note"": """", ""review_candidates"": [], ""broad_families"": [""pop""], ""style_neighborhoods"": [], ""scene_contexts"": []}, {""trace_id"": ""label-03"", ""source_path"": ""secondary_families[1]"", ""raw_label"": ""R&B"", ""normalized_lookup"": ""r and b"", ""canonical_concept_id"": ""rnb"", ""canonical_label"": ""R&B"", ""kind"": ""family"", ""mapping_status"": ""mapped"", ""note"": ""R&B stays its own canonical concept; the broad family is a joint umbrella, not a synonym for soul."", ""review_candidates"": [], ""broad_families"": [""rnb_soul""], ""style_neighborhoods"": [], ""scene_contexts"": []}, {""trace_id"": ""label-04"", ""source_path"": ""primary_style"", ""raw_label"": ""Trap"", ""normalized_lookup"": ""trap"", ""canonical_concept_id"": ""trap"", ""canonical_label"": ""Trap"", ""kind"": ""style_umbrella"", ""mapping_status"": ""mapped"", ""note"": ""Subtype unspecified. Do not derive a hip-hop or electronic family from this label alone."", ""review_candidates"": [], ""broad_families"": [], ""style_neighborhoods"": [""trap_related""], ""scene_contexts"": []}, {""trace_id"": ""label-05"", ""source_path"": ""secondary_styles[0]"", ""raw_label"": ""Emo Rap"", ""normalized_lookup"": ""emo rap"", ""canonical_concept_id"": ""emo_rap"", ""canonical_label"": ""Emo rap"", ""kind"": ""style"", ""mapping_status"": ""mapped"", ""note"": """", ""review_candidates"": [], ""broad_families"": [""hip_hop""], ""style_neighborhoods"": [""emo_rap""], ""scene_contexts"": []}, {""trace_id"": ""label-06"", ""source_path"": ""secondary_styles[1]"", ""raw_label"": ""Melodic Rap"", ""normalized_lookup"": ""melodic rap"", ""canonical_concept_id"": ""melodic_rap"", ""canonical_label"": ""Melodic rap"", ""kind"": ""style"", ""mapping_status"": ""mapped"", ""note"": """", ""review_candidates"": [], ""broad_families"": [""hip_hop""], ""style_neighborhoods"": [""melodic_rap""], ""scene_contexts"": []}]",electronic hyperpop,True,"Classification-review priority: owner electronic hyperpop versus the newer Trap / Emo Rap / Melodic Rap profile. Preserve the discrepancy. A shared trap-related label with The Peace is an exploratory model signal only, not owner-confirmed genre truth.",,,
C05,6wm3t4VpTxSFfOUgTMlHZM,The Peace — underscores,"{""primary_family"": ""R&B and Soul"", ""secondary_families"": [""Hip-Hop"", ""Pop""], ""primary_style"": ""Contemporary R&B"", ""secondary_styles"": [""Trap"", ""Alternative R&B""]}","[{""id"": ""rnb_soul_umbrella"", ""label"": ""R&B and Soul"", ""trace_ids"": [""label-01""]}, {""id"": ""hip_hop"", ""label"": ""Hip-hop"", ""trace_ids"": [""label-02""]}, {""id"": ""pop"", ""label"": ""Pop"", ""trace_ids"": [""label-03""]}, {""id"": ""contemporary_rnb"", ""label"": ""Contemporary R&B"", ""trace_ids"": [""label-04""]}, {""id"": ""trap"", ""label"": ""Trap"", ""trace_ids"": [""label-05""]}, {""id"": ""alternative_rnb"", ""label"": ""Alternative R&B"", ""trace_ids"": [""label-06""]}]","[""hip_hop"", ""pop"", ""rnb_soul""]","[""alternative_rnb"", ""modern_rnb"", ""trap_related""]",[],"{""vocal_role"": ""sung_led"", ""arrangement_focus"": ""lead_vocal"", ""texture_tags"": [""sample_based"", ""electronic"", ""layered""]}","[{""code"": ""broad_style_subtype_unspecified"", ""trace_id"": ""label-05"", ""message"": ""Subtype unspecified. Do not derive a hip-hop or electronic family from this label alone.""}]","[{""trace_id"": ""label-01"", ""source_path"": ""primary_family"", ""raw_label"": ""R&B and Soul"", ""normalized_lookup"": ""r and b and soul"", ""canonical_concept_id"": ""rnb_soul_umbrella"", ""canonical_label"": ""R&B and Soul"", ""kind"": ""family_umbrella"", ""mapping_status"": ""mapped"", ""note"": ""Combined family label preserved as an umbrella; not split into two independently predicted genres."", ""review_candidates"": [], ""broad_families"": [""rnb_soul""], ""style_neighborhoods"": [], ""scene_contexts"": []}, {""trace_id"": ""label-02"", ""source_path"": ""secondary_families[0]"", ""raw_label"": ""Hip-Hop"", ""normalized_lookup"": ""hip hop"", ""canonical_concept_id"": ""hip_hop"", ""canonical_label"": ""Hip-hop"", ""kind"": ""family"", ""mapping_status"": ""mapped"", ""note"": """", ""review_candidates"": [], ""broad_families"": [""hip_hop""], ""style_neighborhoods"": [], ""scene_contexts"": []}, {""trace_id"": ""label-03"", ""source_path"": ""secondary_families[1]"", ""raw_label"": ""Pop"", ""normalized_lookup"": ""pop"", ""canonical_concept_id"": ""pop"", ""canonical_label"": ""Pop"", ""kind"": ""family"", ""mapping_status"": ""mapped"", ""note"": """", ""review_candidates"": [], ""broad_families"": [""pop""], ""style_neighborhoods"": [], ""scene_contexts"": []}, {""trace_id"": ""label-04"", ""source_path"": ""primary_style"", ""raw_label"": ""Contemporary R&B"", ""normalized_lookup"": ""contemporary r and b"", ""canonical_concept_id"": ""contemporary_rnb"", ""canonical_label"": ""Contemporary R&B"", ""kind"": ""style"", ""mapping_status"": ""mapped"", ""note"": """", ""review_candidates"": [], ""broad_families"": [""rnb_soul""], ""style_neighborhoods"": [""modern_rnb""], ""scene_contexts"": []}, {""trace_id"": ""label-05"", ""source_path"": ""secondary_styles[0]"", ""raw_label"": ""Trap"", ""normalized_lookup"": ""trap"", ""canonical_concept_id"": ""trap"", ""canonical_label"": ""Trap"", ""kind"": ""style_umbrella"", ""mapping_status"": ""mapped"", ""note"": ""Subtype unspecified. Do not derive a hip-hop or electronic family from this label alone."", ""review_candidates"": [], ""broad_families"": [], ""style_neighborhoods"": [""trap_related""], ""scene_contexts"": []}, {""trace_id"": ""label-06"", ""source_path"": ""secondary_styles[1]"", ""raw_label"": ""Alternative R&B"", ""normalized_lookup"": ""alternative r and b"", ""canonical_concept_id"": ""alternative_rnb"", ""canonical_label"": ""Alternative R&B"", ""kind"": ""style"", ""mapping_status"": ""mapped"", ""note"": """", ""review_candidates"": [], ""broad_families"": [""rnb_soul""], ""style_neighborhoods"": [""modern_rnb"", ""alternative_rnb""], ""scene_contexts"": []}]",alt pop ballad hyperpop,True,Classification-review priority: owner alt-pop ballad / hyperpop versus current Contemporary R&B / Trap / Alternative R&B. Do not replace those labels to agree with the owner. The pairing with boys dont cry is owner-specific exploration without a new numeric or confirmatory genre label.,,,
C06,7fXYFuCTmNrYRGwEUUf5iz,Die Right Here — david hugo,"{""primary_family"": ""Pop"", ""secondary_families"": [""R&B"", ""Electronic""], ""primary_style"": ""Dance-Pop"", ""secondary_styles"": [""Nu-Disco"", ""Synth-Pop""]}","[{""id"": ""pop"", ""label"": ""Pop"", ""trace_ids"": [""label-01""]}, {""id"": ""rnb"", ""label"": ""R&B"", ""trace_ids"": [""label-02""]}, {""id"": ""electronic"", ""label"": ""Electronic"", ""trace_ids"": [""label-03""]}, {""id"": ""dance_pop"", ""label"": ""Dance-pop"", ""trace_ids"": [""label-04""]}, {""id"": ""nu_disco"", ""label"": ""Nu-disco"", ""trace_ids"": [""label-05""]}, {""id"": ""synth_pop"", ""label"": ""Synth-pop"", ""trace_ids"": [""label-06""]}]","[""electronic"", ""pop"", ""rnb_soul""]","[""dance_pop"", ""disco_related"", ""pop_electronic"", ""synth_pop""]",[],"{""vocal_role"": ""sung_led"", ""arrangement_focus"": ""lead_vocal"", ""texture_tags"": [""electronic"", ""clean"", ""layered""]}",[],"[{""trace_id"": ""label-01"", ""source_path"": ""primary_family"", ""raw_label"": ""Pop"", ""normalized_lookup"": ""pop"", ""canonical_concept_id"": ""pop"", ""canonical_label"": ""Pop"", ""kind"": ""family"", ""mapping_status"": ""mapped"", ""note"": """", ""review_candidates"": [], ""broad_families"": [""pop""], ""style_neighborhoods"": [], ""scene_contexts"": []}, {""trace_id"": ""label-02"", ""source_path"": ""secondary_families[0]"", ""raw_label"": ""R&B"", ""normalized_lookup"": ""r and b"", ""canonical_concept_id"": ""rnb"", ""canonical_label"": ""R&B"", ""kind"": ""family"", ""mapping_status"": ""mapped"", ""note"": ""R&B stays its own canonical concept; the broad family is a joint umbrella, not a synonym for soul."", ""review_candidates"": [], ""broad_families"": [""rnb_soul""], ""style_neighborhoods"": [], ""scene_contexts"": []}, {""trace_id"": ""label-03"", ""source_path"": ""secondary_families[1]"", ""raw_label"": ""Electronic"", ""normalized_lookup"": ""electronic"", ""canonical_concept_id"": ""electronic"", ""canonical_label"": ""Electronic"", ""kind"": ""family"", ""mapping_status"": ""mapped"", ""note"": """", ""review_candidates"": [], ""broad_families"": [""electronic""], ""style_neighborhoods"": [], ""scene_contexts"": []}, {""trace_id"": ""label-04"", ""source_path"": ""primary_style"", ""raw_label"": ""Dance-Pop"", ""normalized_lookup"": ""dance pop"", ""canonical_concept_id"": ""dance_pop"", ""canonical_label"": ""Dance-pop"", ""kind"": ""style"", ""mapping_status"": ""mapped"", ""note"": ""Electronic-pop neighborhood is a stylistic adjacency, not an instrumentation assertion or automatic electronic family."", ""review_candidates"": [], ""broad_families"": [""pop""], ""style_neighborhoods"": [""pop_electronic"", ""dance_pop""], ""scene_contexts"": []}, {""trace_id"": ""label-05"", ""source_path"": ""secondary_styles[0]"", ""raw_label"": ""Nu-Disco"", ""normalized_lookup"": ""nu disco"", ""canonical_concept_id"": ""nu_disco"", ""canonical_label"": ""Nu-disco"", ""kind"": ""style"", ""mapping_status"": ""mapped"", ""note"": """", ""review_candidates"": [], ""broad_families"": [""electronic""], ""style_neighborhoods"": [""disco_related""], ""scene_contexts"": []}, {""trace_id"": ""label-06"", ""source_path"": ""secondary_styles[1]"", ""raw_label"": ""Synth-Pop"", ""normalized_lookup"": ""synth pop"", ""canonical_concept_id"": ""synth_pop"", ""canonical_label"": ""Synth-pop"", ""kind"": ""style"", ""mapping_status"": ""mapped"", ""note"": """", ""review_candidates"": [], ""broad_families"": [""pop"", ""electronic""], ""style_neighborhoods"": [""pop_electronic"", ""synth_pop""], ""scene_contexts"": []}]",alt upbeat indie,True,"Classification-review question: owner alt upbeat indie versus current Dance-Pop / Nu-Disco / Synth-Pop. The low-rated OMG pairing still shares pop/electronic-style neighborhoods; that is a compatibility limitation, not a reason to create a song exception.",,,
