pair_id,pilot_a,pilot_b,spotify_a,spotify_b,song_a,song_b,human_playlist_rating,rating_status,original_c_similarity,c_status,shared_families,shared_styles,primary_family_a,primary_family_b,primary_style_a,primary_style_b,vocal_role_a,vocal_role_b,arrangement_a,arrangement_b,texture_a,texture_b,sections_a,sections_b,certainty_a,certainty_b,qualitative_implication
a5c1437b48b5d0fb252b63c5,A01,A02,4tqcoej1zPvwePZCzuAjJd,2BJSMvOGABRxokHKB0OI8i,Wet Dreamz — J. Cole,"Shoota (feat. Lil Uzi Vert) — Playboi Carti, Lil Uzi Vert",,OLDER_HOLISTIC_ONLY_EXCLUDED,0.518727719783783,FROZEN_C_AVAILABLE,"[""hip_hop_rap""]",[],hip_hop_rap,hip_hop_rap,boom_bap,trap,rap_led,rap_led,lead_vocal,lead_vocal,"[""sample_based"", ""clean"", ""layered""]","[""electronic"", ""clean""]",contrasting_sections,contrasting_sections,"{""family"": ""clear"", ""style"": ""clear""}","{""family"": ""clear"", ""style"": ""clear""}",no information
1dfb4821ac57927279c8c574,A01,A03,4tqcoej1zPvwePZCzuAjJd,2Vu2hkPW7LxMHPqoMjSIEJ,Wet Dreamz — J. Cole,My Gamecube Broke. — .Uzu,,UNRATED_UNKNOWN,0.524826169013977,FROZEN_C_AVAILABLE,"[""hip_hop_rap""]",[],hip_hop_rap,hip_hop_rap,boom_bap,lofi_hip_hop,rap_led,vocal_samples_only,lead_vocal,beat_or_instrumental,"[""sample_based"", ""clean"", ""layered""]","[""hazy"", ""sample_based"", ""electronic""]",contrasting_sections,mostly_consistent,"{""family"": ""clear"", ""style"": ""clear""}","{""family"": ""clear"", ""style"": ""clear""}",no information
55f33fe6f4c21be20bdbdaf9,A01,A04,4tqcoej1zPvwePZCzuAjJd,7hFW5IN7mQ99PuO86r38Sf,Wet Dreamz — J. Cole,She loves the color green and I love her — City Girl,,UNRATED_UNKNOWN,0.46475934982299805,FROZEN_C_AVAILABLE,"[""hip_hop_rap""]",[],hip_hop_rap,hip_hop_rap,boom_bap,lofi_hip_hop,rap_led,instrumental,lead_vocal,beat_or_instrumental,"[""sample_based"", ""clean"", ""layered""]","[""hazy"", ""electronic"", ""sample_based""]",contrasting_sections,mostly_consistent,"{""family"": ""clear"", ""style"": ""clear""}","{""family"": ""clear"", ""style"": ""clear""}",no information
03155c13222406a7d6788f2c,A01,A05,4tqcoej1zPvwePZCzuAjJd,5sEeuhYWHNczuPKek1zJeG,Wet Dreamz — J. Cole,Tea Time — Disvstxr,,UNRATED_UNKNOWN,0.5125716328620911,FROZEN_C_AVAILABLE,"[""hip_hop_rap""]",[],hip_hop_rap,hip_hop_rap,boom_bap,lofi_hip_hop,rap_led,sung_led,lead_vocal,beat_or_instrumental,"[""sample_based"", ""clean"", ""layered""]","[""sample_based"", ""hazy""]",contrasting_sections,mostly_consistent,"{""family"": ""clear"", ""style"": ""clear""}","{""family"": ""clear"", ""style"": ""clear""}",no information
1e69f8149fc8838ac131b669,A01,A06,4tqcoej1zPvwePZCzuAjJd,4LaZ8RpIP6DIgN73bXQVlO,Wet Dreamz — J. Cole,GET IT — keshi,,OLDER_HOLISTIC_ONLY_EXCLUDED,0.5589096546173096,FROZEN_C_AVAILABLE,"[""hip_hop_rap""]",[],hip_hop_rap,hip_hop_rap,boom_bap,melodic_trap,rap_led,mixed_rap_and_singing,lead_vocal,balanced,"[""sample_based"", ""clean"", ""layered""]","[""electronic"", ""clean"", ""layered""]",contrasting_sections,contrasting_sections,"{""family"": ""clear"", ""style"": ""clear""}","{""family"": ""clear"", ""style"": ""clear""}",no information
b769ea7f2488da16d5729a8b,A01,A07,4tqcoej1zPvwePZCzuAjJd,7fBv7CLKzipRk6EC6TWHOB,Wet Dreamz — J. Cole,The Hills — The Weeknd,,UNRATED_UNKNOWN,0.49713870882987976,FROZEN_C_AVAILABLE,"[""hip_hop_rap""]",[],hip_hop_rap,electronic,boom_bap,hyperpop,rap_led,sung_led,lead_vocal,lead_vocal,"[""sample_based"", ""clean"", ""layered""]","[""electronic"", ""distorted"", ""layered""]",contrasting_sections,contrasting_sections,"{""family"": ""clear"", ""style"": ""clear""}","{""family"": ""clear"", ""style"": ""clear""}",no information
980fb2e2a3ed5d3d41044414,A01,A08,4tqcoej1zPvwePZCzuAjJd,7F6PtLP6fJPVtA1FWVkl8K,Wet Dreamz — J. Cole,Shouldn't Be — Luke Chiang,,UNRATED_UNKNOWN,0.4713168144226074,FROZEN_C_AVAILABLE,[],[],hip_hop_rap,rnb_soul,boom_bap,alternative_rnb,rap_led,sung_led,lead_vocal,lead_vocal,"[""sample_based"", ""clean"", ""layered""]","[""electronic"", ""hazy"", ""layered""]",contrasting_sections,contrasting_sections,"{""family"": ""clear"", ""style"": ""clear""}","{""family"": ""clear"", ""style"": ""clear""}",no information
19a1a17068c54b34456b5e7e,A01,A09,4tqcoej1zPvwePZCzuAjJd,74X2u8JMVooG2QbjRxXwR8,Wet Dreamz — J. Cole,Perfect Night — LE SSERAFIM,,UNRATED_UNKNOWN,0.29889169335365295,FROZEN_C_AVAILABLE,[],[],hip_hop_rap,pop,boom_bap,dance_pop,rap_led,sung_led,lead_vocal,lead_vocal,"[""sample_based"", ""clean"", ""layered""]","[""clean"", ""layered"", ""electronic""]",contrasting_sections,contrasting_sections,"{""family"": ""clear"", ""style"": ""clear""}","{""family"": ""clear"", ""style"": ""clear""}",no information
cee80486212689c36f96b16a,A01,A10,4tqcoej1zPvwePZCzuAjJd,65FftemJ1DbbZ45DUfHJXE,Wet Dreamz — J. Cole,OMG — NewJeans,,UNRATED_UNKNOWN,0.3034091889858246,FROZEN_C_AVAILABLE,[],[],hip_hop_rap,pop,boom_bap,pop_rnb,rap_led,sung_led,lead_vocal,balanced,"[""sample_based"", ""clean"", ""layered""]","[""clean"", ""electronic"", ""layered""]",contrasting_sections,contrasting_sections,"{""family"": ""clear"", ""style"": ""clear""}","{""family"": ""clear"", ""style"": ""tentative""}",no information
c595e35533c3833381a52cda,A01,C01,4tqcoej1zPvwePZCzuAjJd,00njeQb198Lm7Jge2Rsrlg,Wet Dreamz — J. Cole,"Saturation in Delay, Love in Anger — City Girl, tiffi",1,PLAYLIST_COMPATIBILITY_V1,0.6012573838233948,FROZEN_C_AVAILABLE,"[""hip_hop_rap""]",[],hip_hop_rap,pop,boom_bap,hyperpop,rap_led,sung_led,lead_vocal,balanced,"[""sample_based"", ""clean"", ""layered""]","[""electronic"", ""distorted"", ""layered""]",contrasting_sections,contrasting_sections,"{""family"": ""clear"", ""style"": ""clear""}","{""family"": ""clear"", ""style"": ""clear""}",possible separation
78228b72fde7c5586d53ada7,A01,C02,4tqcoej1zPvwePZCzuAjJd,6pWqlKm9ugucgKNldCLigX,Wet Dreamz — J. Cole,"Sit Around — City Girl, tiffi",1,PLAYLIST_COMPATIBILITY_V1,0.5503394603729248,FROZEN_C_AVAILABLE,"[""hip_hop_rap""]",[],hip_hop_rap,rnb_soul,boom_bap,pop_rnb,rap_led,sung_led,lead_vocal,lead_vocal,"[""sample_based"", ""clean"", ""layered""]","[""sample_based"", ""clean"", ""layered""]",contrasting_sections,contrasting_sections,"{""family"": ""clear"", ""style"": ""clear""}","{""family"": ""clear"", ""style"": ""clear""}",possible separation
ef4252cc5d620e13e6db3e59,A01,C03,4tqcoej1zPvwePZCzuAjJd,2js0td9w2MzNUVPlMKYOEs,Wet Dreamz — J. Cole,risk — lace,,UNRATED_UNKNOWN,0.37222790718078613,FROZEN_C_AVAILABLE,[],[],hip_hop_rap,rnb_soul,boom_bap,alternative_rnb,rap_led,sung_led,lead_vocal,lead_vocal,"[""sample_based"", ""clean"", ""layered""]","[""electronic"", ""hazy"", ""clean""]",contrasting_sections,mostly_consistent,"{""family"": ""clear"", ""style"": ""clear""}","{""family"": ""clear"", ""style"": ""tentative""}",no information
7692bddbf06a2c0aeba2c355,A01,C04,4tqcoej1zPvwePZCzuAjJd,1ON9XudZFxwu43tQXBszIX,Wet Dreamz — J. Cole,boys dont cry — sysmint,,UNRATED_UNKNOWN,0.33385369181632996,FROZEN_C_AVAILABLE,"[""hip_hop_rap""]",[],hip_hop_rap,electronic,boom_bap,digicore,rap_led,sung_led,lead_vocal,balanced,"[""sample_based"", ""clean"", ""layered""]","[""electronic"", ""distorted"", ""layered""]",contrasting_sections,contrasting_sections,"{""family"": ""clear"", ""style"": ""clear""}","{""family"": ""clear"", ""style"": ""clear""}",no information
1efda5534e34b1d5990ac109,A01,C05,4tqcoej1zPvwePZCzuAjJd,6wm3t4VpTxSFfOUgTMlHZM,Wet Dreamz — J. Cole,The Peace — underscores,,UNRATED_UNKNOWN,0.0924353301525116,FROZEN_C_AVAILABLE,[],[],hip_hop_rap,rnb_soul,boom_bap,contemporary_rnb,rap_led,sung_led,lead_vocal,lead_vocal,"[""sample_based"", ""clean"", ""layered""]","[""sample_based"", ""electronic"", ""clean""]",contrasting_sections,mostly_consistent,"{""family"": ""clear"", ""style"": ""clear""}","{""family"": ""clear"", ""style"": ""tentative""}",no information
85afcf53a92580a86f708b77,A01,C06,4tqcoej1zPvwePZCzuAjJd,7fXYFuCTmNrYRGwEUUf5iz,Wet Dreamz — J. Cole,Die Right Here — david hugo,,UNRATED_UNKNOWN,0.29265114665031433,FROZEN_C_AVAILABLE,[],[],hip_hop_rap,pop,boom_bap,dance_pop,rap_led,sung_led,lead_vocal,lead_vocal,"[""sample_based"", ""clean"", ""layered""]","[""electronic"", ""clean"", ""layered""]",contrasting_sections,contrasting_sections,"{""family"": ""clear"", ""style"": ""clear""}","{""family"": ""clear"", ""style"": ""clear""}",no information
401c53398400271cba5ca373,A02,A03,2BJSMvOGABRxokHKB0OI8i,2Vu2hkPW7LxMHPqoMjSIEJ,"Shoota (feat. Lil Uzi Vert) — Playboi Carti, Lil Uzi Vert",My Gamecube Broke. — .Uzu,,OLDER_HOLISTIC_ONLY_EXCLUDED,0.3929961621761322,FROZEN_C_AVAILABLE,"[""hip_hop_rap""]",[],hip_hop_rap,hip_hop_rap,trap,lofi_hip_hop,rap_led,vocal_samples_only,lead_vocal,beat_or_instrumental,"[""electronic"", ""clean""]","[""hazy"", ""sample_based"", ""electronic""]",contrasting_sections,mostly_consistent,"{""family"": ""clear"", ""style"": ""clear""}","{""family"": ""clear"", ""style"": ""clear""}",no information
821dddf9ae12a605ec40ba61,A02,A04,2BJSMvOGABRxokHKB0OI8i,7hFW5IN7mQ99PuO86r38Sf,"Shoota (feat. Lil Uzi Vert) — Playboi Carti, Lil Uzi Vert",She loves the color green and I love her — City Girl,,UNRATED_UNKNOWN,0.35302242636680603,FROZEN_C_AVAILABLE,"[""hip_hop_rap""]",[],hip_hop_rap,hip_hop_rap,trap,lofi_hip_hop,rap_led,instrumental,lead_vocal,beat_or_instrumental,"[""electronic"", ""clean""]","[""hazy"", ""electronic"", ""sample_based""]",contrasting_sections,mostly_consistent,"{""family"": ""clear"", ""style"": ""clear""}","{""family"": ""clear"", ""style"": ""clear""}",no information
cdbaadde77abcde5cf6cd482,A02,A05,2BJSMvOGABRxokHKB0OI8i,5sEeuhYWHNczuPKek1zJeG,"Shoota (feat. Lil Uzi Vert) — Playboi Carti, Lil Uzi Vert",Tea Time — Disvstxr,,UNRATED_UNKNOWN,0.43763497471809387,FROZEN_C_AVAILABLE,"[""hip_hop_rap""]",[],hip_hop_rap,hip_hop_rap,trap,lofi_hip_hop,rap_led,sung_led,lead_vocal,beat_or_instrumental,"[""electronic"", ""clean""]","[""sample_based"", ""hazy""]",contrasting_sections,mostly_consistent,"{""family"": ""clear"", ""style"": ""clear""}","{""family"": ""clear"", ""style"": ""clear""}",no information
e87169502eee7b83a0680b6d,A02,A06,2BJSMvOGABRxokHKB0OI8i,4LaZ8RpIP6DIgN73bXQVlO,"Shoota (feat. Lil Uzi Vert) — Playboi Carti, Lil Uzi Vert",GET IT — keshi,,OLDER_HOLISTIC_ONLY_EXCLUDED,0.6928266286849976,FROZEN_C_AVAILABLE,"[""hip_hop_rap""]","[""melodic_trap"", ""trap""]",hip_hop_rap,hip_hop_rap,trap,melodic_trap,rap_led,mixed_rap_and_singing,lead_vocal,balanced,"[""electronic"", ""clean""]","[""electronic"", ""clean"", ""layered""]",contrasting_sections,contrasting_sections,"{""family"": ""clear"", ""style"": ""clear""}","{""family"": ""clear"", ""style"": ""clear""}",no information
31800d4ae76e22af71e3ee25,A02,A07,2BJSMvOGABRxokHKB0OI8i,7fBv7CLKzipRk6EC6TWHOB,"Shoota (feat. Lil Uzi Vert) — Playboi Carti, Lil Uzi Vert",The Hills — The Weeknd,4,PLAYLIST_COMPATIBILITY_V1,0.5984339118003845,FROZEN_C_AVAILABLE,"[""hip_hop_rap""]","[""trap""]",hip_hop_rap,electronic,trap,hyperpop,rap_led,sung_led,lead_vocal,lead_vocal,"[""electronic"", ""clean""]","[""electronic"", ""distorted"", ""layered""]",contrasting_sections,contrasting_sections,"{""family"": ""clear"", ""style"": ""clear""}","{""family"": ""clear"", ""style"": ""clear""}",possible contraction
abe1425bc1929a7c80eda126,A02,A08,2BJSMvOGABRxokHKB0OI8i,7F6PtLP6fJPVtA1FWVkl8K,"Shoota (feat. Lil Uzi Vert) — Playboi Carti, Lil Uzi Vert",Shouldn't Be — Luke Chiang,,UNRATED_UNKNOWN,0.5638208985328674,FROZEN_C_AVAILABLE,[],[],hip_hop_rap,rnb_soul,trap,alternative_rnb,rap_led,sung_led,lead_vocal,lead_vocal,"[""electronic"", ""clean""]","[""electronic"", ""hazy"", ""layered""]",contrasting_sections,contrasting_sections,"{""family"": ""clear"", ""style"": ""clear""}","{""family"": ""clear"", ""style"": ""clear""}",no information
bec4a2bf63f7d9aaefa1ccba,A02,A09,2BJSMvOGABRxokHKB0OI8i,74X2u8JMVooG2QbjRxXwR8,"Shoota (feat. Lil Uzi Vert) — Playboi Carti, Lil Uzi Vert",Perfect Night — LE SSERAFIM,,UNRATED_UNKNOWN,0.5491011142730713,FROZEN_C_AVAILABLE,[],[],hip_hop_rap,pop,trap,dance_pop,rap_led,sung_led,lead_vocal,lead_vocal,"[""electronic"", ""clean""]","[""clean"", ""layered"", ""electronic""]",contrasting_sections,contrasting_sections,"{""family"": ""clear"", ""style"": ""clear""}","{""family"": ""clear"", ""style"": ""clear""}",no information
0557d148c83510af3649f3a8,A02,A10,2BJSMvOGABRxokHKB0OI8i,65FftemJ1DbbZ45DUfHJXE,"Shoota (feat. Lil Uzi Vert) — Playboi Carti, Lil Uzi Vert",OMG — NewJeans,,UNRATED_UNKNOWN,0.4864351451396942,FROZEN_C_AVAILABLE,[],[],hip_hop_rap,pop,trap,pop_rnb,rap_led,sung_led,lead_vocal,balanced,"[""electronic"", ""clean""]","[""clean"", ""electronic"", ""layered""]",contrasting_sections,contrasting_sections,"{""family"": ""clear"", ""style"": ""clear""}","{""family"": ""clear"", ""style"": ""tentative""}",no information
04b35f5d06ace6db55f110d3,A02,C01,2BJSMvOGABRxokHKB0OI8i,00njeQb198Lm7Jge2Rsrlg,"Shoota (feat. Lil Uzi Vert) — Playboi Carti, Lil Uzi Vert","Saturation in Delay, Love in Anger — City Girl, tiffi",,UNRATED_UNKNOWN,0.45527154207229614,FROZEN_C_AVAILABLE,"[""hip_hop_rap""]",[],hip_hop_rap,pop,trap,hyperpop,rap_led,sung_led,lead_vocal,balanced,"[""electronic"", ""clean""]","[""electronic"", ""distorted"", ""layered""]",contrasting_sections,contrasting_sections,"{""family"": ""clear"", ""style"": ""clear""}","{""family"": ""clear"", ""style"": ""clear""}",no information
625898cfb284661748d75574,A02,C02,2BJSMvOGABRxokHKB0OI8i,6pWqlKm9ugucgKNldCLigX,"Shoota (feat. Lil Uzi Vert) — Playboi Carti, Lil Uzi Vert","Sit Around — City Girl, tiffi",,UNRATED_UNKNOWN,0.354658305644989,FROZEN_C_AVAILABLE,"[""hip_hop_rap""]",[],hip_hop_rap,rnb_soul,trap,pop_rnb,rap_led,sung_led,lead_vocal,lead_vocal,"[""electronic"", ""clean""]","[""sample_based"", ""clean"", ""layered""]",contrasting_sections,contrasting_sections,"{""family"": ""clear"", ""style"": ""clear""}","{""family"": ""clear"", ""style"": ""clear""}",no information
2f4275dc3bf0ab854e0976c2,A02,C03,2BJSMvOGABRxokHKB0OI8i,2js0td9w2MzNUVPlMKYOEs,"Shoota (feat. Lil Uzi Vert) — Playboi Carti, Lil Uzi Vert",risk — lace,,UNRATED_UNKNOWN,0.2912113070487976,FROZEN_C_AVAILABLE,[],[],hip_hop_rap,rnb_soul,trap,alternative_rnb,rap_led,sung_led,lead_vocal,lead_vocal,"[""electronic"", ""clean""]","[""electronic"", ""hazy"", ""clean""]",contrasting_sections,mostly_consistent,"{""family"": ""clear"", ""style"": ""clear""}","{""family"": ""clear"", ""style"": ""tentative""}",no information
1df4383d3df854e5db21a6e6,A02,C04,2BJSMvOGABRxokHKB0OI8i,1ON9XudZFxwu43tQXBszIX,"Shoota (feat. Lil Uzi Vert) — Playboi Carti, Lil Uzi Vert",boys dont cry — sysmint,4,PLAYLIST_COMPATIBILITY_V1,0.5852230787277222,FROZEN_C_AVAILABLE,"[""hip_hop_rap""]",[],hip_hop_rap,electronic,trap,digicore,rap_led,sung_led,lead_vocal,balanced,"[""electronic"", ""clean""]","[""electronic"", ""distorted"", ""layered""]",contrasting_sections,contrasting_sections,"{""family"": ""clear"", ""style"": ""clear""}","{""family"": ""clear"", ""style"": ""clear""}",conflict
91921a3c726bf4218ff5a016,A02,C05,2BJSMvOGABRxokHKB0OI8i,6wm3t4VpTxSFfOUgTMlHZM,"Shoota (feat. Lil Uzi Vert) — Playboi Carti, Lil Uzi Vert",The Peace — underscores,,UNRATED_UNKNOWN,0.4502817392349243,FROZEN_C_AVAILABLE,[],[],hip_hop_rap,rnb_soul,trap,contemporary_rnb,rap_led,sung_led,lead_vocal,lead_vocal,"[""electronic"", ""clean""]","[""sample_based"", ""electronic"", ""clean""]",contrasting_sections,mostly_consistent,"{""family"": ""clear"", ""style"": ""clear""}","{""family"": ""clear"", ""style"": ""tentative""}",no information
a6eaa7e086490f7a1ff51063,A02,C06,2BJSMvOGABRxokHKB0OI8i,7fXYFuCTmNrYRGwEUUf5iz,"Shoota (feat. Lil Uzi Vert) — Playboi Carti, Lil Uzi Vert",Die Right Here — david hugo,,OLDER_HOLISTIC_ONLY_EXCLUDED,0.4867395758628845,FROZEN_C_AVAILABLE,[],[],hip_hop_rap,pop,trap,dance_pop,rap_led,sung_led,lead_vocal,lead_vocal,"[""electronic"", ""clean""]","[""electronic"", ""clean"", ""layered""]",contrasting_sections,contrasting_sections,"{""family"": ""clear"", ""style"": ""clear""}","{""family"": ""clear"", ""style"": ""clear""}",no information
730963970a8386548da79f60,A03,A04,2Vu2hkPW7LxMHPqoMjSIEJ,7hFW5IN7mQ99PuO86r38Sf,My Gamecube Broke. — .Uzu,She loves the color green and I love her — City Girl,,UNRATED_UNKNOWN,0.4218670129776001,FROZEN_C_AVAILABLE,"[""electronic"", ""hip_hop_rap""]","[""chillhop"", ""instrumental_hip_hop"", ""lofi_hip_hop""]",hip_hop_rap,hip_hop_rap,lofi_hip_hop,lofi_hip_hop,vocal_samples_only,instrumental,beat_or_instrumental,beat_or_instrumental,"[""hazy"", ""sample_based"", ""electronic""]","[""hazy"", ""electronic"", ""sample_based""]",mostly_consistent,mostly_consistent,"{""family"": ""clear"", ""style"": ""clear""}","{""family"": ""clear"", ""style"": ""clear""}",no information
48a01903c65059f137cd7258,A03,A05,2Vu2hkPW7LxMHPqoMjSIEJ,5sEeuhYWHNczuPKek1zJeG,My Gamecube Broke. — .Uzu,Tea Time — Disvstxr,4,PLAYLIST_COMPATIBILITY_V1,0.6315187215805054,FROZEN_C_AVAILABLE,"[""electronic"", ""hip_hop_rap""]","[""chillhop"", ""lofi_hip_hop""]",hip_hop_rap,hip_hop_rap,lofi_hip_hop,lofi_hip_hop,vocal_samples_only,sung_led,beat_or_instrumental,beat_or_instrumental,"[""hazy"", ""sample_based"", ""electronic""]","[""sample_based"", ""hazy""]",mostly_consistent,mostly_consistent,"{""family"": ""clear"", ""style"": ""clear""}","{""family"": ""clear"", ""style"": ""clear""}",possible contraction
8716337735b891a7c92a03d1,A03,A06,2Vu2hkPW7LxMHPqoMjSIEJ,4LaZ8RpIP6DIgN73bXQVlO,My Gamecube Broke. — .Uzu,GET IT — keshi,2,PLAYLIST_COMPATIBILITY_V1,0.4787411391735077,FROZEN_C_AVAILABLE,"[""electronic"", ""hip_hop_rap""]",[],hip_hop_rap,hip_hop_rap,lofi_hip_hop,melodic_trap,vocal_samples_only,mixed_rap_and_singing,beat_or_instrumental,balanced,"[""hazy"", ""sample_based"", ""electronic""]","[""electronic"", ""clean"", ""layered""]",mostly_consistent,contrasting_sections,"{""family"": ""clear"", ""style"": ""clear""}","{""family"": ""clear"", ""style"": ""clear""}",possible separation
de6d5aacc4b72027de8befb5,A03,A07,2Vu2hkPW7LxMHPqoMjSIEJ,7fBv7CLKzipRk6EC6TWHOB,My Gamecube Broke. — .Uzu,The Hills — The Weeknd,,UNRATED_UNKNOWN,0.5333203673362732,FROZEN_C_AVAILABLE,"[""electronic"", ""hip_hop_rap""]",[],hip_hop_rap,electronic,lofi_hip_hop,hyperpop,vocal_samples_only,sung_led,beat_or_instrumental,lead_vocal,"[""hazy"", ""sample_based"", ""electronic""]","[""electronic"", ""distorted"", ""layered""]",mostly_consistent,contrasting_sections,"{""family"": ""clear"", ""style"": ""clear""}","{""family"": ""clear"", ""style"": ""clear""}",no information
5eb7b580344a7c0feddf88ef,A03,A08,2Vu2hkPW7LxMHPqoMjSIEJ,7F6PtLP6fJPVtA1FWVkl8K,My Gamecube Broke. — .Uzu,Shouldn't Be — Luke Chiang,,UNRATED_UNKNOWN,0.3929370939731598,FROZEN_C_AVAILABLE,"[""electronic""]",[],hip_hop_rap,rnb_soul,lofi_hip_hop,alternative_rnb,vocal_samples_only,sung_led,beat_or_instrumental,lead_vocal,"[""hazy"", ""sample_based"", ""electronic""]","[""electronic"", ""hazy"", ""layered""]",mostly_consistent,contrasting_sections,"{""family"": ""clear"", ""style"": ""clear""}","{""family"": ""clear"", ""style"": ""clear""}",no information
d6260a8427a664b70bb115f2,A03,A09,2Vu2hkPW7LxMHPqoMjSIEJ,74X2u8JMVooG2QbjRxXwR8,My Gamecube Broke. — .Uzu,Perfect Night — LE SSERAFIM,,UNRATED_UNKNOWN,0.24307338893413544,FROZEN_C_AVAILABLE,"[""electronic""]",[],hip_hop_rap,pop,lofi_hip_hop,dance_pop,vocal_samples_only,sung_led,beat_or_instrumental,lead_vocal,"[""hazy"", ""sample_based"", ""electronic""]","[""clean"", ""layered"", ""electronic""]",mostly_consistent,contrasting_sections,"{""family"": ""clear"", ""style"": ""clear""}","{""family"": ""clear"", ""style"": ""clear""}",no information
97156afe8410264006d74f34,A03,A10,2Vu2hkPW7LxMHPqoMjSIEJ,65FftemJ1DbbZ45DUfHJXE,My Gamecube Broke. — .Uzu,OMG — NewJeans,,UNRATED_UNKNOWN,0.29221534729003906,FROZEN_C_AVAILABLE,"[""electronic""]",[],hip_hop_rap,pop,lofi_hip_hop,pop_rnb,vocal_samples_only,sung_led,beat_or_instrumental,balanced,"[""hazy"", ""sample_based"", ""electronic""]","[""clean"", ""electronic"", ""layered""]",mostly_consistent,contrasting_sections,"{""family"": ""clear"", ""style"": ""clear""}","{""family"": ""clear"", ""style"": ""tentative""}",no information
573c1ef9ca69c04e5c7f93ac,A03,C01,2Vu2hkPW7LxMHPqoMjSIEJ,00njeQb198Lm7Jge2Rsrlg,My Gamecube Broke. — .Uzu,"Saturation in Delay, Love in Anger — City Girl, tiffi",,OLDER_HOLISTIC_ONLY_EXCLUDED,0.585462212562561,FROZEN_C_AVAILABLE,"[""electronic"", ""hip_hop_rap""]",[],hip_hop_rap,pop,lofi_hip_hop,hyperpop,vocal_samples_only,sung_led,beat_or_instrumental,balanced,"[""hazy"", ""sample_based"", ""electronic""]","[""electronic"", ""distorted"", ""layered""]",mostly_consistent,contrasting_sections,"{""family"": ""clear"", ""style"": ""clear""}","{""family"": ""clear"", ""style"": ""clear""}",no information
63750e4782253faf55b7b1ce,A03,C02,2Vu2hkPW7LxMHPqoMjSIEJ,6pWqlKm9ugucgKNldCLigX,My Gamecube Broke. — .Uzu,"Sit Around — City Girl, tiffi",,UNRATED_UNKNOWN,0.49267351627349854,FROZEN_C_AVAILABLE,"[""hip_hop_rap""]",[],hip_hop_rap,rnb_soul,lofi_hip_hop,pop_rnb,vocal_samples_only,sung_led,beat_or_instrumental,lead_vocal,"[""hazy"", ""sample_based"", ""electronic""]","[""sample_based"", ""clean"", ""layered""]",mostly_consistent,contrasting_sections,"{""family"": ""clear"", ""style"": ""clear""}","{""family"": ""clear"", ""style"": ""clear""}",no information
cda372f0b5c2fd54d7e9487c,A03,C03,2Vu2hkPW7LxMHPqoMjSIEJ,2js0td9w2MzNUVPlMKYOEs,My Gamecube Broke. — .Uzu,risk — lace,,UNRATED_UNKNOWN,0.4483966827392578,FROZEN_C_AVAILABLE,"[""electronic""]",[],hip_hop_rap,rnb_soul,lofi_hip_hop,alternative_rnb,vocal_samples_only,sung_led,beat_or_instrumental,lead_vocal,"[""hazy"", ""sample_based"", ""electronic""]","[""electronic"", ""hazy"", ""clean""]",mostly_consistent,mostly_consistent,"{""family"": ""clear"", ""style"": ""clear""}","{""family"": ""clear"", ""style"": ""tentative""}",no information
e938140cdea02bf69c32872e,A03,C04,2Vu2hkPW7LxMHPqoMjSIEJ,1ON9XudZFxwu43tQXBszIX,My Gamecube Broke. — .Uzu,boys dont cry — sysmint,,UNRATED_UNKNOWN,0.313841849565506,FROZEN_C_AVAILABLE,"[""electronic"", ""hip_hop_rap""]",[],hip_hop_rap,electronic,lofi_hip_hop,digicore,vocal_samples_only,sung_led,beat_or_instrumental,balanced,"[""hazy"", ""sample_based"", ""electronic""]","[""electronic"", ""distorted"", ""layered""]",mostly_consistent,contrasting_sections,"{""family"": ""clear"", ""style"": ""clear""}","{""family"": ""clear"", ""style"": ""clear""}",no information
d73c1fca5acc8180eb23b455,A03,C05,2Vu2hkPW7LxMHPqoMjSIEJ,6wm3t4VpTxSFfOUgTMlHZM,My Gamecube Broke. — .Uzu,The Peace — underscores,,UNRATED_UNKNOWN,0.1571856141090393,FROZEN_C_AVAILABLE,"[""electronic""]",[],hip_hop_rap,rnb_soul,lofi_hip_hop,contemporary_rnb,vocal_samples_only,sung_led,beat_or_instrumental,lead_vocal,"[""hazy"", ""sample_based"", ""electronic""]","[""sample_based"", ""electronic"", ""clean""]",mostly_consistent,mostly_consistent,"{""family"": ""clear"", ""style"": ""clear""}","{""family"": ""clear"", ""style"": ""tentative""}",no information
f98f274aa26b6fa343f638e1,A03,C06,2Vu2hkPW7LxMHPqoMjSIEJ,7fXYFuCTmNrYRGwEUUf5iz,My Gamecube Broke. — .Uzu,Die Right Here — david hugo,,UNRATED_UNKNOWN,0.25520405173301697,FROZEN_C_AVAILABLE,"[""electronic""]",[],hip_hop_rap,pop,lofi_hip_hop,dance_pop,vocal_samples_only,sung_led,beat_or_instrumental,lead_vocal,"[""hazy"", ""sample_based"", ""electronic""]","[""electronic"", ""clean"", ""layered""]",mostly_consistent,contrasting_sections,"{""family"": ""clear"", ""style"": ""clear""}","{""family"": ""clear"", ""style"": ""clear""}",no information
0aa794e09694a930d66efcee,A04,A05,7hFW5IN7mQ99PuO86r38Sf,5sEeuhYWHNczuPKek1zJeG,She loves the color green and I love her — City Girl,Tea Time — Disvstxr,,UNRATED_UNKNOWN,0.6616814136505127,FROZEN_C_AVAILABLE,"[""electronic"", ""hip_hop_rap""]","[""chillhop"", ""lofi_hip_hop""]",hip_hop_rap,hip_hop_rap,lofi_hip_hop,lofi_hip_hop,instrumental,sung_led,beat_or_instrumental,beat_or_instrumental,"[""hazy"", ""electronic"", ""sample_based""]","[""sample_based"", ""hazy""]",mostly_consistent,mostly_consistent,"{""family"": ""clear"", ""style"": ""clear""}","{""family"": ""clear"", ""style"": ""clear""}",no information
4f4703bf5b25a0aa3f3d7db9,A04,A06,7hFW5IN7mQ99PuO86r38Sf,4LaZ8RpIP6DIgN73bXQVlO,She loves the color green and I love her — City Girl,GET IT — keshi,,UNRATED_UNKNOWN,0.640150249004364,FROZEN_C_AVAILABLE,"[""electronic"", ""hip_hop_rap""]",[],hip_hop_rap,hip_hop_rap,lofi_hip_hop,melodic_trap,instrumental,mixed_rap_and_singing,beat_or_instrumental,balanced,"[""hazy"", ""electronic"", ""sample_based""]","[""electronic"", ""clean"", ""layered""]",mostly_consistent,contrasting_sections,"{""family"": ""clear"", ""style"": ""clear""}","{""family"": ""clear"", ""style"": ""clear""}",no information
456b09e84d89ec964b88d3a7,A04,A07,7hFW5IN7mQ99PuO86r38Sf,7fBv7CLKzipRk6EC6TWHOB,She loves the color green and I love her — City Girl,The Hills — The Weeknd,,UNRATED_UNKNOWN,0.6323939561843872,FROZEN_C_AVAILABLE,"[""electronic"", ""hip_hop_rap""]",[],hip_hop_rap,electronic,lofi_hip_hop,hyperpop,instrumental,sung_led,beat_or_instrumental,lead_vocal,"[""hazy"", ""electronic"", ""sample_based""]","[""electronic"", ""distorted"", ""layered""]",mostly_consistent,contrasting_sections,"{""family"": ""clear"", ""style"": ""clear""}","{""family"": ""clear"", ""style"": ""clear""}",no information
8c32f08fe8d1e5936453a163,A04,A08,7hFW5IN7mQ99PuO86r38Sf,7F6PtLP6fJPVtA1FWVkl8K,She loves the color green and I love her — City Girl,Shouldn't Be — Luke Chiang,,UNRATED_UNKNOWN,0.48606976866722107,FROZEN_C_AVAILABLE,"[""electronic""]",[],hip_hop_rap,rnb_soul,lofi_hip_hop,alternative_rnb,instrumental,sung_led,beat_or_instrumental,lead_vocal,"[""hazy"", ""electronic"", ""sample_based""]","[""electronic"", ""hazy"", ""layered""]",mostly_consistent,contrasting_sections,"{""family"": ""clear"", ""style"": ""clear""}","{""family"": ""clear"", ""style"": ""clear""}",no information
d6304c1233a38a8dd4cb8089,A04,A09,7hFW5IN7mQ99PuO86r38Sf,74X2u8JMVooG2QbjRxXwR8,She loves the color green and I love her — City Girl,Perfect Night — LE SSERAFIM,,UNRATED_UNKNOWN,0.4675663411617279,FROZEN_C_AVAILABLE,"[""electronic""]",[],hip_hop_rap,pop,lofi_hip_hop,dance_pop,instrumental,sung_led,beat_or_instrumental,lead_vocal,"[""hazy"", ""electronic"", ""sample_based""]","[""clean"", ""layered"", ""electronic""]",mostly_consistent,contrasting_sections,"{""family"": ""clear"", ""style"": ""clear""}","{""family"": ""clear"", ""style"": ""clear""}",no information
09b14cc92ea8dc383f8b9322,A04,A10,7hFW5IN7mQ99PuO86r38Sf,65FftemJ1DbbZ45DUfHJXE,She loves the color green and I love her — City Girl,OMG — NewJeans,,UNRATED_UNKNOWN,0.3703951835632324,FROZEN_C_AVAILABLE,"[""electronic""]",[],hip_hop_rap,pop,lofi_hip_hop,pop_rnb,instrumental,sung_led,beat_or_instrumental,balanced,"[""hazy"", ""electronic"", ""sample_based""]","[""clean"", ""electronic"", ""layered""]",mostly_consistent,contrasting_sections,"{""family"": ""clear"", ""style"": ""clear""}","{""family"": ""clear"", ""style"": ""tentative""}",no information
06ad8027719f2c7734075acf,A04,C01,7hFW5IN7mQ99PuO86r38Sf,00njeQb198Lm7Jge2Rsrlg,She loves the color green and I love her — City Girl,"Saturation in Delay, Love in Anger — City Girl, tiffi",,OLDER_HOLISTIC_ONLY_EXCLUDED,0.7811594605445862,FROZEN_C_AVAILABLE,"[""electronic"", ""hip_hop_rap""]",[],hip_hop_rap,pop,lofi_hip_hop,hyperpop,instrumental,sung_led,beat_or_instrumental,balanced,"[""hazy"", ""electronic"", ""sample_based""]","[""electronic"", ""distorted"", ""layered""]",mostly_consistent,contrasting_sections,"{""family"": ""clear"", ""style"": ""clear""}","{""family"": ""clear"", ""style"": ""clear""}",no information
f890fbc8f2232f13fb8d39c0,A04,C02,7hFW5IN7mQ99PuO86r38Sf,6pWqlKm9ugucgKNldCLigX,She loves the color green and I love her — City Girl,"Sit Around — City Girl, tiffi",,UNRATED_UNKNOWN,0.7267788648605347,FROZEN_C_AVAILABLE,"[""hip_hop_rap""]",[],hip_hop_rap,rnb_soul,lofi_hip_hop,pop_rnb,instrumental,sung_led,beat_or_instrumental,lead_vocal,"[""hazy"", ""electronic"", ""sample_based""]","[""sample_based"", ""clean"", ""layered""]",mostly_consistent,contrasting_sections,"{""family"": ""clear"", ""style"": ""clear""}","{""family"": ""clear"", ""style"": ""clear""}",no information
3ca25fc44691f476d3426b97,A04,C03,7hFW5IN7mQ99PuO86r38Sf,2js0td9w2MzNUVPlMKYOEs,She loves the color green and I love her — City Girl,risk — lace,,OLDER_HOLISTIC_ONLY_EXCLUDED,0.6195276975631714,FROZEN_C_AVAILABLE,"[""electronic""]",[],hip_hop_rap,rnb_soul,lofi_hip_hop,alternative_rnb,instrumental,sung_led,beat_or_instrumental,lead_vocal,"[""hazy"", ""electronic"", ""sample_based""]","[""electronic"", ""hazy"", ""clean""]",mostly_consistent,mostly_consistent,"{""family"": ""clear"", ""style"": ""clear""}","{""family"": ""clear"", ""style"": ""tentative""}",no information
401b7c02cf11e83209429e78,A04,C04,7hFW5IN7mQ99PuO86r38Sf,1ON9XudZFxwu43tQXBszIX,She loves the color green and I love her — City Girl,boys dont cry — sysmint,,UNRATED_UNKNOWN,0.2732098698616028,FROZEN_C_AVAILABLE,"[""electronic"", ""hip_hop_rap""]",[],hip_hop_rap,electronic,lofi_hip_hop,digicore,instrumental,sung_led,beat_or_instrumental,balanced,"[""hazy"", ""electronic"", ""sample_based""]","[""electronic"", ""distorted"", ""layered""]",mostly_consistent,contrasting_sections,"{""family"": ""clear"", ""style"": ""clear""}","{""family"": ""clear"", ""style"": ""clear""}",no information
1450d5bdf1b7090ed49d6752,A04,C05,7hFW5IN7mQ99PuO86r38Sf,6wm3t4VpTxSFfOUgTMlHZM,She loves the color green and I love her — City Girl,The Peace — underscores,,UNRATED_UNKNOWN,0.26032501459121704,FROZEN_C_AVAILABLE,"[""electronic""]",[],hip_hop_rap,rnb_soul,lofi_hip_hop,contemporary_rnb,instrumental,sung_led,beat_or_instrumental,lead_vocal,"[""hazy"", ""electronic"", ""sample_based""]","[""sample_based"", ""electronic"", ""clean""]",mostly_consistent,mostly_consistent,"{""family"": ""clear"", ""style"": ""clear""}","{""family"": ""clear"", ""style"": ""tentative""}",no information
2857b8104062d4c0c22da249,A04,C06,7hFW5IN7mQ99PuO86r38Sf,7fXYFuCTmNrYRGwEUUf5iz,She loves the color green and I love her — City Girl,Die Right Here — david hugo,,UNRATED_UNKNOWN,0.3357008099555969,FROZEN_C_AVAILABLE,"[""electronic""]",[],hip_hop_rap,pop,lofi_hip_hop,dance_pop,instrumental,sung_led,beat_or_instrumental,lead_vocal,"[""hazy"", ""electronic"", ""sample_based""]","[""electronic"", ""clean"", ""layered""]",mostly_consistent,contrasting_sections,"{""family"": ""clear"", ""style"": ""clear""}","{""family"": ""clear"", ""style"": ""clear""}",no information
33848297c1d058bea85ba4f8,A05,A06,5sEeuhYWHNczuPKek1zJeG,4LaZ8RpIP6DIgN73bXQVlO,Tea Time — Disvstxr,GET IT — keshi,3,PLAYLIST_COMPATIBILITY_V1,0.7361983060836792,FROZEN_C_AVAILABLE,"[""electronic"", ""hip_hop_rap""]",[],hip_hop_rap,hip_hop_rap,lofi_hip_hop,melodic_trap,sung_led,mixed_rap_and_singing,beat_or_instrumental,balanced,"[""sample_based"", ""hazy""]","[""electronic"", ""clean"", ""layered""]",mostly_consistent,contrasting_sections,"{""family"": ""clear"", ""style"": ""clear""}","{""family"": ""clear"", ""style"": ""clear""}",no information
cc0bc83291d4a1219fb1c0e2,A05,A07,5sEeuhYWHNczuPKek1zJeG,7fBv7CLKzipRk6EC6TWHOB,Tea Time — Disvstxr,The Hills — The Weeknd,,UNRATED_UNKNOWN,0.7212266325950623,FROZEN_C_AVAILABLE,"[""electronic"", ""hip_hop_rap""]",[],hip_hop_rap,electronic,lofi_hip_hop,hyperpop,sung_led,sung_led,beat_or_instrumental,lead_vocal,"[""sample_based"", ""hazy""]","[""electronic"", ""distorted"", ""layered""]",mostly_consistent,contrasting_sections,"{""family"": ""clear"", ""style"": ""clear""}","{""family"": ""clear"", ""style"": ""clear""}",no information
de147d2d575d4da8d00e8671,A05,A08,5sEeuhYWHNczuPKek1zJeG,7F6PtLP6fJPVtA1FWVkl8K,Tea Time — Disvstxr,Shouldn't Be — Luke Chiang,,UNRATED_UNKNOWN,0.48818662762641907,FROZEN_C_AVAILABLE,"[""electronic""]",[],hip_hop_rap,rnb_soul,lofi_hip_hop,alternative_rnb,sung_led,sung_led,beat_or_instrumental,lead_vocal,"[""sample_based"", ""hazy""]","[""electronic"", ""hazy"", ""layered""]",mostly_consistent,contrasting_sections,"{""family"": ""clear"", ""style"": ""clear""}","{""family"": ""clear"", ""style"": ""clear""}",no information
d591e6c341a16202660ef8b4,A05,A09,5sEeuhYWHNczuPKek1zJeG,74X2u8JMVooG2QbjRxXwR8,Tea Time — Disvstxr,Perfect Night — LE SSERAFIM,,UNRATED_UNKNOWN,0.6099404096603394,FROZEN_C_AVAILABLE,"[""electronic""]",[],hip_hop_rap,pop,lofi_hip_hop,dance_pop,sung_led,sung_led,beat_or_instrumental,lead_vocal,"[""sample_based"", ""hazy""]","[""clean"", ""layered"", ""electronic""]",mostly_consistent,contrasting_sections,"{""family"": ""clear"", ""style"": ""clear""}","{""family"": ""clear"", ""style"": ""clear""}",no information
6a739c27c3e64def0fee2cd6,A05,A10,5sEeuhYWHNczuPKek1zJeG,65FftemJ1DbbZ45DUfHJXE,Tea Time — Disvstxr,OMG — NewJeans,,UNRATED_UNKNOWN,0.5728915333747864,FROZEN_C_AVAILABLE,"[""electronic""]",[],hip_hop_rap,pop,lofi_hip_hop,pop_rnb,sung_led,sung_led,beat_or_instrumental,balanced,"[""sample_based"", ""hazy""]","[""clean"", ""electronic"", ""layered""]",mostly_consistent,contrasting_sections,"{""family"": ""clear"", ""style"": ""clear""}","{""family"": ""clear"", ""style"": ""tentative""}",no information
6e2e1c9abae1fc6f7ae86a11,A05,C01,5sEeuhYWHNczuPKek1zJeG,00njeQb198Lm7Jge2Rsrlg,Tea Time — Disvstxr,"Saturation in Delay, Love in Anger — City Girl, tiffi",5,PLAYLIST_COMPATIBILITY_V1,0.7905222773551941,FROZEN_C_AVAILABLE,"[""electronic"", ""hip_hop_rap""]",[],hip_hop_rap,pop,lofi_hip_hop,hyperpop,sung_led,sung_led,beat_or_instrumental,balanced,"[""sample_based"", ""hazy""]","[""electronic"", ""distorted"", ""layered""]",mostly_consistent,contrasting_sections,"{""family"": ""clear"", ""style"": ""clear""}","{""family"": ""clear"", ""style"": ""clear""}",conflict
94d833dd57e4e892f631c779,A05,C02,5sEeuhYWHNczuPKek1zJeG,6pWqlKm9ugucgKNldCLigX,Tea Time — Disvstxr,"Sit Around — City Girl, tiffi",4,PLAYLIST_COMPATIBILITY_V1,0.6931704878807068,FROZEN_C_AVAILABLE,"[""hip_hop_rap""]",[],hip_hop_rap,rnb_soul,lofi_hip_hop,pop_rnb,sung_led,sung_led,beat_or_instrumental,lead_vocal,"[""sample_based"", ""hazy""]","[""sample_based"", ""clean"", ""layered""]",mostly_consistent,contrasting_sections,"{""family"": ""clear"", ""style"": ""clear""}","{""family"": ""clear"", ""style"": ""clear""}",conflict
e25ae8555b1c235a6bc2dc4a,A05,C03,5sEeuhYWHNczuPKek1zJeG,2js0td9w2MzNUVPlMKYOEs,Tea Time — Disvstxr,risk — lace,,UNRATED_UNKNOWN,0.551045835018158,FROZEN_C_AVAILABLE,"[""electronic""]",[],hip_hop_rap,rnb_soul,lofi_hip_hop,alternative_rnb,sung_led,sung_led,beat_or_instrumental,lead_vocal,"[""sample_based"", ""hazy""]","[""electronic"", ""hazy"", ""clean""]",mostly_consistent,mostly_consistent,"{""family"": ""clear"", ""style"": ""clear""}","{""family"": ""clear"", ""style"": ""tentative""}",no information
4f5df3fe9c0823e189ba4b93,A05,C04,5sEeuhYWHNczuPKek1zJeG,1ON9XudZFxwu43tQXBszIX,Tea Time — Disvstxr,boys dont cry — sysmint,,UNRATED_UNKNOWN,0.43545225262641907,FROZEN_C_AVAILABLE,"[""electronic"", ""hip_hop_rap""]",[],hip_hop_rap,electronic,lofi_hip_hop,digicore,sung_led,sung_led,beat_or_instrumental,balanced,"[""sample_based"", ""hazy""]","[""electronic"", ""distorted"", ""layered""]",mostly_consistent,contrasting_sections,"{""family"": ""clear"", ""style"": ""clear""}","{""family"": ""clear"", ""style"": ""clear""}",no information
5b0c9a2a95711b40c92f6376,A05,C05,5sEeuhYWHNczuPKek1zJeG,6wm3t4VpTxSFfOUgTMlHZM,Tea Time — Disvstxr,The Peace — underscores,,UNRATED_UNKNOWN,0.4067836403846741,FROZEN_C_AVAILABLE,"[""electronic""]",[],hip_hop_rap,rnb_soul,lofi_hip_hop,contemporary_rnb,sung_led,sung_led,beat_or_instrumental,lead_vocal,"[""sample_based"", ""hazy""]","[""sample_based"", ""electronic"", ""clean""]",mostly_consistent,mostly_consistent,"{""family"": ""clear"", ""style"": ""clear""}","{""family"": ""clear"", ""style"": ""tentative""}",no information
b3e427066afa392c619b3fcf,A05,C06,5sEeuhYWHNczuPKek1zJeG,7fXYFuCTmNrYRGwEUUf5iz,Tea Time — Disvstxr,Die Right Here — david hugo,,UNRATED_UNKNOWN,0.5248244404792786,FROZEN_C_AVAILABLE,"[""electronic""]",[],hip_hop_rap,pop,lofi_hip_hop,dance_pop,sung_led,sung_led,beat_or_instrumental,lead_vocal,"[""sample_based"", ""hazy""]","[""electronic"", ""clean"", ""layered""]",mostly_consistent,contrasting_sections,"{""family"": ""clear"", ""style"": ""clear""}","{""family"": ""clear"", ""style"": ""clear""}",no information
6c1029fd7909ebbde2a327ea,A06,A07,4LaZ8RpIP6DIgN73bXQVlO,7fBv7CLKzipRk6EC6TWHOB,GET IT — keshi,The Hills — The Weeknd,,OLDER_HOLISTIC_ONLY_EXCLUDED,0.8284721970558167,FROZEN_C_AVAILABLE,"[""electronic"", ""hip_hop_rap"", ""pop""]","[""trap""]",hip_hop_rap,electronic,melodic_trap,hyperpop,mixed_rap_and_singing,sung_led,balanced,lead_vocal,"[""electronic"", ""clean"", ""layered""]","[""electronic"", ""distorted"", ""layered""]",contrasting_sections,contrasting_sections,"{""family"": ""clear"", ""style"": ""clear""}","{""family"": ""clear"", ""style"": ""clear""}",no information
74f13c2c6d3ed3941081b8f5,A06,A08,4LaZ8RpIP6DIgN73bXQVlO,7F6PtLP6fJPVtA1FWVkl8K,GET IT — keshi,Shouldn't Be — Luke Chiang,,UNRATED_UNKNOWN,0.5934761166572571,FROZEN_C_AVAILABLE,"[""electronic"", ""pop""]",[],hip_hop_rap,rnb_soul,melodic_trap,alternative_rnb,mixed_rap_and_singing,sung_led,balanced,lead_vocal,"[""electronic"", ""clean"", ""layered""]","[""electronic"", ""hazy"", ""layered""]",contrasting_sections,contrasting_sections,"{""family"": ""clear"", ""style"": ""clear""}","{""family"": ""clear"", ""style"": ""clear""}",no information
7c8685136f05b96411c827b1,A06,A09,4LaZ8RpIP6DIgN73bXQVlO,74X2u8JMVooG2QbjRxXwR8,GET IT — keshi,Perfect Night — LE SSERAFIM,,UNRATED_UNKNOWN,0.6915619373321533,FROZEN_C_AVAILABLE,"[""electronic"", ""pop""]",[],hip_hop_rap,pop,melodic_trap,dance_pop,mixed_rap_and_singing,sung_led,balanced,lead_vocal,"[""electronic"", ""clean"", ""layered""]","[""clean"", ""layered"", ""electronic""]",contrasting_sections,contrasting_sections,"{""family"": ""clear"", ""style"": ""clear""}","{""family"": ""clear"", ""style"": ""clear""}",no information
1e2839227ea82c4ab5a6ce57,A06,A10,4LaZ8RpIP6DIgN73bXQVlO,65FftemJ1DbbZ45DUfHJXE,GET IT — keshi,OMG — NewJeans,,UNRATED_UNKNOWN,0.629326581954956,FROZEN_C_AVAILABLE,"[""electronic"", ""pop""]",[],hip_hop_rap,pop,melodic_trap,pop_rnb,mixed_rap_and_singing,sung_led,balanced,balanced,"[""electronic"", ""clean"", ""layered""]","[""clean"", ""electronic"", ""layered""]",contrasting_sections,contrasting_sections,"{""family"": ""clear"", ""style"": ""clear""}","{""family"": ""clear"", ""style"": ""tentative""}",no information
e32193a16a94489a4dcb13bf,A06,C01,4LaZ8RpIP6DIgN73bXQVlO,00njeQb198Lm7Jge2Rsrlg,GET IT — keshi,"Saturation in Delay, Love in Anger — City Girl, tiffi",2,PLAYLIST_COMPATIBILITY_V1,0.7027162909507751,FROZEN_C_AVAILABLE,"[""electronic"", ""hip_hop_rap"", ""pop""]","[""electropop""]",hip_hop_rap,pop,melodic_trap,hyperpop,mixed_rap_and_singing,sung_led,balanced,balanced,"[""electronic"", ""clean"", ""layered""]","[""electronic"", ""distorted"", ""layered""]",contrasting_sections,contrasting_sections,"{""family"": ""clear"", ""style"": ""clear""}","{""family"": ""clear"", ""style"": ""clear""}",conflict
5e8482752b09b8d77160dc71,A06,C02,4LaZ8RpIP6DIgN73bXQVlO,6pWqlKm9ugucgKNldCLigX,GET IT — keshi,"Sit Around — City Girl, tiffi",,UNRATED_UNKNOWN,0.6532499194145203,FROZEN_C_AVAILABLE,"[""hip_hop_rap"", ""pop""]",[],hip_hop_rap,rnb_soul,melodic_trap,pop_rnb,mixed_rap_and_singing,sung_led,balanced,lead_vocal,"[""electronic"", ""clean"", ""layered""]","[""sample_based"", ""clean"", ""layered""]",contrasting_sections,contrasting_sections,"{""family"": ""clear"", ""style"": ""clear""}","{""family"": ""clear"", ""style"": ""clear""}",no information
dff3e69c7a9b3bb16a4acfc3,A06,C03,4LaZ8RpIP6DIgN73bXQVlO,2js0td9w2MzNUVPlMKYOEs,GET IT — keshi,risk — lace,,UNRATED_UNKNOWN,0.51592618227005,FROZEN_C_AVAILABLE,"[""electronic"", ""pop""]",[],hip_hop_rap,rnb_soul,melodic_trap,alternative_rnb,mixed_rap_and_singing,sung_led,balanced,lead_vocal,"[""electronic"", ""clean"", ""layered""]","[""electronic"", ""hazy"", ""clean""]",contrasting_sections,mostly_consistent,"{""family"": ""clear"", ""style"": ""clear""}","{""family"": ""clear"", ""style"": ""tentative""}",no information
a5de82d228586f830050fb1b,A06,C04,4LaZ8RpIP6DIgN73bXQVlO,1ON9XudZFxwu43tQXBszIX,GET IT — keshi,boys dont cry — sysmint,,OLDER_HOLISTIC_ONLY_EXCLUDED,0.6335647702217102,FROZEN_C_AVAILABLE,"[""electronic"", ""hip_hop_rap"", ""pop""]",[],hip_hop_rap,electronic,melodic_trap,digicore,mixed_rap_and_singing,sung_led,balanced,balanced,"[""electronic"", ""clean"", ""layered""]","[""electronic"", ""distorted"", ""layered""]",contrasting_sections,contrasting_sections,"{""family"": ""clear"", ""style"": ""clear""}","{""family"": ""clear"", ""style"": ""clear""}",no information
46fe695c5534f5c7be332e2f,A06,C05,4LaZ8RpIP6DIgN73bXQVlO,6wm3t4VpTxSFfOUgTMlHZM,GET IT — keshi,The Peace — underscores,,UNRATED_UNKNOWN,0.5485122203826904,FROZEN_C_AVAILABLE,"[""electronic"", ""pop""]",[],hip_hop_rap,rnb_soul,melodic_trap,contemporary_rnb,mixed_rap_and_singing,sung_led,balanced,lead_vocal,"[""electronic"", ""clean"", ""layered""]","[""sample_based"", ""electronic"", ""clean""]",contrasting_sections,mostly_consistent,"{""family"": ""clear"", ""style"": ""clear""}","{""family"": ""clear"", ""style"": ""tentative""}",no information
f73faa014653287151be45f5,A06,C06,4LaZ8RpIP6DIgN73bXQVlO,7fXYFuCTmNrYRGwEUUf5iz,GET IT — keshi,Die Right Here — david hugo,,UNRATED_UNKNOWN,0.5654906034469604,FROZEN_C_AVAILABLE,"[""electronic"", ""pop""]",[],hip_hop_rap,pop,melodic_trap,dance_pop,mixed_rap_and_singing,sung_led,balanced,lead_vocal,"[""electronic"", ""clean"", ""layered""]","[""electronic"", ""clean"", ""layered""]",contrasting_sections,contrasting_sections,"{""family"": ""clear"", ""style"": ""clear""}","{""family"": ""clear"", ""style"": ""clear""}",no information
5d2e0dcd5a8577f936ff2e55,A07,A08,7fBv7CLKzipRk6EC6TWHOB,7F6PtLP6fJPVtA1FWVkl8K,The Hills — The Weeknd,Shouldn't Be — Luke Chiang,,UNRATED_UNKNOWN,0.6439443230628967,FROZEN_C_AVAILABLE,"[""electronic"", ""pop""]",[],electronic,rnb_soul,hyperpop,alternative_rnb,sung_led,sung_led,lead_vocal,lead_vocal,"[""electronic"", ""distorted"", ""layered""]","[""electronic"", ""hazy"", ""layered""]",contrasting_sections,contrasting_sections,"{""family"": ""clear"", ""style"": ""clear""}","{""family"": ""clear"", ""style"": ""clear""}",no information
96c3deb9db6525a85093c1f8,A07,A09,7fBv7CLKzipRk6EC6TWHOB,74X2u8JMVooG2QbjRxXwR8,The Hills — The Weeknd,Perfect Night — LE SSERAFIM,,UNRATED_UNKNOWN,0.6395837664604187,FROZEN_C_AVAILABLE,"[""electronic"", ""pop""]",[],electronic,pop,hyperpop,dance_pop,sung_led,sung_led,lead_vocal,lead_vocal,"[""electronic"", ""distorted"", ""layered""]","[""clean"", ""layered"", ""electronic""]",contrasting_sections,contrasting_sections,"{""family"": ""clear"", ""style"": ""clear""}","{""family"": ""clear"", ""style"": ""clear""}",no information
e305bc9b10abc2a85ff48f27,A07,A10,7fBv7CLKzipRk6EC6TWHOB,65FftemJ1DbbZ45DUfHJXE,The Hills — The Weeknd,OMG — NewJeans,,UNRATED_UNKNOWN,0.6098894476890564,FROZEN_C_AVAILABLE,"[""electronic"", ""pop""]",[],electronic,pop,hyperpop,pop_rnb,sung_led,sung_led,lead_vocal,balanced,"[""electronic"", ""distorted"", ""layered""]","[""clean"", ""electronic"", ""layered""]",contrasting_sections,contrasting_sections,"{""family"": ""clear"", ""style"": ""clear""}","{""family"": ""clear"", ""style"": ""tentative""}",no information
e8f567c66443fa539dba1f39,A07,C01,7fBv7CLKzipRk6EC6TWHOB,00njeQb198Lm7Jge2Rsrlg,The Hills — The Weeknd,"Saturation in Delay, Love in Anger — City Girl, tiffi",,UNRATED_UNKNOWN,0.7107461094856262,FROZEN_C_AVAILABLE,"[""electronic"", ""hip_hop_rap"", ""pop""]","[""digicore"", ""hyperpop""]",electronic,pop,hyperpop,hyperpop,sung_led,sung_led,lead_vocal,balanced,"[""electronic"", ""distorted"", ""layered""]","[""electronic"", ""distorted"", ""layered""]",contrasting_sections,contrasting_sections,"{""family"": ""clear"", ""style"": ""clear""}","{""family"": ""clear"", ""style"": ""clear""}",no information
2117e75eac0d9d48d9d21c00,A07,C02,7fBv7CLKzipRk6EC6TWHOB,6pWqlKm9ugucgKNldCLigX,The Hills — The Weeknd,"Sit Around — City Girl, tiffi",,UNRATED_UNKNOWN,0.7717616558074951,FROZEN_C_AVAILABLE,"[""hip_hop_rap"", ""pop""]",[],electronic,rnb_soul,hyperpop,pop_rnb,sung_led,sung_led,lead_vocal,lead_vocal,"[""electronic"", ""distorted"", ""layered""]","[""sample_based"", ""clean"", ""layered""]",contrasting_sections,contrasting_sections,"{""family"": ""clear"", ""style"": ""clear""}","{""family"": ""clear"", ""style"": ""clear""}",no information
7970931bd3892784e790e71c,A07,C03,7fBv7CLKzipRk6EC6TWHOB,2js0td9w2MzNUVPlMKYOEs,The Hills — The Weeknd,risk — lace,,UNRATED_UNKNOWN,0.6768404245376587,FROZEN_C_AVAILABLE,"[""electronic"", ""pop""]",[],electronic,rnb_soul,hyperpop,alternative_rnb,sung_led,sung_led,lead_vocal,lead_vocal,"[""electronic"", ""distorted"", ""layered""]","[""electronic"", ""hazy"", ""clean""]",contrasting_sections,mostly_consistent,"{""family"": ""clear"", ""style"": ""clear""}","{""family"": ""clear"", ""style"": ""tentative""}",no information
930b027f31f0b07c14d37632,A07,C04,7fBv7CLKzipRk6EC6TWHOB,1ON9XudZFxwu43tQXBszIX,The Hills — The Weeknd,boys dont cry — sysmint,,OLDER_HOLISTIC_ONLY_EXCLUDED,0.6566611528396606,FROZEN_C_AVAILABLE,"[""electronic"", ""hip_hop_rap"", ""pop""]","[""digicore"", ""hyperpop""]",electronic,electronic,hyperpop,digicore,sung_led,sung_led,lead_vocal,balanced,"[""electronic"", ""distorted"", ""layered""]","[""electronic"", ""distorted"", ""layered""]",contrasting_sections,contrasting_sections,"{""family"": ""clear"", ""style"": ""clear""}","{""family"": ""clear"", ""style"": ""clear""}",no information
042a052f6cdbf443656f6bce,A07,C05,7fBv7CLKzipRk6EC6TWHOB,6wm3t4VpTxSFfOUgTMlHZM,The Hills — The Weeknd,The Peace — underscores,,UNRATED_UNKNOWN,0.5484580993652344,FROZEN_C_AVAILABLE,"[""electronic"", ""pop""]",[],electronic,rnb_soul,hyperpop,contemporary_rnb,sung_led,sung_led,lead_vocal,lead_vocal,"[""electronic"", ""distorted"", ""layered""]","[""sample_based"", ""electronic"", ""clean""]",contrasting_sections,mostly_consistent,"{""family"": ""clear"", ""style"": ""clear""}","{""family"": ""clear"", ""style"": ""tentative""}",no information
ee0edd2881f54a98293e5a7c,A07,C06,7fBv7CLKzipRk6EC6TWHOB,7fXYFuCTmNrYRGwEUUf5iz,The Hills — The Weeknd,Die Right Here — david hugo,,UNRATED_UNKNOWN,0.5948659181594849,FROZEN_C_AVAILABLE,"[""electronic"", ""pop""]",[],electronic,pop,hyperpop,dance_pop,sung_led,sung_led,lead_vocal,lead_vocal,"[""electronic"", ""distorted"", ""layered""]","[""electronic"", ""clean"", ""layered""]",contrasting_sections,contrasting_sections,"{""family"": ""clear"", ""style"": ""clear""}","{""family"": ""clear"", ""style"": ""clear""}",no information
d689e50caf7909eee6c8c507,A08,A09,7F6PtLP6fJPVtA1FWVkl8K,74X2u8JMVooG2QbjRxXwR8,Shouldn't Be — Luke Chiang,Perfect Night — LE SSERAFIM,,UNRATED_UNKNOWN,0.4286843240261078,FROZEN_C_AVAILABLE,"[""electronic"", ""pop""]",[],rnb_soul,pop,alternative_rnb,dance_pop,sung_led,sung_led,lead_vocal,lead_vocal,"[""electronic"", ""hazy"", ""layered""]","[""clean"", ""layered"", ""electronic""]",contrasting_sections,contrasting_sections,"{""family"": ""clear"", ""style"": ""clear""}","{""family"": ""clear"", ""style"": ""clear""}",no information
fc6155bbe607010bf67c3948,A08,A10,7F6PtLP6fJPVtA1FWVkl8K,65FftemJ1DbbZ45DUfHJXE,Shouldn't Be — Luke Chiang,OMG — NewJeans,,UNRATED_UNKNOWN,0.395084410905838,FROZEN_C_AVAILABLE,"[""electronic"", ""pop"", ""rnb_soul""]","[""pop_rnb""]",rnb_soul,pop,alternative_rnb,pop_rnb,sung_led,sung_led,lead_vocal,balanced,"[""electronic"", ""hazy"", ""layered""]","[""clean"", ""electronic"", ""layered""]",contrasting_sections,contrasting_sections,"{""family"": ""clear"", ""style"": ""clear""}","{""family"": ""clear"", ""style"": ""tentative""}",no information
2ac4f96649f6a2d6fac09c84,A08,C01,7F6PtLP6fJPVtA1FWVkl8K,00njeQb198Lm7Jge2Rsrlg,Shouldn't Be — Luke Chiang,"Saturation in Delay, Love in Anger — City Girl, tiffi",,UNRATED_UNKNOWN,0.4619515836238861,FROZEN_C_AVAILABLE,"[""electronic"", ""pop""]",[],rnb_soul,pop,alternative_rnb,hyperpop,sung_led,sung_led,lead_vocal,balanced,"[""electronic"", ""hazy"", ""layered""]","[""electronic"", ""distorted"", ""layered""]",contrasting_sections,contrasting_sections,"{""family"": ""clear"", ""style"": ""clear""}","{""family"": ""clear"", ""style"": ""clear""}",no information
bb5f75b0ca6998c205c1a37a,A08,C02,7F6PtLP6fJPVtA1FWVkl8K,6pWqlKm9ugucgKNldCLigX,Shouldn't Be — Luke Chiang,"Sit Around — City Girl, tiffi",,UNRATED_UNKNOWN,0.5483127236366272,FROZEN_C_AVAILABLE,"[""pop"", ""rnb_soul""]","[""contemporary_rnb"", ""pop_rnb""]",rnb_soul,rnb_soul,alternative_rnb,pop_rnb,sung_led,sung_led,lead_vocal,lead_vocal,"[""electronic"", ""hazy"", ""layered""]","[""sample_based"", ""clean"", ""layered""]",contrasting_sections,contrasting_sections,"{""family"": ""clear"", ""style"": ""clear""}","{""family"": ""clear"", ""style"": ""clear""}",no information
183ff95db002f12d61599702,A08,C03,7F6PtLP6fJPVtA1FWVkl8K,2js0td9w2MzNUVPlMKYOEs,Shouldn't Be — Luke Chiang,risk — lace,,UNRATED_UNKNOWN,0.637458086013794,FROZEN_C_AVAILABLE,"[""electronic"", ""pop"", ""rnb_soul""]","[""alternative_rnb"", ""contemporary_rnb""]",rnb_soul,rnb_soul,alternative_rnb,alternative_rnb,sung_led,sung_led,lead_vocal,lead_vocal,"[""electronic"", ""hazy"", ""layered""]","[""electronic"", ""hazy"", ""clean""]",contrasting_sections,mostly_consistent,"{""family"": ""clear"", ""style"": ""clear""}","{""family"": ""clear"", ""style"": ""tentative""}",no information
917863a5c775774559c72bac,A08,C04,7F6PtLP6fJPVtA1FWVkl8K,1ON9XudZFxwu43tQXBszIX,Shouldn't Be — Luke Chiang,boys dont cry — sysmint,,UNRATED_UNKNOWN,0.5219459533691406,FROZEN_C_AVAILABLE,"[""electronic"", ""pop""]",[],rnb_soul,electronic,alternative_rnb,digicore,sung_led,sung_led,lead_vocal,balanced,"[""electronic"", ""hazy"", ""layered""]","[""electronic"", ""distorted"", ""layered""]",contrasting_sections,contrasting_sections,"{""family"": ""clear"", ""style"": ""clear""}","{""family"": ""clear"", ""style"": ""clear""}",no information
1460056eee4cac276e0252b1,A08,C05,7F6PtLP6fJPVtA1FWVkl8K,6wm3t4VpTxSFfOUgTMlHZM,Shouldn't Be — Luke Chiang,The Peace — underscores,,UNRATED_UNKNOWN,0.3222741186618805,FROZEN_C_AVAILABLE,"[""electronic"", ""pop"", ""rnb_soul""]","[""alternative_rnb"", ""contemporary_rnb"", ""pop_rnb""]",rnb_soul,rnb_soul,alternative_rnb,contemporary_rnb,sung_led,sung_led,lead_vocal,lead_vocal,"[""electronic"", ""hazy"", ""layered""]","[""sample_based"", ""electronic"", ""clean""]",contrasting_sections,mostly_consistent,"{""family"": ""clear"", ""style"": ""clear""}","{""family"": ""clear"", ""style"": ""tentative""}",no information
0b27243da5d0ba4ab3443717,A08,C06,7F6PtLP6fJPVtA1FWVkl8K,7fXYFuCTmNrYRGwEUUf5iz,Shouldn't Be — Luke Chiang,Die Right Here — david hugo,,UNRATED_UNKNOWN,0.5717998147010803,FROZEN_C_AVAILABLE,"[""electronic"", ""pop""]",[],rnb_soul,pop,alternative_rnb,dance_pop,sung_led,sung_led,lead_vocal,lead_vocal,"[""electronic"", ""hazy"", ""layered""]","[""electronic"", ""clean"", ""layered""]",contrasting_sections,contrasting_sections,"{""family"": ""clear"", ""style"": ""clear""}","{""family"": ""clear"", ""style"": ""clear""}",no information
02328530fd2a834ae6eeb16b,A09,A10,74X2u8JMVooG2QbjRxXwR8,65FftemJ1DbbZ45DUfHJXE,Perfect Night — LE SSERAFIM,OMG — NewJeans,,OLDER_HOLISTIC_ONLY_EXCLUDED,0.9249836802482605,FROZEN_C_AVAILABLE,"[""electronic"", ""pop""]","[""dance_pop""]",pop,pop,dance_pop,pop_rnb,sung_led,sung_led,lead_vocal,balanced,"[""clean"", ""layered"", ""electronic""]","[""clean"", ""electronic"", ""layered""]",contrasting_sections,contrasting_sections,"{""family"": ""clear"", ""style"": ""clear""}","{""family"": ""clear"", ""style"": ""tentative""}",no information
9014acb39093703fab5c00ea,A09,C01,74X2u8JMVooG2QbjRxXwR8,00njeQb198Lm7Jge2Rsrlg,Perfect Night — LE SSERAFIM,"Saturation in Delay, Love in Anger — City Girl, tiffi",,UNRATED_UNKNOWN,0.5003583431243896,FROZEN_C_AVAILABLE,"[""electronic"", ""pop""]",[],pop,pop,dance_pop,hyperpop,sung_led,sung_led,lead_vocal,balanced,"[""clean"", ""layered"", ""electronic""]","[""electronic"", ""distorted"", ""layered""]",contrasting_sections,contrasting_sections,"{""family"": ""clear"", ""style"": ""clear""}","{""family"": ""clear"", ""style"": ""clear""}",no information
a2d7eb2b28686f35b0b53cc0,A09,C02,74X2u8JMVooG2QbjRxXwR8,6pWqlKm9ugucgKNldCLigX,Perfect Night — LE SSERAFIM,"Sit Around — City Girl, tiffi",,UNRATED_UNKNOWN,0.5959149599075317,FROZEN_C_AVAILABLE,"[""pop""]",[],pop,rnb_soul,dance_pop,pop_rnb,sung_led,sung_led,lead_vocal,lead_vocal,"[""clean"", ""layered"", ""electronic""]","[""sample_based"", ""clean"", ""layered""]",contrasting_sections,contrasting_sections,"{""family"": ""clear"", ""style"": ""clear""}","{""family"": ""clear"", ""style"": ""clear""}",no information
90d73a24c5c85a8bd82f2a68,A09,C03,74X2u8JMVooG2QbjRxXwR8,2js0td9w2MzNUVPlMKYOEs,Perfect Night — LE SSERAFIM,risk — lace,,UNRATED_UNKNOWN,0.4524259865283966,FROZEN_C_AVAILABLE,"[""electronic"", ""pop""]",[],pop,rnb_soul,dance_pop,alternative_rnb,sung_led,sung_led,lead_vocal,lead_vocal,"[""clean"", ""layered"", ""electronic""]","[""electronic"", ""hazy"", ""clean""]",contrasting_sections,mostly_consistent,"{""family"": ""clear"", ""style"": ""clear""}","{""family"": ""clear"", ""style"": ""tentative""}",no information
959aa83b973ce3bd3714b36b,A09,C04,74X2u8JMVooG2QbjRxXwR8,1ON9XudZFxwu43tQXBszIX,Perfect Night — LE SSERAFIM,boys dont cry — sysmint,,UNRATED_UNKNOWN,0.5570700168609619,FROZEN_C_AVAILABLE,"[""electronic"", ""pop""]",[],pop,electronic,dance_pop,digicore,sung_led,sung_led,lead_vocal,balanced,"[""clean"", ""layered"", ""electronic""]","[""electronic"", ""distorted"", ""layered""]",contrasting_sections,contrasting_sections,"{""family"": ""clear"", ""style"": ""clear""}","{""family"": ""clear"", ""style"": ""clear""}",no information
45d0d4beb993663b37273778,A09,C05,74X2u8JMVooG2QbjRxXwR8,6wm3t4VpTxSFfOUgTMlHZM,Perfect Night — LE SSERAFIM,The Peace — underscores,2,PLAYLIST_COMPATIBILITY_V1,0.7026604413986206,FROZEN_C_AVAILABLE,"[""electronic"", ""pop""]",[],pop,rnb_soul,dance_pop,contemporary_rnb,sung_led,sung_led,lead_vocal,lead_vocal,"[""clean"", ""layered"", ""electronic""]","[""sample_based"", ""electronic"", ""clean""]",contrasting_sections,mostly_consistent,"{""family"": ""clear"", ""style"": ""clear""}","{""family"": ""clear"", ""style"": ""tentative""}",possible separation
cae7566569497abc0579c135,A09,C06,74X2u8JMVooG2QbjRxXwR8,7fXYFuCTmNrYRGwEUUf5iz,Perfect Night — LE SSERAFIM,Die Right Here — david hugo,,UNRATED_UNKNOWN,0.7575048208236694,FROZEN_C_AVAILABLE,"[""electronic"", ""pop""]","[""dance_pop""]",pop,pop,dance_pop,dance_pop,sung_led,sung_led,lead_vocal,lead_vocal,"[""clean"", ""layered"", ""electronic""]","[""electronic"", ""clean"", ""layered""]",contrasting_sections,contrasting_sections,"{""family"": ""clear"", ""style"": ""clear""}","{""family"": ""clear"", ""style"": ""clear""}",no information
145139acdbf29ff2380a4c7f,A10,C01,65FftemJ1DbbZ45DUfHJXE,00njeQb198Lm7Jge2Rsrlg,OMG — NewJeans,"Saturation in Delay, Love in Anger — City Girl, tiffi",,UNRATED_UNKNOWN,0.46806594729423523,FROZEN_C_AVAILABLE,"[""electronic"", ""pop""]",[],pop,pop,pop_rnb,hyperpop,sung_led,sung_led,balanced,balanced,"[""clean"", ""electronic"", ""layered""]","[""electronic"", ""distorted"", ""layered""]",contrasting_sections,contrasting_sections,"{""family"": ""clear"", ""style"": ""tentative""}","{""family"": ""clear"", ""style"": ""clear""}",no information
7cec767c2ca5b52baf812f08,A10,C02,65FftemJ1DbbZ45DUfHJXE,6pWqlKm9ugucgKNldCLigX,OMG — NewJeans,"Sit Around — City Girl, tiffi",,UNRATED_UNKNOWN,0.5783547163009644,FROZEN_C_AVAILABLE,"[""pop"", ""rnb_soul""]","[""pop_rnb""]",pop,rnb_soul,pop_rnb,pop_rnb,sung_led,sung_led,balanced,lead_vocal,"[""clean"", ""electronic"", ""layered""]","[""sample_based"", ""clean"", ""layered""]",contrasting_sections,contrasting_sections,"{""family"": ""clear"", ""style"": ""tentative""}","{""family"": ""clear"", ""style"": ""clear""}",no information
5ec7d0e938b0316573bed8aa,A10,C03,65FftemJ1DbbZ45DUfHJXE,2js0td9w2MzNUVPlMKYOEs,OMG — NewJeans,risk — lace,,UNRATED_UNKNOWN,0.41684380173683167,FROZEN_C_AVAILABLE,"[""electronic"", ""pop"", ""rnb_soul""]",[],pop,rnb_soul,pop_rnb,alternative_rnb,sung_led,sung_led,balanced,lead_vocal,"[""clean"", ""electronic"", ""layered""]","[""electronic"", ""hazy"", ""clean""]",contrasting_sections,mostly_consistent,"{""family"": ""clear"", ""style"": ""tentative""}","{""family"": ""clear"", ""style"": ""tentative""}",no information
a93f8596300b0ada736ab984,A10,C04,65FftemJ1DbbZ45DUfHJXE,1ON9XudZFxwu43tQXBszIX,OMG — NewJeans,boys dont cry — sysmint,,UNRATED_UNKNOWN,0.6271262764930725,FROZEN_C_AVAILABLE,"[""electronic"", ""pop""]",[],pop,electronic,pop_rnb,digicore,sung_led,sung_led,balanced,balanced,"[""clean"", ""electronic"", ""layered""]","[""electronic"", ""distorted"", ""layered""]",contrasting_sections,contrasting_sections,"{""family"": ""clear"", ""style"": ""tentative""}","{""family"": ""clear"", ""style"": ""clear""}",no information
4ddf390e0555f0e1fc0746d7,A10,C05,65FftemJ1DbbZ45DUfHJXE,6wm3t4VpTxSFfOUgTMlHZM,OMG — NewJeans,The Peace — underscores,,OLDER_HOLISTIC_ONLY_EXCLUDED,0.7019330859184265,FROZEN_C_AVAILABLE,"[""electronic"", ""pop"", ""rnb_soul""]","[""pop_rnb""]",pop,rnb_soul,pop_rnb,contemporary_rnb,sung_led,sung_led,balanced,lead_vocal,"[""clean"", ""electronic"", ""layered""]","[""sample_based"", ""electronic"", ""clean""]",contrasting_sections,mostly_consistent,"{""family"": ""clear"", ""style"": ""tentative""}","{""family"": ""clear"", ""style"": ""tentative""}",no information
07fd4e70a7bb3588743ba5bb,A10,C06,65FftemJ1DbbZ45DUfHJXE,7fXYFuCTmNrYRGwEUUf5iz,OMG — NewJeans,Die Right Here — david hugo,2,PLAYLIST_COMPATIBILITY_V1,0.7834454774856567,FROZEN_C_AVAILABLE,"[""electronic"", ""pop""]","[""dance_pop""]",pop,pop,pop_rnb,dance_pop,sung_led,sung_led,balanced,lead_vocal,"[""clean"", ""electronic"", ""layered""]","[""electronic"", ""clean"", ""layered""]",contrasting_sections,contrasting_sections,"{""family"": ""clear"", ""style"": ""tentative""}","{""family"": ""clear"", ""style"": ""clear""}",conflict
47b3a709f87de07ea98337f2,C01,C02,00njeQb198Lm7Jge2Rsrlg,6pWqlKm9ugucgKNldCLigX,"Saturation in Delay, Love in Anger — City Girl, tiffi","Sit Around — City Girl, tiffi",4,PLAYLIST_COMPATIBILITY_V1,0.7446252703666687,FROZEN_C_AVAILABLE,"[""hip_hop_rap"", ""pop""]",[],pop,rnb_soul,hyperpop,pop_rnb,sung_led,sung_led,balanced,lead_vocal,"[""electronic"", ""distorted"", ""layered""]","[""sample_based"", ""clean"", ""layered""]",contrasting_sections,contrasting_sections,"{""family"": ""clear"", ""style"": ""clear""}","{""family"": ""clear"", ""style"": ""clear""}",conflict
9e35a2b0230243ae80050f61,C01,C03,00njeQb198Lm7Jge2Rsrlg,2js0td9w2MzNUVPlMKYOEs,"Saturation in Delay, Love in Anger — City Girl, tiffi",risk — lace,,UNRATED_UNKNOWN,0.5917965769767761,FROZEN_C_AVAILABLE,"[""electronic"", ""pop""]",[],pop,rnb_soul,hyperpop,alternative_rnb,sung_led,sung_led,balanced,lead_vocal,"[""electronic"", ""distorted"", ""layered""]","[""electronic"", ""hazy"", ""clean""]",contrasting_sections,mostly_consistent,"{""family"": ""clear"", ""style"": ""clear""}","{""family"": ""clear"", ""style"": ""tentative""}",no information
60ccd71f13e032d3b9fca9d9,C01,C04,00njeQb198Lm7Jge2Rsrlg,1ON9XudZFxwu43tQXBszIX,"Saturation in Delay, Love in Anger — City Girl, tiffi",boys dont cry — sysmint,,UNRATED_UNKNOWN,0.3676467835903168,FROZEN_C_AVAILABLE,"[""electronic"", ""hip_hop_rap"", ""pop""]","[""digicore"", ""hyperpop""]",pop,electronic,hyperpop,digicore,sung_led,sung_led,balanced,balanced,"[""electronic"", ""distorted"", ""layered""]","[""electronic"", ""distorted"", ""layered""]",contrasting_sections,contrasting_sections,"{""family"": ""clear"", ""style"": ""clear""}","{""family"": ""clear"", ""style"": ""clear""}",no information
45025b05c225697da5fed736,C01,C05,00njeQb198Lm7Jge2Rsrlg,6wm3t4VpTxSFfOUgTMlHZM,"Saturation in Delay, Love in Anger — City Girl, tiffi",The Peace — underscores,,UNRATED_UNKNOWN,0.32171446084976196,FROZEN_C_AVAILABLE,"[""electronic"", ""pop""]",[],pop,rnb_soul,hyperpop,contemporary_rnb,sung_led,sung_led,balanced,lead_vocal,"[""electronic"", ""distorted"", ""layered""]","[""sample_based"", ""electronic"", ""clean""]",contrasting_sections,mostly_consistent,"{""family"": ""clear"", ""style"": ""clear""}","{""family"": ""clear"", ""style"": ""tentative""}",no information
0ddc3de7eee928115144f0c0,C01,C06,00njeQb198Lm7Jge2Rsrlg,7fXYFuCTmNrYRGwEUUf5iz,"Saturation in Delay, Love in Anger — City Girl, tiffi",Die Right Here — david hugo,,UNRATED_UNKNOWN,0.36489802598953247,FROZEN_C_AVAILABLE,"[""electronic"", ""pop""]",[],pop,pop,hyperpop,dance_pop,sung_led,sung_led,balanced,lead_vocal,"[""electronic"", ""distorted"", ""layered""]","[""electronic"", ""clean"", ""layered""]",contrasting_sections,contrasting_sections,"{""family"": ""clear"", ""style"": ""clear""}","{""family"": ""clear"", ""style"": ""clear""}",no information
dfaa8d8e883fc2348715792e,C02,C03,6pWqlKm9ugucgKNldCLigX,2js0td9w2MzNUVPlMKYOEs,"Sit Around — City Girl, tiffi",risk — lace,4,PLAYLIST_COMPATIBILITY_V1,0.7976068258285522,FROZEN_C_AVAILABLE,"[""pop"", ""rnb_soul""]","[""contemporary_rnb""]",rnb_soul,rnb_soul,pop_rnb,alternative_rnb,sung_led,sung_led,lead_vocal,lead_vocal,"[""sample_based"", ""clean"", ""layered""]","[""electronic"", ""hazy"", ""clean""]",contrasting_sections,mostly_consistent,"{""family"": ""clear"", ""style"": ""clear""}","{""family"": ""clear"", ""style"": ""tentative""}",possible contraction
8b4c856cc105d08b910108e6,C02,C04,6pWqlKm9ugucgKNldCLigX,1ON9XudZFxwu43tQXBszIX,"Sit Around — City Girl, tiffi",boys dont cry — sysmint,1,PLAYLIST_COMPATIBILITY_V1,0.5166787505149841,FROZEN_C_AVAILABLE,"[""hip_hop_rap"", ""pop""]",[],rnb_soul,electronic,pop_rnb,digicore,sung_led,sung_led,lead_vocal,balanced,"[""sample_based"", ""clean"", ""layered""]","[""electronic"", ""distorted"", ""layered""]",contrasting_sections,contrasting_sections,"{""family"": ""clear"", ""style"": ""clear""}","{""family"": ""clear"", ""style"": ""clear""}",possible separation
a6d54e89474d13d90f4ba981,C02,C05,6pWqlKm9ugucgKNldCLigX,6wm3t4VpTxSFfOUgTMlHZM,"Sit Around — City Girl, tiffi",The Peace — underscores,,UNRATED_UNKNOWN,0.4522128999233246,FROZEN_C_AVAILABLE,"[""pop"", ""rnb_soul""]","[""contemporary_rnb"", ""pop_rnb""]",rnb_soul,rnb_soul,pop_rnb,contemporary_rnb,sung_led,sung_led,lead_vocal,lead_vocal,"[""sample_based"", ""clean"", ""layered""]","[""sample_based"", ""electronic"", ""clean""]",contrasting_sections,mostly_consistent,"{""family"": ""clear"", ""style"": ""clear""}","{""family"": ""clear"", ""style"": ""tentative""}",no information
839316286e215a47c8bde400,C02,C06,6pWqlKm9ugucgKNldCLigX,7fXYFuCTmNrYRGwEUUf5iz,"Sit Around — City Girl, tiffi",Die Right Here — david hugo,,UNRATED_UNKNOWN,0.5397197008132935,FROZEN_C_AVAILABLE,"[""pop""]",[],rnb_soul,pop,pop_rnb,dance_pop,sung_led,sung_led,lead_vocal,lead_vocal,"[""sample_based"", ""clean"", ""layered""]","[""electronic"", ""clean"", ""layered""]",contrasting_sections,contrasting_sections,"{""family"": ""clear"", ""style"": ""clear""}","{""family"": ""clear"", ""style"": ""clear""}",no information
2351c0a4d45da19d02abad6d,C03,C04,2js0td9w2MzNUVPlMKYOEs,1ON9XudZFxwu43tQXBszIX,risk — lace,boys dont cry — sysmint,,UNRATED_UNKNOWN,0.375605046749115,FROZEN_C_AVAILABLE,"[""electronic"", ""pop""]",[],rnb_soul,electronic,alternative_rnb,digicore,sung_led,sung_led,lead_vocal,balanced,"[""electronic"", ""hazy"", ""clean""]","[""electronic"", ""distorted"", ""layered""]",mostly_consistent,contrasting_sections,"{""family"": ""clear"", ""style"": ""tentative""}","{""family"": ""clear"", ""style"": ""clear""}",no information
2f1881f021afefb5b2ae259a,C03,C05,2js0td9w2MzNUVPlMKYOEs,6wm3t4VpTxSFfOUgTMlHZM,risk — lace,The Peace — underscores,,UNRATED_UNKNOWN,0.30098697543144226,FROZEN_C_AVAILABLE,"[""electronic"", ""pop"", ""rnb_soul""]","[""alternative_rnb"", ""contemporary_rnb""]",rnb_soul,rnb_soul,alternative_rnb,contemporary_rnb,sung_led,sung_led,lead_vocal,lead_vocal,"[""electronic"", ""hazy"", ""clean""]","[""sample_based"", ""electronic"", ""clean""]",mostly_consistent,mostly_consistent,"{""family"": ""clear"", ""style"": ""tentative""}","{""family"": ""clear"", ""style"": ""tentative""}",no information
b6b7d662985f642e90dc377a,C03,C06,2js0td9w2MzNUVPlMKYOEs,7fXYFuCTmNrYRGwEUUf5iz,risk — lace,Die Right Here — david hugo,,UNRATED_UNKNOWN,0.3771940767765045,FROZEN_C_AVAILABLE,"[""electronic"", ""pop""]",[],rnb_soul,pop,alternative_rnb,dance_pop,sung_led,sung_led,lead_vocal,lead_vocal,"[""electronic"", ""hazy"", ""clean""]","[""electronic"", ""clean"", ""layered""]",mostly_consistent,contrasting_sections,"{""family"": ""clear"", ""style"": ""tentative""}","{""family"": ""clear"", ""style"": ""clear""}",no information
7212ccd94430fe791a7adf13,C04,C05,1ON9XudZFxwu43tQXBszIX,6wm3t4VpTxSFfOUgTMlHZM,boys dont cry — sysmint,The Peace — underscores,,OLDER_HOLISTIC_ONLY_EXCLUDED,0.7281087040901184,FROZEN_C_AVAILABLE,"[""electronic"", ""pop""]",[],electronic,rnb_soul,digicore,contemporary_rnb,sung_led,sung_led,balanced,lead_vocal,"[""electronic"", ""distorted"", ""layered""]","[""sample_based"", ""electronic"", ""clean""]",contrasting_sections,mostly_consistent,"{""family"": ""clear"", ""style"": ""clear""}","{""family"": ""clear"", ""style"": ""tentative""}",no information
989bcb7abad3e5b5daec1583,C04,C06,1ON9XudZFxwu43tQXBszIX,7fXYFuCTmNrYRGwEUUf5iz,boys dont cry — sysmint,Die Right Here — david hugo,,OLDER_HOLISTIC_ONLY_EXCLUDED,0.7047666907310486,FROZEN_C_AVAILABLE,"[""electronic"", ""pop""]",[],electronic,pop,digicore,dance_pop,sung_led,sung_led,balanced,lead_vocal,"[""electronic"", ""distorted"", ""layered""]","[""electronic"", ""clean"", ""layered""]",contrasting_sections,contrasting_sections,"{""family"": ""clear"", ""style"": ""clear""}","{""family"": ""clear"", ""style"": ""clear""}",no information
99c58f94ea7fcb3b6139e206,C05,C06,6wm3t4VpTxSFfOUgTMlHZM,7fXYFuCTmNrYRGwEUUf5iz,The Peace — underscores,Die Right Here — david hugo,,OLDER_HOLISTIC_ONLY_EXCLUDED,0.6467824578285217,FROZEN_C_AVAILABLE,"[""electronic"", ""pop""]",[],rnb_soul,pop,contemporary_rnb,dance_pop,sung_led,sung_led,lead_vocal,lead_vocal,"[""sample_based"", ""electronic"", ""clean""]","[""electronic"", ""clean"", ""layered""]",mostly_consistent,contrasting_sections,"{""family"": ""clear"", ""style"": ""tentative""}","{""family"": ""clear"", ""style"": ""clear""}",no information
