review_schema_version,benchmark_id,spotify_track_id,expected_title,expected_artists,expected_album,expected_duration_seconds,expected_release_year,candidate_video_id,candidate_url,candidate_title,candidate_uploader,candidate_channel,candidate_duration_seconds,candidate_view_count,candidate_description,match_mode,fallback_reason,candidate_review_label,candidate_note,track_note
stage5b-representative-library-review-v1,stage5b_library_v1_002,0l1ou5j6G7AOEh6KrLGRGB,my somebody,lovlaine,lovlaine,219.156,2024,_1XPxzSY0O4,https://www.youtube.com/watch?v=_1XPxzSY0O4,lovlaine - my somebody (lyric video),lovlaine,lovlaine,217.0,3315,listen to 'my somebody' by lovlaine → https://open.spotify.com/track/0l1ou5j6G7AOEh6KrLGRGB?si=15f04441f6a94ede lyrics ...,EXACT_RECORDING,,,,
stage5b-representative-library-review-v1,stage5b_library_v1_004,5uFqjHOo3Sh0bVPCKf3DdH,Illusion,aespa,Illusion,195.053,2022,ENWucslhOz0,https://www.youtube.com/watch?v=ENWucslhOz0,aespa Illusion Lyrics (에스파 도깨비불 가사) (Color Coded Lyrics),Jaeguchi,Jaeguchi,195.0,9064669,All Rights Administered by SM Entertainment • Artist: aespa • Song ♫: Illusion • Album: Girls • Released: 2022.06.01 .,EXACT_RECORDING,,,,
stage5b-representative-library-review-v1,stage5b_library_v1_005,4FoR2Wevk1pzhlaQ08kUWf,Closed Tonight,Anthony Lazaro | Yayyoung,Closed Tonight,173.508,2025,Fqk4Ho_F1xA,https://www.youtube.com/watch?v=Fqk4Ho_F1xA,Anthony Lazaro & YayYoung - Closed Tonight,Anthony Lazaro,Anthony Lazaro,174.0,63398,You can tell me all that's on your mind — even if it's gonna take all night.” 🌧️✨ I'm beyond excited to share one of my favorite ...,EXACT_RECORDING,,,,
stage5b-representative-library-review-v1,stage5b_library_v1_006,3iHzvU39BS03PD0zpNa19b,Pop Off Pop Off,KiiiKiii,WhyKiiiKiii,141.285,2026,e1IH2q8QNLM,https://www.youtube.com/watch?v=e1IH2q8QNLM,Pop Off Pop Off,KiiiKiii,KiiiKiii,142.0,207026,KiiiKiii Official Official Website ▷ https://kiiikiii.kr YouTube ▷ https://www.youtube.com/@KiiiKiii_starship Berriz ...,EXACT_RECORDING,,,,
stage5b-representative-library-review-v1,stage5b_library_v1_007,1RI0nXipszDLnn6gCLWwx3,Hith Hiding,Heize | sunwoojunga,She's Fine,221.204,2019,J9E51H_6bec,https://www.youtube.com/watch?v=J9E51H_6bec,HEIZE - Hith Hiding (Traducida Al Español) ❍,winemyd 별,winemyd 별,222.0,389,"HOLA regresé, amo a dahye, best solista ꒦꒷꒦꒷꒷꒦꒷꒦꒷꒷꒦꒷꒦꒷꒷꒦꒦꒷꒦꒷꒷꒦꒷꒦꒷꒷꒦꒷꒦꒷ ✧ Tú apoyo me ...",EXACT_RECORDING,,,,
stage5b-representative-library-review-v1,stage5b_library_v1_008,6DSGb5CmwHX4pvclq8HUU1,No-Return (Into the unknown),LE SSERAFIM,UNFORGIVEN,184.823,2023,wrRu7R7eEBo,https://www.youtube.com/watch?v=wrRu7R7eEBo,No-Return (Into the unknown),LE SSERAFIM,LE SSERAFIM,185.0,15946874,Provided to YouTube by SOURCE MUSIC No-Return (Into the unknown) · LE SSERAFIM UNFORGIVEN Released on: ...,EXACT_RECORDING,,,,
stage5b-representative-library-review-v1,stage5b_library_v1_010,0vpy9NZpTbjCH0HNnAhCTt,Drown,Weston Estate,Drown,181.466,2022,lhinM0cfVFU,https://www.youtube.com/watch?v=lhinM0cfVFU,Weston Estate - Drown (Official Video),Weston Estate,Weston Estate,186.0,649660,Streaming Link: https://westonestate.lnk.to/Drown Credits: JAILHOUSE FILMS Director: Angel Orozco Asst. Director: Giulio Rose ...,EXACT_RECORDING,,,,
stage5b-representative-library-review-v1,stage5b_library_v1_011,2TJs37x1zLNpRpFSHiMeVr,Was I Not Good Enough?,omarr | Mia Smith,Lonely,145.669,2019,gjwz1ygCeDc,https://www.youtube.com/watch?v=gjwz1ygCeDc,Was I Not Good Enough? (feat. Mia Smith),Omarr - Topic,Omarr - Topic,146.0,222875,Provided to YouTube by DistroKid Was I Not Good Enough? (feat. Mia Smith) · omarr · Mia Smith Lonely EP ℗ momarm Released ...,EXACT_RECORDING,,,,
stage5b-representative-library-review-v1,stage5b_library_v1_012,3cCEOVR5I8iMuQebxLzKpC,Now is Good,Dopein,Now is Good,196.007,2019,yxvtxUMr8Pg,https://www.youtube.com/watch?v=yxvtxUMr8Pg,Now is Good,Dopein,Dopein,197.0,402,Provided to YouTube by UMAG Now is Good · 도핀 Now is Good ℗ 2019 Dopein Released on: 2019-04-11 Auto-generated by ...,EXACT_RECORDING,,,,
stage5b-representative-library-review-v1,stage5b_library_v1_013,7iKDsPfLT0d5mu2htfMKBZ,Love To Hate Me,BLACKPINK,THE ALBUM,171.797,2020,wlzGXcTzdzU,https://www.youtube.com/watch?v=wlzGXcTzdzU,Love To Hate Me,BLACKPINK,BLACKPINK,170.0,151612288,Provided to YouTube by YG Entertainment Love To Hate Me · BLACKPINK THE ALBUM ℗ YG ENTERTAINMENT Producer: ...,EXACT_RECORDING,,,,
stage5b-representative-library-review-v1,stage5b_library_v1_014,1O4HQF2NVTbxnthGUooSiT,Nobody Else but You,Laica,Nobody Else but You,199.293,2020,VaPfIdKWeDU,https://www.youtube.com/watch?v=VaPfIdKWeDU,Laica - Nobody Else But You,Laica,Laica,210.0,16449,"thank you to my beautiful friends for celebrating my 21st and being in this video with me ♡. ""Forever"" EP out on all streaming ...",EXACT_RECORDING,,,,
stage5b-representative-library-review-v1,stage5b_library_v1_016,4Urg181wC9tpm8Teef29tJ,Be Mine,Jazzinuf,The Harlem Barber Swing,207.25,2017,hUbF1EXOcfI,https://www.youtube.com/watch?v=hUbF1EXOcfI,Jazzinuf - Be Mine [HD],Mindful Music,Mindful Music,208.0,200565,ＦＯＬＬＯＷ ♔ Jazzinuf ♔ ╔▻https://soundcloud.com/jazzinuf ╠▻https://facebook.com/jazzinuf ...,EXACT_RECORDING,,,,
stage5b-representative-library-review-v1,stage5b_library_v1_017,5Dc3ozvjYO2Lay3A89tDGo,Time Falls Like Moonlight,City Girl,Time Falls Like Moonlight,175.833,2018,oQnpVIQLB2Q,https://www.youtube.com/watch?v=oQnpVIQLB2Q,Time Falls Like Moonlight,City Girl,City Girl,176.0,54959,Provided to YouTube by Routenote Time Falls Like Moonlight · City Girl Time Falls Like Moonlight ℗ City Girl Released on: ...,EXACT_RECORDING,,,,
stage5b-representative-library-review-v1,stage5b_library_v1_019,50oEtTUNlce4TuZXQoJzXW,urs,NIKI,wanna take this downtown?,156.5,2019,Tlob6tNlOuE,https://www.youtube.com/watch?v=Tlob6tNlOuE,urs,NIKI,NIKI,157.0,1987024,Provided to YouTube by The Orchard Enterprises urs · NIKI · Nicole Zefanya wanna take this downtown? ℗ 2019 88rising Records ...,EXACT_RECORDING,,,,
stage5b-representative-library-review-v1,stage5b_library_v1_020,4cIdkNr1q78RDayIH9a3QA,Hold Me,Zaini | Nuxe | Cold Illumination,Hold Me,139.875,2019,Jhj1okUhs4g,https://www.youtube.com/watch?v=Jhj1okUhs4g,Nuxe X Zaini - Hold Me (feat. Cold Illumination),Zaini,Zaini,140.0,45106,Must always credit in title (Prod. Nuxe & Zaini) Listen / Save on Spotify: ...,EXACT_RECORDING,,,,
stage5b-representative-library-review-v1,stage5b_library_v1_021,21UPL4RXZPmg2TZ2DgWADj,Feels Like You,Faime,Feels Like You,198.912,2020,zqIdwXuUemA,https://www.youtube.com/watch?v=zqIdwXuUemA,Faime - Feels Like You (Official Audio),Faime,Faime,199.0,3683929,stream/download: https://faime.lnk.to/FeelsLikeYou.,EXACT_RECORDING,,,,
stage5b-representative-library-review-v1,stage5b_library_v1_022,3GJTkh9w9IBLS0vszvekyL,Slowly,Weston Estate,Slowly,173.661,2023,LNauH5q8pQY,https://www.youtube.com/watch?v=LNauH5q8pQY,Weston Estate - Slowly (Official Audio),Weston Estate,Weston Estate,174.0,375098,Stream Slowly here: https://westonestate.lnk.to/slowly Follow Weston Estate: Instagram: https://www.instagram.com/westonestate ...,EXACT_RECORDING,,,,
stage5b-representative-library-review-v1,stage5b_library_v1_023,35ZccqI4iHVR0puhGc1u0U,MANIAC,VIVIZ,The 4th Mini Album 'VERSUS',195.52,2023,MG9aV0r8SWg,https://www.youtube.com/watch?v=MG9aV0r8SWg,VIVIZ MANIAC Lyrics (Color Coded Lyrics),Chaereve,Chaereve,195.0,2868665,All Administrated by BPM Entertainment ≈ Artist: VIVIZ ≈ Song: MANIAC ≈ Album: VERSUS ≈ Released: 2023.11.02 .,EXACT_RECORDING,,,,
stage5b-representative-library-review-v1,stage5b_library_v1_025,48ZQXcTpkClTXp8hRDP3sq,We Together,IZ*ONE,COLOR*IZ,226.225,2018,p0oDtQ-I5XU,https://www.youtube.com/watch?v=p0oDtQ-I5XU,IZ*ONE (아이즈원) – WE TOGETHER (앞으로 잘 부탁해) (Coded Lyrics Eng/Rom/Han/가사),nakojjang,nakojjang,229.0,1460018,"SONGS AND PICTURES BELONG TO: CJ Digital Music & OFF THE RECORD ENTERTAINMENT, Stone Music Entertainment I ...",EXACT_RECORDING,,,,
stage5b-representative-library-review-v1,stage5b_library_v1_026,2BUiJsEIGYFL28SdHMomgT,Reconciliation,City Girl,"I don't know why I feel ok right now, but it's nice",163.0,2025,25LH-petMAI,https://www.youtube.com/watch?v=25LH-petMAI,Reconciliation,City Girl,City Girl,163.0,11321,Provided to YouTube by DistroKid Reconciliation · City Girl · Woodrow Yeakel · Woodrow Yeakel I don't know why I feel ok right ...,EXACT_RECORDING,,,,
stage5b-representative-library-review-v1,stage5b_library_v1_027,3jsYQw78lrxJA2ysnmOIf9,Some,BOL4,Red Diary Page.1,181.373,2017,Je-AOvGZVso,https://www.youtube.com/watch?v=Je-AOvGZVso,[Lyrics Video] BOL4(볼빨간사춘기) - Some(썸 탈꺼야),SUPER SOUND Bugs!,SUPER SOUND Bugs!,182.0,4818264,[Lyrics Video] BOL4(볼빨간사춘기) - Some(썸 탈꺼야) BOL4's EP Album [Red Diary Page.1] Now Available on : ▷Bugs ...,EXACT_RECORDING,,,,
stage5b-representative-library-review-v1,stage5b_library_v1_028,4vRlX1P3hvHQ7hO8WM1lXy,Night Market (Taiwan MS),Paintamelody,"Maplestory Piano Collections, Vol. 2, (Ossyria)",167.183,2021,sm_diaWQkJM,https://www.youtube.com/watch?v=sm_diaWQkJM,Night Market (Taiwan MS),Paintamelody - Topic,Paintamelody - Topic,168.0,11146,"Provided to YouTube by DistroKid Night Market (Taiwan MS) · Paintamelody Maplestory Piano Collections, Vol. 2, (Ossyria) ...",EXACT_RECORDING,,,,
stage5b-representative-library-review-v1,stage5b_library_v1_029,12okmCNziVZkDIcEOx0SD9,Love Is The Way,Red Velvet,‘The ReVe Festival’ Finale,211.987,2019,qtAcwwp0tY8,https://www.youtube.com/watch?v=qtAcwwp0tY8,Love Is The Way,Red Velvet,Red Velvet,212.0,693222,Provided to YouTube by SM Entertainment Love Is The Way · Red Velvet 'The ReVe Festival' Finale ℗ SM Entertainment ...,EXACT_RECORDING,,,,
stage5b-representative-library-review-v1,stage5b_library_v1_030,19m23w2ANVhtB7rApM6pbN,Back To U,SLANDER | William Black,Back To U,214.4,2020,sPSm7E_cnfU,https://www.youtube.com/watch?v=sPSm7E_cnfU,SLANDER & WILLIAM BLACK - BACK TO U,SLANDER,SLANDER,215.0,879915,Listen here: https://gudvibrations.ffm.to/backtou Video By: Roboto https://instagram.com/the_roboto/ ...,EXACT_RECORDING,,,,
stage5b-representative-library-review-v1,stage5b_library_v1_031,0n1jo6k1GUzyrcXW2aS0iL,Weekend,TAEYEON,INVU - The 3rd Album,233.413,2022,wW0Qosmu_bw,https://www.youtube.com/watch?v=wW0Qosmu_bw,TAEYEON Weekend Lyrics (태연 Weekend 가사) (Color Coded Lyrics),Jaeguchi,Jaeguchi,234.0,1675585,All Rights Administered By SM Entertainment • Artist: TAEYEON 태연 • Song ♫: Weekend • Album: Weekend • Released: 21.07.06 ...,EXACT_RECORDING,,,,
stage5b-representative-library-review-v1,stage5b_library_v1_032,21ApmVGIzIAIDSBdHu6SVt,No Celestial,LE SSERAFIM,ANTIFRAGILE,166.491,2022,MGbCWaUEhD4,https://www.youtube.com/watch?v=MGbCWaUEhD4,LE SSERAFIM (르세라핌) 'No Celestial' Official Audio,JXS_BP Official,JXS_BP Official,167.0,1805,LE SSERAFIM • The 2nd Mini Album [ANTIFRAGILE] Released: 17.10.2022 © 2022 SOURCE MUSIC. All Rights Reserved ...,EXACT_RECORDING,,,,
stage5b-representative-library-review-v1,stage5b_library_v1_033,05RlBHEZg1RmL9DnPgv9Qq,Fire in the belly,LE SSERAFIM,UNFORGIVEN,198.232,2023,p4S4kwrBvks,https://www.youtube.com/watch?v=p4S4kwrBvks,Fire in the belly,LE SSERAFIM,LE SSERAFIM,199.0,15768773,Provided to YouTube by SOURCE MUSIC Fire in the belly · LE SSERAFIM UNFORGIVEN Released on: 2023-05-01 ...,EXACT_RECORDING,,,,
stage5b-representative-library-review-v1,stage5b_library_v1_034,6wyNNx0IaLrPgwarLeWo3I,flaws and all,Keris,flaws and all,190.6,2024,6ja4F4KwM-k,https://www.youtube.com/watch?v=6ja4F4KwM-k,flaws and all,keris,keris,191.0,3375,Provided to YouTube by keris flaws and all · keris flaws and all ℗ 2024 Keris Released on: 2024-10-11 Main Artist: keris Lyricist: ...,EXACT_RECORDING,,,,
stage5b-representative-library-review-v1,stage5b_library_v1_035,0QgNknUfBoAKspeJXNKk5Q,Comme des Garçons,Jiwoo,Maison,298.0,2019,rX06AZ07hII,https://www.youtube.com/watch?v=rX06AZ07hII,JIWOO (지우)  - ‘Comme des Garçons’ Lyrics,neenaw,neenaw,298.0,14739,NO COPYRIGHT INFRINGEMENT INTENDED i made this with cute cut pro !! JIWOO https://www.instagram.com/maisonjiwoo ...,EXACT_RECORDING,,,,
stage5b-representative-library-review-v1,stage5b_library_v1_037,6fT9eZYgSvhu9v8wzrZkdG,Mr. Chu,Apink,Pink Blossom,214.75,2014,lae66PEELlk,https://www.youtube.com/watch?v=lae66PEELlk,Mr. Chu (MR. CHU),Apink (에이핑크),Apink (에이핑크),215.0,18740199,"Provided to YouTube by Kakao Entertainment Mr. Chu (MR. CHU) · Apink Pink Blossom ℗ 2014 Above Music,under license to ...",EXACT_RECORDING,,,,
stage5b-representative-library-review-v1,stage5b_library_v1_038,5Htq8DDDN0Xce9MwqzAzui,La La Lost You,88rising | NIKI,Head In The Clouds II,200.0,2019,vx6_vegEilY,https://www.youtube.com/watch?v=vx6_vegEilY,La La Lost You,88rising - Topic,88rising - Topic,200.0,1350931,Provided to YouTube by The Orchard Enterprises La La Lost You · 88rising · NIKI · Jacob Ray · Isaac Valenzuela · Nicole Zefanya ...,EXACT_RECORDING,,,,
stage5b-representative-library-review-v1,stage5b_library_v1_039,39w632qNLupuM7uqqVmtks,May I Ask,Luke Chiang | Alexis Kim,May I Ask,230.592,2019,gQTnLK03zXU,https://www.youtube.com/watch?v=gQTnLK03zXU,May I Ask,Luke Chiang,Luke Chiang,231.0,8234600,Provided to YouTube by Too Lost May I Ask · Luke Chiang · Alexis Kim May I Ask ℗ 2022 Luke Chiang Released on: 2019-04-01 ...,EXACT_RECORDING,,,,
stage5b-representative-library-review-v1,stage5b_library_v1_040,0e6AZBBJdx0WARvX9urIkH,Just a Shadow,City Girl | tiffi,Somnolent Nova,232.5,2019,vPH-Z6Psjdg,https://www.youtube.com/watch?v=vPH-Z6Psjdg,Just a Shadow (feat. Tiffi),City Girl,City Girl,233.0,53308,Provided to YouTube by DistroKid Just a Shadow (feat. Tiffi) · City Girl · Tiffi Somnolent Nova ℗ City Girl Records Released on: ...,EXACT_RECORDING,,,,
stage5b-representative-library-review-v1,stage5b_library_v1_041,0yCB4Rx07NLsGpPtyvO3qk,DAUM,Heize | Colde,Late Autumn,227.08,2019,mklZTuyE11s,https://www.youtube.com/watch?v=mklZTuyE11s,DAUM (Feat. Colde),Heize official,Heize official,228.0,2230273,Provided to YouTube by Genie Music DAUM (Feat. Colde) · 헤이즈 (Heize) 만추 Late Autumn ℗ Genie Music Corporation ...,EXACT_RECORDING,,,,
stage5b-representative-library-review-v1,stage5b_library_v1_042,20dYdhOwY8nfGsVaIockAR,boyfriend material,Gareth.T,boyfriend material,150.298,2021,rHtLki1OXW0,https://www.youtube.com/watch?v=rHtLki1OXW0,Gareth.T - boyfriend material [Audio],Trương Hùng,Trương Hùng,151.0,1237,,EXACT_RECORDING,,,,
stage5b-representative-library-review-v1,stage5b_library_v1_043,1SMS6ig5qiNbjYfm3du2rM,i hate u,moon tang,i hate u,169.767,2022,Fw4m0jQsoug,https://www.youtube.com/watch?v=Fw4m0jQsoug,moon tang - i hate u (official video),moon tang,moon tang,180.0,444618,nobody hates you like I do” is prolly one of the most infp thing to say ( _ᵒ̴̶̷̣̥̀ )!! hugs to everyone who feels the same ...,EXACT_RECORDING,,,,
stage5b-representative-library-review-v1,stage5b_library_v1_044,4jbA7VSQHZeWLktuUuHWbz,Newsflash!,NIKI,Zephyr,204.426,2018,MbkyXkN5fqo,https://www.youtube.com/watch?v=MbkyXkN5fqo,Newsflash!,NIKI,NIKI,205.0,13458,Provided to YouTube by The Orchard Enterprises Newsflash! · NIKI · Nicole Zefanya Zephyr ℗ 2018 88rising Records LLC ...,EXACT_RECORDING,,,,
stage5b-representative-library-review-v1,stage5b_library_v1_045,2MoUuJhpSO4a0czxvsrSC6,Cherish (My Love),ILLIT,I'LL LIKE YOU,176.854,2024,umAoiG-1oh4,https://www.youtube.com/watch?v=umAoiG-1oh4,ILLIT (아일릿) ‘Cherish (My Love)’ (Color Coded Lyrics),Jaeguchi,Jaeguchi,177.0,6436709,"All Rights Administered by BELIFT LAB. Special thanks to ZEPETO Face Creator: ⚰️ @not.ur_type (Yunah, Minju, Wonhee) and ...",EXACT_RECORDING,,,,
stage5b-representative-library-review-v1,stage5b_library_v1_047,2l1igayfoeUbe8xjYTRGqi,Before Anyone Else,YENA,ˣ‿ˣ (SMiLEY),207.746,2022,De8H-MfdfSQ,https://www.youtube.com/watch?v=De8H-MfdfSQ,Yena Before Anyone Else Lyrics (Color Coded Lyrics),Chaereve,Chaereve,209.0,6091,All Rights Administered by Stone Music Entertainment ☆ I do not own the MUSIC. All rights reserved to the original owner .,EXACT_RECORDING,,,,
stage5b-representative-library-review-v1,stage5b_library_v1_048,7cp4RhTjLWv4XEyeJLcbrp,No More,Verzache,No More,190.588,2018,cNoFgI8N5ws,https://www.youtube.com/watch?v=cNoFgI8N5ws,Verzache - No More (Official Audio),Verzache,Verzache,192.0,104213,Verzache - No More (Official Audio) Subscribe to Verzache https://www.youtube.com/channel/UCdQauB63Mps7ufMkhvXCxMw ...,EXACT_RECORDING,,,,
stage5b-representative-library-review-v1,stage5b_library_v1_050,1k2pQc5i348DCHwbn5KTdc,Pink Pony Club,Chappell Roan,The Rise and Fall of a Midwest Princess,258.034,2023,vp6XdbG3AhA,https://www.youtube.com/watch?v=vp6XdbG3AhA,Chappell Roan - Pink pony club (Official Audio),Too Much Music,Too Much Music,259.0,188775,Pinkponyclub #chappellroan.,EXACT_RECORDING,,,,
stage5b-representative-library-review-v1,stage5b_library_v1_051,2y6Toesb22gmUyVf9F24RA,Pretend,Suzy,Yes? No?,221.84,2017,cbwxqBqwxBk,https://www.youtube.com/watch?v=cbwxqBqwxBk,[MALE VERSION] SUZY - Pretend,Ela,Ela,223.0,1870,REQUEST here: https://forms.gle/hHeCf7LRWtcMwkY4A Support me on Patreon: https://www.patreon.com/ElaEditions If you want ...,EXACT_RECORDING,,,,
stage5b-representative-library-review-v1,stage5b_library_v1_052,1YqPGMHlMG5AYCzLX8Od4y,All Again,Powfu | Nuxe | Snøw,All Again,147.84,2019,rybeS6WfO9k,https://www.youtube.com/watch?v=rybeS6WfO9k,Powfu & Nuxe - All Again (ft. Snøw),the bootleg boy,the bootleg boy,149.0,824767,Listen to 'All Again' by Powfu & Nuxe Lofi/Chill Beats Powfu https://soundcloud.com/powfu ...,EXACT_RECORDING,,,,
stage5b-representative-library-review-v1,stage5b_library_v1_053,4ikJnvv979kavVSp6aE2pv,Starlight,JEONG HYO BEAN,Starlight (Run On OST Part.9),184.253,2021,LLUUkAwFDJA,https://www.youtube.com/watch?v=LLUUkAwFDJA,Jeong Hyo Bean - Starlight ( OST Run On Part 9 ),April Channel,April Channel,185.0,422,,EXACT_RECORDING,,,,
stage5b-representative-library-review-v1,stage5b_library_v1_054,1yL848z599Q39USEY7JuDJ,Wednesday Girl,Elijah Who | Aso | Peachy! | Kudasaibeats | slchld,Wednesday Girl,194.063,2018,mBLzZD7qxGc,https://www.youtube.com/watch?v=mBLzZD7qxGc,"elijah who - wednesday girl [feat. slchld] (w/ aso, kudasai, and peachy!)",elijah who,elijah who,195.0,222307,https://soundcloud.com/elijahwho/wednesdaygirl slchld: https://soundcloud.com/seoulchild aso: https://soundcloud.com/aricogle ...,EXACT_RECORDING,,,,
stage5b-representative-library-review-v1,stage5b_library_v1_055,24uhkM1dBW1Im9tz7IDKh5,Loveless Shadows,City Girl,Loveless Shadows,197.0,2017,GPgSmvk_8xU,https://www.youtube.com/watch?v=GPgSmvk_8xU,Loveless Shadows,City Girl,City Girl,197.0,34750,Provided to YouTube by TuneCore Loveless Shadows · City Girl Loveless Shadows ℗ 2017 City Girl Released on: 2017-11-02 ...,EXACT_RECORDING,,,,
stage5b-representative-library-review-v1,stage5b_library_v1_056,5DyBTivjORrpNhJkJj2Ao5,All Night Long,thủy | Lil Kev,All Night Long,214.8,2017,eLu46uh73is,https://www.youtube.com/watch?v=eLu46uh73is,Thuy - All Night Long ft. Lil Kev (Official Lyric Video),thủy,thủy,211.0,3821104,"Official Lyric Video for ""All Night Long"" Watch next, ""Next to You"" - Thuy ft. CR Crucial: https://www.youtube.com/watch?v=gAfjY.",EXACT_RECORDING,,,,
stage5b-representative-library-review-v1,stage5b_library_v1_057,2K2kujL7erU8ItCd2Tv5lh,Résumé,Jenevieve,Division,180.357,2021,iPxaOx86UhI,https://www.youtube.com/watch?v=iPxaOx86UhI,Jenevieve - Résumé (Official Visualizer),Jenevieve,Jenevieve,180.0,686862,"Listen to Jenevieve's ""Résumé"" - available everywhere now: https://jenevieve.lnk.to/Resume Follow Jenevieve: ...",EXACT_RECORDING,,,,
stage5b-representative-library-review-v1,stage5b_library_v1_058,0X2bh8NVQ8svDQIn2AdCbW,Consume (feat. Goon Des Garcons),Chase Atlantic | GOON DES GARCONS*,Chase Atlantic,267.92,2017,oCdXuomafSU,https://www.youtube.com/watch?v=oCdXuomafSU,"Chase Atlantic - ""Consume"" feat. Goon Des Garcons (Official Audio)",CHASE ATLANTIC,CHASE ATLANTIC,269.0,52221701,CHASE ATLANTIC out now: http://ad.gt/chaseatlantic Subscribe to CHASE ATLANTIC on YouTube: http://found.ee/ca_ytsub ...,EXACT_RECORDING,,,,
stage5b-representative-library-review-v1,stage5b_library_v1_061,1UvHUFVc5WLdinhJnUnbMV,Mist Beneath Your Apartment,City Girl,Neon Impasse,208.888,2018,fg6JpgjOlmg,https://www.youtube.com/watch?v=fg6JpgjOlmg,Mist Beneath Your Apartment,City Girl,City Girl,209.0,231784,Provided to YouTube by DistroKid Mist Beneath Your Apartment · City Girl Neon Impasse ℗ City Girl Records Released on: ...,EXACT_RECORDING,,,,
stage5b-representative-library-review-v1,stage5b_library_v1_062,6TNx6kHZeVDByUNMVxkAfa,Off The Record,IVE,I'VE MINE,188.733,2023,A67RYFTImTQ,https://www.youtube.com/watch?v=A67RYFTImTQ,01. IVE - Off The Record,IVE,IVE,189.0,2271619,STARSHIP SQUARE (Domestic) : https://bit.ly/3HtQ7GF STARSHIP SQUARE (Global) : https://bit.ly/3JWPxm0 IVE US EXCLUSIVE ...,EXACT_RECORDING,,,,
stage5b-representative-library-review-v1,stage5b_library_v1_063,18dlAFKaajLjRgBNZZ4ThU,Not My Fault (with Megan Thee Stallion),Reneé Rapp | Megan Thee Stallion,Mean Girls (Music From The Motion Picture),170.528,2024,Qx1nvhzlRx4,https://www.youtube.com/watch?v=Qx1nvhzlRx4,"Reneé Rapp, Megan Thee Stallion - Not My Fault (with Megan Thee Stallion)",You Heard It Here First (YHIHF),You Heard It Here First (YHIHF),171.0,3552,"SUBSCRIBE https://www.youtube.com/channel/UCjTcBBUOhgCJq5hV4pUVc5Q?sub_confirmation=1 Reneé Rapp, Megan Thee ...",EXACT_RECORDING,,,,
stage5b-representative-library-review-v1,stage5b_library_v1_064,3TT9ZYofd7SUI2r7C2l6C4,Push Your Love,FIFTY FIFTY,Love Tune,179.644,2024,A3tdekGIXys,https://www.youtube.com/watch?v=A3tdekGIXys,Push Your Love,FIFTY FIFTY Official,FIFTY FIFTY Official,180.0,4457779,Provided to YouTube by ATTRAKT Push Your Love · FIFTY FIFTY Love Tune ℗ 2024 ATTRAKT Distributed by Sony Music ...,EXACT_RECORDING,,,,
stage5b-representative-library-review-v1,stage5b_library_v1_067,6LY9viOYIMvzdOIxBQDWdI,if ur leffen then im chillindude,Flight Patterns,there is no montauk,185.25,2017,7zGQQu7W7pw,https://www.youtube.com/watch?v=7zGQQu7W7pw,if ur leffen then im chillindude,Flight Patterns - Topic,Flight Patterns - Topic,186.0,49820,Provided to YouTube by Routenote if ur leffen then im chillindude · Flight Patterns there is no montauk ℗ flight patterns. Released ...,EXACT_RECORDING,,,,
stage5b-representative-library-review-v1,stage5b_library_v1_068,4aTNxS3wntZBNAWbDIlto3,Rick N Morty,SwuM,Swum,111.78,2018,c5bakvrqX2s,https://www.youtube.com/watch?v=c5bakvrqX2s,Rick N Morty,SwuM,SwuM,112.0,198044,Provided to YouTube by SonoSuite Rick N Morty · SwuM Swum ℗ SwuM Released on: 2018-06-01 Auto-generated by YouTube.,EXACT_RECORDING,,,,
stage5b-representative-library-review-v1,stage5b_library_v1_069,4FyesJzVpA39hbYvcseO2d,Just Wanna Rock,Lil Uzi Vert,Just Wanna Rock,123.89,2022,0RGry1lQ63g,https://www.youtube.com/watch?v=0RGry1lQ63g,Just Wanna Rock,LIL UZI VERT,LIL UZI VERT,124.0,12402667,Provided to YouTube by Generation Now/Atlantic Just Wanna Rock · Lil Uzi Vert Just Wanna Rock ℗ 2022 Atlantic Recording ...,EXACT_RECORDING,,,,
stage5b-representative-library-review-v1,stage5b_library_v1_070,7liPa1ogr6uKLBBfuKuCJh,The knight who can't die and the silk cradle,LUCY,The knight who can't die and the silk cradle,248.613,2024,aQZfy-2kwhw,https://www.youtube.com/watch?v=aQZfy-2kwhw,The knight who can't die and the silk cradle (Inst.),LUCY ISLAND,LUCY ISLAND,249.0,178758,Provided to YouTube by FLUXUS The knight who can't die and the silk cradle (Inst.) · LUCY The knight who can't die and the silk ...,EXACT_RECORDING,,,,
stage5b-representative-library-review-v1,stage5b_library_v1_072,4UeBknW6SpdoPumvc5r54O,HANGANG,Hoody,HANGANG,200.488,2017,xDAc1FLmPbQ,https://www.youtube.com/watch?v=xDAc1FLmPbQ,Hoody (후디) - HANGANG (한강) [Colour Coded Lyrics Han/Rom/Eng],Random Fangirl,Random Fangirl,203.0,7566,"Hoody's song ""HANGANG"" with Hangul, Romanization and English subs!",EXACT_RECORDING,,,,
stage5b-representative-library-review-v1,stage5b_library_v1_073,1LEeMr3Fpq8wH7j4Wbirew,spruce (feat. KIM CHAEWON),Tori Kelly | KIM CHAEWON,TORI.,163.258,2024,YD4xxOq85iA,https://www.youtube.com/watch?v=YD4xxOq85iA,Tori Kelly - spruce (Official Audio) ft. KIM CHAEWON,Tori Kelly,Tori Kelly,165.0,216305,"Tori Kelly feat. KIM CHAWEON of LE SSERAFIM - spruce (Official Audio) ""TORI."" available at: https://ToriKelly.lnk.to/TORI-album ...",EXACT_RECORDING,,,,
stage5b-representative-library-review-v1,stage5b_library_v1_075,3St68kEP8KZHeupWZ5iFtR,RESTART,City Girl | ry,C-GIRL,171.915,2021,o1MzSksvY04,https://www.youtube.com/watch?v=o1MzSksvY04,city girl | restart ~ feat. ry,City Girl,City Girl,172.0,65923,"Buy on Bandcamp ▷ https://city-girl.bandcamp.com/ Spotify ▷ https://spoti.fi/2z9NHL6 vocals, songwriting - ry ...",EXACT_RECORDING,,,,
stage5b-representative-library-review-v1,stage5b_library_v1_077,3dpu8bcgSxgQXFl6XXDOa8,Chroma Velocity,City Girl,Chroma Velocity,223.187,2019,-mHLD7hOdgA,https://www.youtube.com/watch?v=-mHLD7hOdgA,Chroma Velocity,City Girl,City Girl,224.0,73622,Provided to YouTube by DistroKid Chroma Velocity · City Girl Chroma Velocity ℗ City Girl Records Released on: 2019-06-10 ...,EXACT_RECORDING,,,,
stage5b-representative-library-review-v1,stage5b_library_v1_078,2ajzBr7vwHTEBeqDzcsNRC,That Way - Bonus Track,Lil Uzi Vert,Eternal Atake,212.354,2020,FCMBVBEKxhQ,https://www.youtube.com/watch?v=FCMBVBEKxhQ,That Way (Bonus Track),LIL UZI VERT,LIL UZI VERT,213.0,15869064,Provided to YouTube by Generation Now/Atlantic That Way (Bonus Track) · Lil Uzi Vert Eternal Atake ℗ 2020 Atlantic Recording ...,EXACT_RECORDING,,,,
stage5b-representative-library-review-v1,stage5b_library_v1_079,3wIRxCIGmdxld4ZC6yShZ9,Long Sleeves,Gracie Abrams,minor,218.44,2020,xEVycttF4SM,https://www.youtube.com/watch?v=xEVycttF4SM,Gracie Abrams - Long Sleeves (Lyric Video),Gracie Abrams,Gracie Abrams,221.0,2323480,"Listen to “Long Sleeves” from the debut project “minor”, out now: https://smarturl.it/GAminor a note from gracie: this is Long ...",EXACT_RECORDING,,,,
stage5b-representative-library-review-v1,stage5b_library_v1_080,6oqAINdWzHols0AmwOTjeZ,Ballad of the Lady,moow,I Can't Tell You How Much It Hurts,183.606,2017,0Z-hcYPlzf0,https://www.youtube.com/watch?v=0Z-hcYPlzf0,Moow - Ballad Of The Lady,Emporium One,Emporium One,185.0,36982,,EXACT_RECORDING,,,,
stage5b-representative-library-review-v1,stage5b_library_v1_081,3coRPMnFg2dJcPu5RMloa9,Whiplash,aespa,Whiplash - The 5th Mini Album,183.226,2024,M8GAZhSPSgg,https://www.youtube.com/watch?v=M8GAZhSPSgg,aespa (에스파) 'Whiplash' (Color Coded Lyrics),Jaeguchi,Jaeguchi,186.0,13676779,"All Rights Administered by SM Entertainment. Special thanks to ZEPETO Face Creator: MoOh⚜️ (Giselle, Ningning) and Fairy ...",EXACT_RECORDING,,,,
stage5b-representative-library-review-v1,stage5b_library_v1_083,5sjnkOfTLCLNfkkchI2re2,UP - KARINA Solo,aespa,SYNK : PARALLEL LINE - Special Digital Single,166.64,2024,U1_0Vc-9mNw,https://www.youtube.com/watch?v=U1_0Vc-9mNw,UP (KARINA Solo),aespa,aespa,167.0,124018214,Provided to YouTube by SM Entertainment UP (KARINA Solo) · aespa SYNK : PARALLEL LINE - Special Digital Single ℗ 2024 ...,EXACT_RECORDING,,,,
stage5b-representative-library-review-v1,stage5b_library_v1_084,3MTKlYd9dUYFq4zJrC5guy,I Said I'd Never Let You Go,Teqkoi,I Said I'd Never Let You Go,102.948,2018,BudfYxylipg,https://www.youtube.com/watch?v=BudfYxylipg,I Said I'd Never Let You Go,Teqkoi,Teqkoi,103.0,14027,Provided to YouTube by Teqkoi I Said I'd Never Let You Go · Teqkoi · Plants & Planets I Said I'd Never Let You Go ℗ 2018 Teqkoi ...,EXACT_RECORDING,,,,
stage5b-representative-library-review-v1,stage5b_library_v1_085,76qqDJijAjFph7sjUxNVG8,Shhh,KISS OF LIFE,KISS OF LIFE,182.24,2023,oM1G9L5UJd8,https://www.youtube.com/watch?v=oM1G9L5UJd8,Shhh (쉿 (Shhh)),KISS OF LIFE - Topic,KISS OF LIFE - Topic,183.0,247841,Provided to YouTube by Kakao Entertainment Shhh (쉿 (Shhh)) · KISS OF LIFE KISS OF LIFE ℗ 2023 S2 ENTERTAINMENT INC.,EXACT_RECORDING,,,,
stage5b-representative-library-review-v1,stage5b_library_v1_086,1vwjzeDMsqZCC3F3Tjk4dg,She Was,City Girl | tiffi,Asleep in Soft Ether,112.619,2024,na8h7YzI8oU,https://www.youtube.com/watch?v=na8h7YzI8oU,She Was (feat. tiffi),City Girl,City Girl,113.0,13770,Provided to YouTube by DistroKid She Was (feat. tiffi) · City Girl · tiffi Asleep in Soft Ether ℗ City Girl Records Released on: ...,EXACT_RECORDING,,,,
stage5b-representative-library-review-v1,stage5b_library_v1_087,0l3t6syjbv81bKPy0gw45Z,Perfect 10,Red Velvet,The Perfect Red Velvet - The 2nd Album Repackage,209.778,2018,YjjZIhZMww4,https://www.youtube.com/watch?v=YjjZIhZMww4,Perfect 10,Red Velvet,Red Velvet,210.0,1112113,Provided to YouTube by SM Entertainment Perfect 10 · Red Velvet The Perfect Red Velvet - The 2nd Album Repackage ℗ SM ...,EXACT_RECORDING,,,,
stage5b-representative-library-review-v1,stage5b_library_v1_088,0gZGUAO42F1HmzZWHNPGAu,Risk,Gracie Abrams,The Secret of Us,191.586,2024,6c22lP9nBxM,https://www.youtube.com/watch?v=6c22lP9nBxM,Gracie Abrams - Risk (Official Lyric Video),Gracie Abrams,Gracie Abrams,192.0,1610471,"Listen to the new album, The Secret of Us, out now: https://GracieAbrams.lnk.to/TheSecretofUs Shop official Gracie merch and ...",EXACT_RECORDING,,,,
stage5b-representative-library-review-v1,stage5b_library_v1_089,17VPruZsxBbSBwPsF20dQr,whiskey sips,BAD !DEA,whiskey sips,227.566,2024,7_ORCel5ytQ,https://www.youtube.com/watch?v=7_ORCel5ytQ,whiskey sips,BAD !DEA - Topic,BAD !DEA - Topic,228.0,27254,Provided to YouTube by Pseudo whiskey sips · BAD !DEA whiskey sips ℗ Pseudo Released on: 2024-03-29 Producer: Li Yicheng ...,EXACT_RECORDING,,,,
stage5b-representative-library-review-v1,stage5b_library_v1_091,21DduanRJyq1KNV4h1DyWH,Thinkin' bout you,OuiOui | Wilcox,HANA,216.36,2018,7d43CMJX6u8,https://www.youtube.com/watch?v=7d43CMJX6u8,—OuiOui - Thinkin' Bout You - (feat. Wilcox) Audio!,Cʜσα ʜчυηαღ,Cʜσα ʜчυηαღ,217.0,411,no my music ╭══• ೃೀ ೫ ೄ ೄ˚   ༘*ೄ ೄ ೫ ೃೀ •══╮ OUIOUI^^ ╰══• ೃೀ ೫ ೄ ೄ*ೄ˚   ༘*ೄ ೫ ೃೀ •══╯:･ﾟ･ﾟ✧ :･ﾟ ...,EXACT_RECORDING,,,,
stage5b-representative-library-review-v1,stage5b_library_v1_092,71DSaeKtXQaMAqnvMT7Uoc,Mona Lisa,Dominic Fike,Sunburn,186.066,2023,d5_V3a_oRnA,https://www.youtube.com/watch?v=d5_V3a_oRnA,Dominic Fike - Mona Lisa (Official Audio),Dominic Fike,Dominic Fike,188.0,11254676,"Listen to ""Mona Lisa"" here: https://dominicfike.lnk.to/MonaLisa Follow Dominic Fike: Instagram ...",EXACT_RECORDING,,,,
stage5b-representative-library-review-v1,stage5b_library_v1_093,29wNMwCoKetR1EdruKR3I9,Dingo X BIBI - she got it,BIBI,Dingo X BIBI - she got it,215.736,2020,0coUuWvv8ZA,https://www.youtube.com/watch?v=0coUuWvv8ZA,[Lyric Video] 비비 (BIBI) - Dingo X BIBI - she got it,Dreamus Music,Dreamus Music,217.0,1161,비비 - Dingo X BIBI - she got it released 2020.08.06 - ﻿필요하지 않지 많은 것이 I can feel some rubbers under my back 챙겨야는 ...,EXACT_RECORDING,,,,
stage5b-representative-library-review-v1,stage5b_library_v1_094,1qvp4SXVcL1qiWontdmTSc,know you,mj apanay,don't,235.847,2020,wJDKnxVR-IU,https://www.youtube.com/watch?v=wJDKnxVR-IU,know you,mj apanay,mj apanay,236.0,19604,Provided to YouTube by mj apanay know you · mj apanay don't ℗ 2020 mj apanay Released on: 2020-09-12 Main Artist: mj ...,EXACT_RECORDING,,,,
stage5b-representative-library-review-v1,stage5b_library_v1_095,3598iBWrS4JhJqP5tHlpVK,THIS IS FOR,TWICE,THIS IS FOR,131.097,2025,xCWDoqQ0XDo,https://www.youtube.com/watch?v=xCWDoqQ0XDo,TWICE (트와이스) 'This is For' (Color Coded Lyrics),Jaeguchi,Jaeguchi,131.0,3193634,All Rights Administered by JYP Entertainment. • Artist:TWICE (트와이스) • Song ♫: 'This is For' .,EXACT_RECORDING,,,,
stage5b-representative-library-review-v1,stage5b_library_v1_097,2CfVDYfw0B4WUHaWxyjsU3,Pearlies (My oyster is the world),LE SSERAFIM,SPAGHETTI,187.8,2025,cAAyxQb4x7Y,https://www.youtube.com/watch?v=cAAyxQb4x7Y,Pearlies (My oyster is the world),LE SSERAFIM,LE SSERAFIM,188.0,1577817,LE SSERAFIM (르세라핌) 1st Single Album 'SPAGHETTI' - Pearlies (My oyster is the world) ...,EXACT_RECORDING,,,,
stage5b-representative-library-review-v1,stage5b_library_v1_098,5nYaUKKyENQ7EmiXxRTq4b,42,Olivia Marsh,42,152.786,2024,24RsD8xsunQ,https://www.youtube.com/watch?v=24RsD8xsunQ,Olivia Marsh - 42 (Official Video),Olivia Marsh Official,Olivia Marsh Official,159.0,541869,Listen to '42' https://wmk.lnk.to/OliviaMarsh_42 ⠀ ▶️Follow Olivia Marsh: https://linktr.ee/oliviamarsh ...,EXACT_RECORDING,,,,
stage5b-representative-library-review-v1,stage5b_library_v1_099,4RA2kuqYCdqk1CeZjc3jlL,Fool,Kidsnot$aints.,Fool,158.0,2023,GYmOGZdyszs,https://www.youtube.com/watch?v=GYmOGZdyszs,Fool,Kidsnot$aints. - Topic,Kidsnot$aints. - Topic,158.0,63241,Provided to YouTube by OSV Records Fool · Kidsnot$aints. Fool ℗ 2023 OSV Records Released on: 2023-04-24 Main Artist: ...,EXACT_RECORDING,,,,
stage5b-representative-library-review-v1,stage5b_library_v1_100,3s3Eo4rb6aq3O62g6z6jtZ,Butterflies,Hearts2Hearts,The Chase,177.228,2025,1b9Y51fktMs,https://www.youtube.com/watch?v=1b9Y51fktMs,Hearts2Hearts 'Butterflies' Lyrics (하츠투하츠 Butterflies 가사) (Color Coded Lyrics),Jendukie,Jendukie,178.0,313723,All Rights Administered by SM Entertainment • Artist: Hearts2Hearts (하츠투하츠) • Song ♫: The Chase • Album: The Chase ...,EXACT_RECORDING,,,,
