trial_id,query_track_id,a_title,a_artist,b_title,b_artist,question,choice,note
3921:H1,3921,Blacklight Horses,Matt Bauer,Just Like You,Nate Maingard,Which clip sounds MORE like the query overall?,,
3921:H2,3921,Blacklight Horses,Matt Bauer,Mapenzi Matamu,The Sounds of Taraab,Which clip sounds MORE like the query overall?,,
3921:H3,3921,Blacklight Horses,Matt Bauer,Gori More,Rakiya,Which clip sounds MORE like the query overall?,,
3921:H4,3921,Mapenzi Matamu,The Sounds of Taraab,Just Like You,Nate Maingard,Which clip sounds MORE like the query overall?,,
3921:H5,3921,Just Like You,Nate Maingard,Gori More,Rakiya,Which clip sounds MORE like the query overall?,,
3921:H6,3921,Gori More,Rakiya,Mapenzi Matamu,The Sounds of Taraab,Which clip sounds MORE like the query overall?,,
3921:H7,3921,O Postaris Avel (Gypsy),Rozsa has become... Madárka,Matamu Choz,The Sounds of Taraab,Which clip sounds MORE like the query overall?,,
3921:H8,3921,Monkeystage,Ergo Phizmiz,Matamu Choz,The Sounds of Taraab,Which clip sounds MORE like the query overall?,,
10435:H1,10435,Gori More,Rakiya,Lay Your Head On The Rails (& Comeback),Big Blood,Which clip sounds MORE like the query overall?,,
10435:H2,10435,Gori More,Rakiya,Lay Your Head On The Rails (& Comeback),Big Blood,Which clip sounds MORE like the query overall?,,
10435:H3,10435,gymnosperm,Jim Morisson mon cul,Lay Your Head On The Rails (& Comeback),Big Blood,Which clip sounds MORE like the query overall?,,
10435:H4,10435,Gori More,Rakiya,gymnosperm,Jim Morisson mon cul,Which clip sounds MORE like the query overall?,,
10435:H5,10435,Gori More,Rakiya,gymnosperm,Jim Morisson mon cul,Which clip sounds MORE like the query overall?,,
10435:H6,10435,Let Me Go,The Chapin Sisters,Never Let Me Go,Big Blood,Which clip sounds MORE like the query overall?,,
10435:H7,10435,Let Me Go,The Chapin Sisters,Don't You Worry,Tricky Diesel,Which clip sounds MORE like the query overall?,,
10435:H8,10435,gospellioza,Katapulto,Don't You Worry,Tricky Diesel,Which clip sounds MORE like the query overall?,,
11790:H1,11790,Thursday is Thursdy,Comfort Fit,Pulsar,Reier,Which clip sounds MORE like the query overall?,,
11790:H2,11790,Thursday is Thursdy,Comfort Fit,Pulsar,Reier,Which clip sounds MORE like the query overall?,,
11790:H3,11790,Something 4Her2 Strip2,Tha Silent Partner,Thursday is Thursdy,Comfort Fit,Which clip sounds MORE like the query overall?,,
11790:H4,11790,Something 4Her2 Strip2,Tha Silent Partner,Pulsar,Reier,Which clip sounds MORE like the query overall?,,
11790:H5,11790,Pulsar,Reier,Something 4Her2 Strip2,Tha Silent Partner,Which clip sounds MORE like the query overall?,,
11790:H6,11790,New World Order - Part I (vocals: Revolushan),Corty,Bad Cop (Instrumental),The Impossebulls,Which clip sounds MORE like the query overall?,,
11790:H7,11790,Bad Cop (Instrumental),The Impossebulls,Bad Cop (Instrumental),The Impossebulls,Which clip sounds MORE like the query overall?,,
11790:H8,11790,Bad Cop (Instrumental),The Impossebulls,Green Deli,Foolk,Which clip sounds MORE like the query overall?,,
20364:H1,20364,Happy Boccherini,Lanark,"Pornography, the cult of the body and the death of Eros",Teatro Grotesco,Which clip sounds MORE like the query overall?,,
20364:H2,20364,"Pornography, the cult of the body and the death of Eros",Teatro Grotesco,UnDaTheC acoustic version,Simone Cicconi,Which clip sounds MORE like the query overall?,,
20364:H3,20364,Snow Eater,OWL BRAIN ATLAS,"Pornography, the cult of the body and the death of Eros",Teatro Grotesco,Which clip sounds MORE like the query overall?,,
20364:H4,20364,Happy Boccherini,Lanark,UnDaTheC acoustic version,Simone Cicconi,Which clip sounds MORE like the query overall?,,
20364:H5,20364,Snow Eater,OWL BRAIN ATLAS,Happy Boccherini,Lanark,Which clip sounds MORE like the query overall?,,
20364:H6,20364,Snow Eater,OWL BRAIN ATLAS,UnDaTheC acoustic version,Simone Cicconi,Which clip sounds MORE like the query overall?,,
20364:H7,20364,test-3º SOME PIANOS AND A BICYCLE,Juan Antonio Nieto,Laare,Salam,Which clip sounds MORE like the query overall?,,
20364:H8,20364,Laare,Salam,Fragrant Rota,Michael Holt,Which clip sounds MORE like the query overall?,,
32340:H1,32340,Chaje Shukarije,Gogofski,An album from the future,Radioactive Sparrow,Which clip sounds MORE like the query overall?,,
32340:H2,32340,An album from the future,Radioactive Sparrow,Ambience Brooklyn Zoo Kids Waiting for Train,andybrannan,Which clip sounds MORE like the query overall?,,
32340:H3,32340,An album from the future,Radioactive Sparrow,Moon Pearls,Mário Gajarský,Which clip sounds MORE like the query overall?,,
32340:H4,32340,Ambience Brooklyn Zoo Kids Waiting for Train,andybrannan,Chaje Shukarije,Gogofski,Which clip sounds MORE like the query overall?,,
32340:H5,32340,Moon Pearls,Mário Gajarský,Chaje Shukarije,Gogofski,Which clip sounds MORE like the query overall?,,
32340:H6,32340,Moon Pearls,Mário Gajarský,Ambience Brooklyn Zoo Kids Waiting for Train,andybrannan,Which clip sounds MORE like the query overall?,,
32340:H7,32340,Softens The Blow,Lonely Faction,Ambience Brooklyn Zoo Kids Waiting for Train,andybrannan,Which clip sounds MORE like the query overall?,,
32340:H8,32340,Something Dirty,Ergo Phizmiz,Ambience Brooklyn Zoo Kids Waiting for Train,andybrannan,Which clip sounds MORE like the query overall?,,
38896:H1,38896,rock around the click,File Under Toner,take me to the movies,File Under Toner,Which clip sounds MORE like the query overall?,,
38896:H2,38896,rock around the click,File Under Toner,Bologna Soundcheck 031105,Justice Yeldham,Which clip sounds MORE like the query overall?,,
38896:H3,38896,rock around the click,File Under Toner,favorites,File Under Toner,Which clip sounds MORE like the query overall?,,
38896:H4,38896,Bologna Soundcheck 031105,Justice Yeldham,take me to the movies,File Under Toner,Which clip sounds MORE like the query overall?,,
38896:H5,38896,take me to the movies,File Under Toner,favorites,File Under Toner,Which clip sounds MORE like the query overall?,,
38896:H6,38896,favorites,File Under Toner,Bologna Soundcheck 031105,Justice Yeldham,Which clip sounds MORE like the query overall?,,
38896:H7,38896,surf ace noise,File Under Toner,look ma no hands,File Under Toner,Which clip sounds MORE like the query overall?,,
38896:H8,38896,take me to the movies,File Under Toner,look ma no hands,File Under Toner,Which clip sounds MORE like the query overall?,,
41605:H1,41605,Farm Montage (Instrumental),BOPD,A Boat in the Fog and a Battle,Albert Glasser,Which clip sounds MORE like the query overall?,,
41605:H2,41605,A Boat in the Fog and a Battle,Albert Glasser,Farm Montage (Instrumental),BOPD,Which clip sounds MORE like the query overall?,,
41605:H3,41605,Space Kreuzfahrt,Music for Rabbits,A Boat in the Fog and a Battle,Albert Glasser,Which clip sounds MORE like the query overall?,,
41605:H4,41605,Space Kreuzfahrt,Music for Rabbits,Farm Montage (Instrumental),BOPD,Which clip sounds MORE like the query overall?,,
41605:H5,41605,Space Kreuzfahrt,Music for Rabbits,Farm Montage (Instrumental),BOPD,Which clip sounds MORE like the query overall?,,
41605:H6,41605,Blue Jay,Blue Dot Sessions,Corn Maiden's Rite,Rhys Chatham,Which clip sounds MORE like the query overall?,,
41605:H7,41605,The Chamber,Satori Ensemble,Blue Jay,Blue Dot Sessions,Which clip sounds MORE like the query overall?,,
41605:H8,41605,Murmur,Benboncan,The Chamber,Satori Ensemble,Which clip sounds MORE like the query overall?,,
42844:H1,42844,Pass That Joint,Lesbian Afternoon,Baladora,Waylon Thornton,Which clip sounds MORE like the query overall?,,
42844:H2,42844,It Could Be You,Lorenzo's Music,Baladora,Waylon Thornton,Which clip sounds MORE like the query overall?,,
42844:H3,42844,Baladora,Waylon Thornton,Leopard Girl,The Vivisectors,Which clip sounds MORE like the query overall?,,
42844:H4,42844,Pass That Joint,Lesbian Afternoon,It Could Be You,Lorenzo's Music,Which clip sounds MORE like the query overall?,,
42844:H5,42844,Leopard Girl,The Vivisectors,Pass That Joint,Lesbian Afternoon,Which clip sounds MORE like the query overall?,,
42844:H6,42844,It Could Be You,Lorenzo's Music,Leopard Girl,The Vivisectors,Which clip sounds MORE like the query overall?,,
42844:H7,42844,Gator Foot,Waylon Thornton,It Could Be You,Lorenzo's Music,Which clip sounds MORE like the query overall?,,
42844:H8,42844,Monsters,Giovanni Cipolla,It Could Be You,Lorenzo's Music,Which clip sounds MORE like the query overall?,,
43586:H1,43586,Hora De La Me Hedinti,Eastern Watershed Klezmer Quartet,Vlasko,Rozsa has become... Madárka,Which clip sounds MORE like the query overall?,,
43586:H2,43586,Vlasko,Rozsa has become... Madárka,Rumelaj,Rozsa has become... Madárka,Which clip sounds MORE like the query overall?,,
43586:H3,43586,Vlasko,Rozsa has become... Madárka,Rumelaj,Rozsa has become... Madárka,Which clip sounds MORE like the query overall?,,
43586:H4,43586,Hora De La Me Hedinti,Eastern Watershed Klezmer Quartet,Rumelaj,Rozsa has become... Madárka,Which clip sounds MORE like the query overall?,,
43586:H5,43586,Rumelaj,Rozsa has become... Madárka,Hora De La Me Hedinti,Eastern Watershed Klezmer Quartet,Which clip sounds MORE like the query overall?,,
43586:H6,43586,Rumelaj,Rozsa has become... Madárka,Fuego Fatal #1,La Tabù,Which clip sounds MORE like the query overall?,,
43586:H7,43586,Fuego Fatal #1,La Tabù,L'chaim,Rozsa has become... Madárka,Which clip sounds MORE like the query overall?,,
43586:H8,43586,L'chaim,Rozsa has become... Madárka,Hora,Gipsyork,Which clip sounds MORE like the query overall?,,
48442:H1,48442,Hunters Moon,Secret Archives of the Vatican,Summon,Quaro,Which clip sounds MORE like the query overall?,,
48442:H2,48442,Runnin' With The Bulls (Instrumental),The Impossebulls,Hunters Moon,Secret Archives of the Vatican,Which clip sounds MORE like the query overall?,,
48442:H3,48442,Hunters Moon,Secret Archives of the Vatican,Plop drop,Vibration Terrorists,Which clip sounds MORE like the query overall?,,
48442:H4,48442,Summon,Quaro,Runnin' With The Bulls (Instrumental),The Impossebulls,Which clip sounds MORE like the query overall?,,
48442:H5,48442,Plop drop,Vibration Terrorists,Summon,Quaro,Which clip sounds MORE like the query overall?,,
48442:H6,48442,Plop drop,Vibration Terrorists,Runnin' With The Bulls (Instrumental),The Impossebulls,Which clip sounds MORE like the query overall?,,
48442:H7,48442,Intro,Resonancedj & Giulio Maddaloni,Skango - Volfoniq rmx (Canada),Caballo and the Mothafu Kings,Which clip sounds MORE like the query overall?,,
48442:H8,48442,Trinity Ridaz At Flex Studios,Ras Amerlock,Skango - Volfoniq rmx (Canada),Caballo and the Mothafu Kings,Which clip sounds MORE like the query overall?,,
52393:H1,52393,A04 Smoke Weed,Mom Jeans,Burn,Room For A Ghost,Which clip sounds MORE like the query overall?,,
52393:H2,52393,"Between / Associated (live in Cogitatur Theatre, Katowice, 23.03.2002)",MOAN,A04 Smoke Weed,Mom Jeans,Which clip sounds MORE like the query overall?,,
52393:H3,52393,Waves,320320320320,A04 Smoke Weed,Mom Jeans,Which clip sounds MORE like the query overall?,,
52393:H4,52393,"Between / Associated (live in Cogitatur Theatre, Katowice, 23.03.2002)",MOAN,Burn,Room For A Ghost,Which clip sounds MORE like the query overall?,,
52393:H5,52393,Waves,320320320320,Burn,Room For A Ghost,Which clip sounds MORE like the query overall?,,
52393:H6,52393,"Between / Associated (live in Cogitatur Theatre, Katowice, 23.03.2002)",MOAN,Waves,320320320320,Which clip sounds MORE like the query overall?,,
52393:H7,52393,My Feet Beneath The Water,The Golden Hours,Glimpse,Phemale,Which clip sounds MORE like the query overall?,,
52393:H8,52393,Glimpse,Phemale,Glimpse,Phemale,Which clip sounds MORE like the query overall?,,
62450:H1,62450,Julia,Jahzzar,Don't You Worry,Tricky Diesel,Which clip sounds MORE like the query overall?,,
62450:H2,62450,Banish,Sláinte,Julia,Jahzzar,Which clip sounds MORE like the query overall?,,
62450:H3,62450,Mirror Friends,Lucky Dragons,Julia,Jahzzar,Which clip sounds MORE like the query overall?,,
62450:H4,62450,Don't You Worry,Tricky Diesel,Banish,Sláinte,Which clip sounds MORE like the query overall?,,
62450:H5,62450,Mirror Friends,Lucky Dragons,Don't You Worry,Tricky Diesel,Which clip sounds MORE like the query overall?,,
62450:H6,62450,Banish,Sláinte,Mirror Friends,Lucky Dragons,Which clip sounds MORE like the query overall?,,
62450:H7,62450,Cabinet Of Curiosities,Jacco Gardner,Song for Sonny,Plusplus,Which clip sounds MORE like the query overall?,,
62450:H8,62450,Cabinet Of Curiosities,Jacco Gardner,Don't You Worry,Tricky Diesel,Which clip sounds MORE like the query overall?,,
64567:H1,64567,Chasmaeon,Ga'an,One Day,Fierbinteanu,Which clip sounds MORE like the query overall?,,
64567:H2,64567,Chasmaeon,Ga'an,Fever of Terror,Fever Dream,Which clip sounds MORE like the query overall?,,
64567:H3,64567,Chasmaeon,Ga'an,Neon Hippies,Fields Ohio,Which clip sounds MORE like the query overall?,,
64567:H4,64567,One Day,Fierbinteanu,Fever of Terror,Fever Dream,Which clip sounds MORE like the query overall?,,
64567:H5,64567,Neon Hippies,Fields Ohio,One Day,Fierbinteanu,Which clip sounds MORE like the query overall?,,
64567:H6,64567,Neon Hippies,Fields Ohio,Fever of Terror,Fever Dream,Which clip sounds MORE like the query overall?,,
64567:H7,64567,Befall,Fever Dream,Against The Gates,Vows,Which clip sounds MORE like the query overall?,,
64567:H8,64567,Befall,Fever Dream,Befall,Fever Dream,Which clip sounds MORE like the query overall?,,
68840:H1,68840,David's Tune,Howie Mitchell,Old Molly Hare,Howie Mitchell,Which clip sounds MORE like the query overall?,,
68840:H2,68840,David's Tune,Howie Mitchell,Old Molly Hare,Howie Mitchell,Which clip sounds MORE like the query overall?,,
68840:H3,68840,David's Tune,Howie Mitchell,Old Molly Hare,Howie Mitchell,Which clip sounds MORE like the query overall?,,
68840:H4,68840,David's Tune,Howie Mitchell,Wedding Dress,Howie Mitchell,Which clip sounds MORE like the query overall?,,
68840:H5,68840,David's Tune,Howie Mitchell,Lucky's Tune,Howie Mitchell,Which clip sounds MORE like the query overall?,,
68840:H6,68840,Lucky's Tune,Howie Mitchell,Lucky's Tune,Howie Mitchell,Which clip sounds MORE like the query overall?,,
68840:H7,68840,David's Tune,Howie Mitchell,Backward,David Szesztay,Which clip sounds MORE like the query overall?,,
68844:H1,68844,You're So Funny,Josh Armistead,Old Bangum,Howie Mitchell,Which clip sounds MORE like the query overall?,,
68844:H2,68844,You're So Funny,Josh Armistead,Old Bangum,Howie Mitchell,Which clip sounds MORE like the query overall?,,
68844:H3,68844,Little Brown Dog,Sandy & Caroline Paton,You're So Funny,Josh Armistead,Which clip sounds MORE like the query overall?,,
68844:H4,68844,Old Bangum,Howie Mitchell,Little Brown Dog,Sandy & Caroline Paton,Which clip sounds MORE like the query overall?,,
68844:H5,68844,Little Brown Dog,Sandy & Caroline Paton,Old Bangum,Howie Mitchell,Which clip sounds MORE like the query overall?,,
68844:H6,68844,Old Bangum,Howie Mitchell,The False Bride,Howie Mitchell,Which clip sounds MORE like the query overall?,,
68844:H7,68844,Lucky's Tune,Howie Mitchell,The False Bride,Howie Mitchell,Which clip sounds MORE like the query overall?,,
68844:H8,68844,Lassie Wi a Yellow Coatie,Sandy & Caroline Paton,Lucky's Tune,Howie Mitchell,Which clip sounds MORE like the query overall?,,
75317:H1,75317,Ugly,Vienna Ditto,Shoegazing Ants,Etcetera Music,Which clip sounds MORE like the query overall?,,
75317:H2,75317,Shoegazing Ants,Etcetera Music,Goldenshteyn,Rozsa has become... Madárka,Which clip sounds MORE like the query overall?,,
75317:H3,75317,Shoegazing Ants,Etcetera Music,patience,owlface,Which clip sounds MORE like the query overall?,,
75317:H4,75317,Ugly,Vienna Ditto,Goldenshteyn,Rozsa has become... Madárka,Which clip sounds MORE like the query overall?,,
75317:H5,75317,patience,owlface,Ugly,Vienna Ditto,Which clip sounds MORE like the query overall?,,
75317:H6,75317,patience,owlface,Goldenshteyn,Rozsa has become... Madárka,Which clip sounds MORE like the query overall?,,
75317:H7,75317,In The Fall,Future Islands,Why Don't You Sing A Happy Song,Rodd Keith,Which clip sounds MORE like the query overall?,,
75317:H8,75317,Composition No. 183,Anthony Braxton,Why Don't You Sing A Happy Song,Rodd Keith,Which clip sounds MORE like the query overall?,,
84095:H1,84095,Psion,Quaro,TighsFactor,Illocanblo,Which clip sounds MORE like the query overall?,,
84095:H2,84095,Not Enough,TaaPet,Psion,Quaro,Which clip sounds MORE like the query overall?,,
84095:H3,84095,Psion,Quaro,Blue Steel (Instrumental),Ant The Symbol,Which clip sounds MORE like the query overall?,,
84095:H4,84095,Not Enough,TaaPet,TighsFactor,Illocanblo,Which clip sounds MORE like the query overall?,,
84095:H5,84095,Blue Steel (Instrumental),Ant The Symbol,TighsFactor,Illocanblo,Which clip sounds MORE like the query overall?,,
84095:H6,84095,Not Enough,TaaPet,Blue Steel (Instrumental),Ant The Symbol,Which clip sounds MORE like the query overall?,,
84095:H7,84095,Not Enough,TaaPet,Dub Stepping Version B,Ras Amerlock,Which clip sounds MORE like the query overall?,,
84095:H8,84095,Forever falling up,Fanas,Not Enough,TaaPet,Which clip sounds MORE like the query overall?,,
86441:H1,86441,We Ride,Rye Coalition,Hot Love,Nancy,Which clip sounds MORE like the query overall?,,
86441:H2,86441,Cul de Sac/Tough City,Connections,Hot Love,Nancy,Which clip sounds MORE like the query overall?,,
86441:H3,86441,Cul de Sac/Tough City,Connections,Can't Tell No One,Negative Approach,Which clip sounds MORE like the query overall?,,
86441:H4,86441,Beast (1 Beast),Big Blood,Befall,Fever Dream,Which clip sounds MORE like the query overall?,,
87190:H1,87190,Creepin' Crazy Time,Big Blood,I Saw A Ghost,Wintermitts,Which clip sounds MORE like the query overall?,,
87190:H2,87190,Creepin' Crazy Time,Big Blood,Feed The One,Lorenzo's Music,Which clip sounds MORE like the query overall?,,
87190:H3,87190,Creepin' Crazy Time,Big Blood,Kilimanjaro,Celebration,Which clip sounds MORE like the query overall?,,
87190:H4,87190,Feed The One,Lorenzo's Music,I Saw A Ghost,Wintermitts,Which clip sounds MORE like the query overall?,,
87190:H5,87190,Kilimanjaro,Celebration,I Saw A Ghost,Wintermitts,Which clip sounds MORE like the query overall?,,
87190:H6,87190,Kilimanjaro,Celebration,Feed The One,Lorenzo's Music,Which clip sounds MORE like the query overall?,,
87190:H7,87190,Distant Lover,Myndra,Careful,Wintermitts,Which clip sounds MORE like the query overall?,,
87190:H8,87190,Distant Lover,Myndra,I Saw A Ghost,Wintermitts,Which clip sounds MORE like the query overall?,,
92885:H1,92885,Waltz of Obsolescence,J. Surak,Bridgewater Triangle,happiness in aeroplanes,Which clip sounds MORE like the query overall?,,
92885:H2,92885,trASh piANo 1,Martin Rach,Bridgewater Triangle,happiness in aeroplanes,Which clip sounds MORE like the query overall?,,
92885:H3,92885,Bridgewater Triangle,happiness in aeroplanes,Hope in Monoculture,The Fucked Up Beat,Which clip sounds MORE like the query overall?,,
92885:H4,92885,trASh piANo 1,Martin Rach,Waltz of Obsolescence,J. Surak,Which clip sounds MORE like the query overall?,,
92885:H5,92885,Waltz of Obsolescence,J. Surak,Hope in Monoculture,The Fucked Up Beat,Which clip sounds MORE like the query overall?,,
92885:H6,92885,Hope in Monoculture,The Fucked Up Beat,trASh piANo 1,Martin Rach,Which clip sounds MORE like the query overall?,,
92885:H7,92885,Bleach Bypass Landscape,The Fucked Up Beat,Foyer Crowd,Benboncan,Which clip sounds MORE like the query overall?,,
92885:H8,92885,Java Pop,Spires That in the Sunset Rise,Foyer Crowd,Benboncan,Which clip sounds MORE like the query overall?,,
94465:H1,94465,Wave a White Flag (Surrender),Monk Turner,Emotional Draft,Comfort Fit,Which clip sounds MORE like the query overall?,,
94465:H2,94465,Proyecto U-90,Gabriel Pereira Spurr,Emotional Draft,Comfort Fit,Which clip sounds MORE like the query overall?,,
94465:H3,94465,Emotional Draft,Comfort Fit,Head Cold,Tha Silent Partner,Which clip sounds MORE like the query overall?,,
94465:H4,94465,Wave a White Flag (Surrender),Monk Turner,Proyecto U-90,Gabriel Pereira Spurr,Which clip sounds MORE like the query overall?,,
94465:H5,94465,Wave a White Flag (Surrender),Monk Turner,Head Cold,Tha Silent Partner,Which clip sounds MORE like the query overall?,,
94465:H6,94465,Proyecto U-90,Gabriel Pereira Spurr,Head Cold,Tha Silent Partner,Which clip sounds MORE like the query overall?,,
94465:H7,94465,doukno (whereugoin?),Tha Silent Partner,On Harry Love Drums,Tha Silent Partner,Which clip sounds MORE like the query overall?,,
94465:H8,94465,doukno (whereugoin?),Tha Silent Partner,Might As Well Whistle,Ant Neely,Which clip sounds MORE like the query overall?,,
105408:H1,105408,Cleaning San Fran Oil Spill With Hair Mats And Mushrooms,Mochipet,iks rated,Richard Jonas,Which clip sounds MORE like the query overall?,,
105408:H2,105408,Things We Can't See,Egg Nebula,iks rated,Richard Jonas,Which clip sounds MORE like the query overall?,,
105408:H3,105408,Restless,Just Plain Ant,iks rated,Richard Jonas,Which clip sounds MORE like the query overall?,,
105408:H4,105408,Things We Can't See,Egg Nebula,Cleaning San Fran Oil Spill With Hair Mats And Mushrooms,Mochipet,Which clip sounds MORE like the query overall?,,
105408:H5,105408,Restless,Just Plain Ant,Cleaning San Fran Oil Spill With Hair Mats And Mushrooms,Mochipet,Which clip sounds MORE like the query overall?,,
105408:H6,105408,Restless,Just Plain Ant,Things We Can't See,Egg Nebula,Which clip sounds MORE like the query overall?,,
105408:H7,105408,Things We Can't See,Egg Nebula,Things We Can't See,Egg Nebula,Which clip sounds MORE like the query overall?,,
105408:H8,105408,Things We Can't See,Egg Nebula,House of the Rising Son,Tab & Anitek,Which clip sounds MORE like the query overall?,,
106277:H1,106277,It Could Be You,Lorenzo's Music,A 1 Freedom voice of my soul,Art Boys Collection,Which clip sounds MORE like the query overall?,,
106277:H2,106277,It Could Be You,Lorenzo's Music,They Seem To Be Intelligent (dustmotes Remix),Garmisch,Which clip sounds MORE like the query overall?,,
106277:H3,106277,It Could Be You,Lorenzo's Music,Slippershell,Kristin Hersh,Which clip sounds MORE like the query overall?,,
106277:H4,106277,A 1 Freedom voice of my soul,Art Boys Collection,They Seem To Be Intelligent (dustmotes Remix),Garmisch,Which clip sounds MORE like the query overall?,,
106277:H5,106277,Slippershell,Kristin Hersh,A 1 Freedom voice of my soul,Art Boys Collection,Which clip sounds MORE like the query overall?,,
106277:H6,106277,Slippershell,Kristin Hersh,They Seem To Be Intelligent (dustmotes Remix),Garmisch,Which clip sounds MORE like the query overall?,,
106277:H7,106277,carnival,Underling,carnival,Underling,Which clip sounds MORE like the query overall?,,
106277:H8,106277,carnival,Underling,Stumble,Just Plain Ant,Which clip sounds MORE like the query overall?,,
107027:H1,107027,Wake Up,D3Zs,ONLYGIRL,Phemale,Which clip sounds MORE like the query overall?,,
107027:H2,107027,Wake Up,D3Zs,Incredible Things (Instrumental),Deadly Combo,Which clip sounds MORE like the query overall?,,
107027:H3,107027,Wake Up,D3Zs,Vanity (Instrumental),BADLUCK,Which clip sounds MORE like the query overall?,,
107027:H4,107027,ONLYGIRL,Phemale,Incredible Things (Instrumental),Deadly Combo,Which clip sounds MORE like the query overall?,,
107027:H5,107027,Vanity (Instrumental),BADLUCK,ONLYGIRL,Phemale,Which clip sounds MORE like the query overall?,,
107027:H6,107027,Incredible Things (Instrumental),Deadly Combo,Vanity (Instrumental),BADLUCK,Which clip sounds MORE like the query overall?,,
107027:H7,107027,Go Away,Seven,Just A Little Love We Need,Jerry Harris,Which clip sounds MORE like the query overall?,,
107027:H8,107027,ONLYGIRL,Phemale,Just A Little Love We Need,Jerry Harris,Which clip sounds MORE like the query overall?,,
107249:H1,107249,Robot Gedonist,Vanya Zhuk,El Arco Iris,Cordero,Which clip sounds MORE like the query overall?,,
107249:H2,107249,Robot Gedonist,Vanya Zhuk,Shake Some Action,The Flamin' Groovies,Which clip sounds MORE like the query overall?,,
107249:H3,107249,Robot Gedonist,Vanya Zhuk,El Arco Iris,Cordero,Which clip sounds MORE like the query overall?,,
107249:H4,107249,Robot Gedonist,Vanya Zhuk,Shake Some Action,The Flamin' Groovies,Which clip sounds MORE like the query overall?,,
107249:H5,107249,El Arco Iris,Cordero,Shake Some Action,The Flamin' Groovies,Which clip sounds MORE like the query overall?,,
107249:H6,107249,Under The Sea,The IMG,Santa Claus is Coming to Town,Jackie & The Cedrics,Which clip sounds MORE like the query overall?,,
107249:H7,107249,Santa Claus is Coming to Town,Jackie & The Cedrics,Sweet Girl,Rakiya,Which clip sounds MORE like the query overall?,,
107249:H8,107249,People Should Get More Aware,Bird Names,Sweet Girl,Rakiya,Which clip sounds MORE like the query overall?,,
110262:H1,110262,Catch vampire Dub,Don Goliath,Calling on Jah Dub,Don Goliath,Which clip sounds MORE like the query overall?,,
110262:H2,110262,Riff Cloud,Raya Brass Band,Calling on Jah Dub,Don Goliath,Which clip sounds MORE like the query overall?,,
110262:H3,110262,Calling on Jah Dub,Don Goliath,Future (Remix),Kellee Maize,Which clip sounds MORE like the query overall?,,
110262:H4,110262,Catch vampire Dub,Don Goliath,Riff Cloud,Raya Brass Band,Which clip sounds MORE like the query overall?,,
110262:H5,110262,Future (Remix),Kellee Maize,Catch vampire Dub,Don Goliath,Which clip sounds MORE like the query overall?,,
110262:H6,110262,Riff Cloud,Raya Brass Band,Future (Remix),Kellee Maize,Which clip sounds MORE like the query overall?,,
110262:H7,110262,Don't Stop,Kellee Maize,I.D.K.?,K.I.R.K,Which clip sounds MORE like the query overall?,,
110262:H8,110262,Fallaste al sacar tu cuenta,SONGO 21,I.D.K.?,K.I.R.K,Which clip sounds MORE like the query overall?,,
113167:H1,113167,Fair,Derek Clegg,Four Walls,Derek Clegg,Which clip sounds MORE like the query overall?,,
113167:H2,113167,Devastation and Revenge,Kevin MacLeod,Fair,Derek Clegg,Which clip sounds MORE like the query overall?,,
113167:H3,113167,Fair,Derek Clegg,Swingin' Low,Melaena Cadiz,Which clip sounds MORE like the query overall?,,
113167:H4,113167,Four Walls,Derek Clegg,Devastation and Revenge,Kevin MacLeod,Which clip sounds MORE like the query overall?,,
113167:H5,113167,Swingin' Low,Melaena Cadiz,Four Walls,Derek Clegg,Which clip sounds MORE like the query overall?,,
113167:H6,113167,Swingin' Low,Melaena Cadiz,Devastation and Revenge,Kevin MacLeod,Which clip sounds MORE like the query overall?,,
113167:H7,113167,Blue Daisy,The Wingdale Community Singers,Marvelous,Derek Clegg,Which clip sounds MORE like the query overall?,,
113167:H8,113167,Blue Daisy,The Wingdale Community Singers,Out of Time,Palloc,Which clip sounds MORE like the query overall?,,
113284:H1,113284,E.M.F.H.,Raw Stiles,Forever falling up,Fanas,Which clip sounds MORE like the query overall?,,
113284:H2,113284,Méchanismes,Le Perche Oreille,Forever falling up,Fanas,Which clip sounds MORE like the query overall?,,
113284:H3,113284,Saturday (Weekend Groove Remix),Maxwell Powers,Forever falling up,Fanas,Which clip sounds MORE like the query overall?,,
113284:H4,113284,Méchanismes,Le Perche Oreille,E.M.F.H.,Raw Stiles,Which clip sounds MORE like the query overall?,,
113284:H5,113284,Saturday (Weekend Groove Remix),Maxwell Powers,E.M.F.H.,Raw Stiles,Which clip sounds MORE like the query overall?,,
113284:H6,113284,Méchanismes,Le Perche Oreille,Saturday (Weekend Groove Remix),Maxwell Powers,Which clip sounds MORE like the query overall?,,
113284:H7,113284,Trinity Ridaz At Flex Studios,Ras Amerlock,Méchanismes,Le Perche Oreille,Which clip sounds MORE like the query overall?,,
113284:H8,113284,Méchanismes,Le Perche Oreille,Bollywood Blades,Professor Kliq,Which clip sounds MORE like the query overall?,,
114223:H1,114223,Squire Tuck - Rush to the Head,Squire Tuck,Ukulele Blues,Squire Tuck,Which clip sounds MORE like the query overall?,,
114223:H2,114223,Ukulele Blues,Squire Tuck,You Don't Get Much,Big White,Which clip sounds MORE like the query overall?,,
114223:H3,114223,What Happened to the Way We Were?,Squire Tuck,You Don't Get Much,Big White,Which clip sounds MORE like the query overall?,,
114223:H4,114223,Squire Tuck - Ukulele Rising,Squire Tuck,Mystical Sighs,Trance And The Arcade,Which clip sounds MORE like the query overall?,,
115700:H1,115700,Chion's Cricket,Jim Lee,Phase a Couple Rooms,Qkcofse,Which clip sounds MORE like the query overall?,,
115700:H2,115700,Chion's Cricket,Jim Lee,Phase a Couple Rooms,Qkcofse,Which clip sounds MORE like the query overall?,,
115700:H3,115700,Night Fire,Alexei Biryukoff,Chion's Cricket,Jim Lee,Which clip sounds MORE like the query overall?,,
115700:H4,115700,Phase a Couple Rooms,Qkcofse,Night Fire,Alexei Biryukoff,Which clip sounds MORE like the query overall?,,
115700:H5,115700,Night Fire,Alexei Biryukoff,Phase a Couple Rooms,Qkcofse,Which clip sounds MORE like the query overall?,,
115700:H6,115700,First Movement,Z'EV,Sheep,Scott Sherk,Which clip sounds MORE like the query overall?,,
115700:H7,115700,Brilliant Brightness,Dolorvotre,First Movement,Z'EV,Which clip sounds MORE like the query overall?,,
115700:H8,115700,Brilliant Brightness,Dolorvotre,Chion's Cricket,Jim Lee,Which clip sounds MORE like the query overall?,,
120770:H1,120770,E.M.F.H.,Raw Stiles,Gloom,SPCZ,Which clip sounds MORE like the query overall?,,
120770:H2,120770,Noodie,Shy Kids,Gloom,SPCZ,Which clip sounds MORE like the query overall?,,
120770:H3,120770,Speleology,Resonancedj & Giulio Maddaloni,Gloom,SPCZ,Which clip sounds MORE like the query overall?,,
120770:H4,120770,E.M.F.H.,Raw Stiles,Noodie,Shy Kids,Which clip sounds MORE like the query overall?,,
120770:H5,120770,Speleology,Resonancedj & Giulio Maddaloni,E.M.F.H.,Raw Stiles,Which clip sounds MORE like the query overall?,,
120770:H6,120770,Speleology,Resonancedj & Giulio Maddaloni,Noodie,Shy Kids,Which clip sounds MORE like the query overall?,,
120770:H7,120770,Moving Toward You,Str8 Sounds,RUDA,How I Quit Crack,Which clip sounds MORE like the query overall?,,
120770:H8,120770,E.M.F.H.,Raw Stiles,Moving Toward You,Str8 Sounds,Which clip sounds MORE like the query overall?,,
124913:H1,124913,Ghost By Nature - Soul Inspector,Krowne,The Squelch,Phish Funk,Which clip sounds MORE like the query overall?,,
124913:H2,124913,Ghost By Nature - Soul Inspector,Krowne,Come to Me,Rony Friedman,Which clip sounds MORE like the query overall?,,
124913:H3,124913,Ghost By Nature - Soul Inspector,Krowne,Happy Jambo,Angel Garcia,Which clip sounds MORE like the query overall?,,
124913:H4,124913,The Squelch,Phish Funk,Come to Me,Rony Friedman,Which clip sounds MORE like the query overall?,,
124913:H5,124913,The Squelch,Phish Funk,Happy Jambo,Angel Garcia,Which clip sounds MORE like the query overall?,,
124913:H6,124913,Come to Me,Rony Friedman,Happy Jambo,Angel Garcia,Which clip sounds MORE like the query overall?,,
124913:H7,124913,Extra Pay,No Lala,Happy Jambo,Angel Garcia,Which clip sounds MORE like the query overall?,,
124913:H8,124913,Extra Pay,No Lala,Extra Pay,No Lala,Which clip sounds MORE like the query overall?,,
125193:H1,125193,We Keep The Same Hours,Sleep Out,Loose Fur,Derek Clegg,Which clip sounds MORE like the query overall?,,
125193:H2,125193,Quique,Cordero,Loose Fur,Derek Clegg,Which clip sounds MORE like the query overall?,,
125193:H3,125193,I'd Rather Take the Old Way,Derek Clegg,Loose Fur,Derek Clegg,Which clip sounds MORE like the query overall?,,
125193:H4,125193,We Keep The Same Hours,Sleep Out,Quique,Cordero,Which clip sounds MORE like the query overall?,,
125193:H5,125193,We Keep The Same Hours,Sleep Out,I'd Rather Take the Old Way,Derek Clegg,Which clip sounds MORE like the query overall?,,
125193:H6,125193,Quique,Cordero,I'd Rather Take the Old Way,Derek Clegg,Which clip sounds MORE like the query overall?,,
125193:H7,125193,The Best In The World,Derek Clegg,I'd Rather Take the Old Way,Derek Clegg,Which clip sounds MORE like the query overall?,,
125193:H8,125193,The Best In The World,Derek Clegg,Bullets,Sea Offs,Which clip sounds MORE like the query overall?,,
125814:H1,125814,Insatiable Toad,Blue Dot Sessions,Nuthatch,Blue Dot Sessions,Which clip sounds MORE like the query overall?,,
125814:H2,125814,Tossed,Blue Dot Sessions,Insatiable Toad,Blue Dot Sessions,Which clip sounds MORE like the query overall?,,
125814:H3,125814,Insatiable Toad,Blue Dot Sessions,Marble Chase,Blue Dot Sessions,Which clip sounds MORE like the query overall?,,
125814:H4,125814,Nuthatch,Blue Dot Sessions,Tossed,Blue Dot Sessions,Which clip sounds MORE like the query overall?,,
125814:H5,125814,Marble Chase,Blue Dot Sessions,Nuthatch,Blue Dot Sessions,Which clip sounds MORE like the query overall?,,
125814:H6,125814,Tossed,Blue Dot Sessions,Marble Chase,Blue Dot Sessions,Which clip sounds MORE like the query overall?,,
125814:H7,125814,Grand Caravan,Blue Dot Sessions,Αρχαία Μουσική Για Σύγχρονη Φορές (Ancient Music For Modern Times),Jared C. Balogh,Which clip sounds MORE like the query overall?,,
125814:H8,125814,Nuthatch,Blue Dot Sessions,Αρχαία Μουσική Για Σύγχρονη Φορές (Ancient Music For Modern Times),Jared C. Balogh,Which clip sounds MORE like the query overall?,,
127359:H1,127359,Push Button Generation,Colin Ska Johnson,Should I,Trevor Flowers and Iheka-Chama,Which clip sounds MORE like the query overall?,,
127359:H2,127359,Should I,Trevor Flowers and Iheka-Chama,Push Button Generation,Colin Ska Johnson,Which clip sounds MORE like the query overall?,,
127359:H3,127359,Push Button Generation,Colin Ska Johnson,Should I,Trevor Flowers and Iheka-Chama,Which clip sounds MORE like the query overall?,,
127359:H4,127359,I Apologize (Medley),Teddy Brown,I Apologize (Medley),Teddy Brown,Which clip sounds MORE like the query overall?,,
127359:H5,127359,I Apologize (Medley),Teddy Brown,It Could Be You,Lorenzo's Music,Which clip sounds MORE like the query overall?,,
127359:H6,127359,Push Button Generation,Colin Ska Johnson,It Could Be You,Lorenzo's Music,Which clip sounds MORE like the query overall?,,
127359:H7,127359,Funk Therapy,Ghost By Nature,Push Button Generation,Colin Ska Johnson,Which clip sounds MORE like the query overall?,,
131410:H1,131410,Dear Giulietta,Kraus,Bullets Have No Effect,Pilesar,Which clip sounds MORE like the query overall?,,
131410:H2,131410,Now You Are Here,Sergey Cheremisinov,Bullets Have No Effect,Pilesar,Which clip sounds MORE like the query overall?,,
131410:H3,131410,Circle Moon,Fursaxa,Bullets Have No Effect,Pilesar,Which clip sounds MORE like the query overall?,,
131410:H4,131410,Now You Are Here,Sergey Cheremisinov,Dear Giulietta,Kraus,Which clip sounds MORE like the query overall?,,
131410:H5,131410,Circle Moon,Fursaxa,Dear Giulietta,Kraus,Which clip sounds MORE like the query overall?,,
131410:H6,131410,Circle Moon,Fursaxa,Now You Are Here,Sergey Cheremisinov,Which clip sounds MORE like the query overall?,,
131410:H7,131410,R.A.H.M.A.V.N. [221],SULCUS,Dreamstalker,Squire Tuck,Which clip sounds MORE like the query overall?,,
131410:H8,131410,® o c k e t s,Shy Kids,Dreamstalker,Squire Tuck,Which clip sounds MORE like the query overall?,,
134823:H1,134823,Idle Hands,The Impossebulls,One Hundred 10 (BPM) (Instrumental),The Impossebulls,Which clip sounds MORE like the query overall?,,
134823:H2,134823,True Form,Comfort Fit,Idle Hands,The Impossebulls,Which clip sounds MORE like the query overall?,,
134823:H3,134823,Idle Hands,The Impossebulls,Master Plan (Dark Days Instrumental),Mported Flows,Which clip sounds MORE like the query overall?,,
134823:H4,134823,One Hundred 10 (BPM) (Instrumental),The Impossebulls,True Form,Comfort Fit,Which clip sounds MORE like the query overall?,,
134823:H5,134823,One Hundred 10 (BPM) (Instrumental),The Impossebulls,Master Plan (Dark Days Instrumental),Mported Flows,Which clip sounds MORE like the query overall?,,
134823:H6,134823,Master Plan (Dark Days Instrumental),Mported Flows,True Form,Comfort Fit,Which clip sounds MORE like the query overall?,,
134823:H7,134823,What Kinda Instrumental     {Both Nice},6th Sense,Dey Get Down (Remixx Instrumental),BADLUCK,Which clip sounds MORE like the query overall?,,
134823:H8,134823,One Hundred 10 (BPM) (Instrumental),The Impossebulls,What Kinda Instrumental     {Both Nice},6th Sense,Which clip sounds MORE like the query overall?,,
134930:H1,134930,-Yesilim,"Turku, Nomads of the Silk Road",-Aman Avci Vurma Mani,"Turku, Nomads of the Silk Road",Which clip sounds MORE like the query overall?,,
134930:H2,134930,-Antalyanin Mor Uzumu,"Turku, Nomads of the Silk Road",-Aman Avci Vurma Mani,"Turku, Nomads of the Silk Road",Which clip sounds MORE like the query overall?,,
134930:H3,134930,-Aman Avci Vurma Mani,"Turku, Nomads of the Silk Road",-Yesilim,"Turku, Nomads of the Silk Road",Which clip sounds MORE like the query overall?,,
134930:H4,134930,-Yesilim,"Turku, Nomads of the Silk Road",-Antalyanin Mor Uzumu,"Turku, Nomads of the Silk Road",Which clip sounds MORE like the query overall?,,
134930:H5,134930,-Aman Avci Vurma Mani,"Turku, Nomads of the Silk Road",-Antalyanin Mor Uzumu,"Turku, Nomads of the Silk Road",Which clip sounds MORE like the query overall?,,
134930:H6,134930,-Aman Avci Vurma Mani,"Turku, Nomads of the Silk Road",-Anadolu Kavagi,"Turku, Nomads of the Silk Road",Which clip sounds MORE like the query overall?,,
134930:H7,134930,-Yesilim,"Turku, Nomads of the Silk Road",-Aman Avci Vurma Mani,"Turku, Nomads of the Silk Road",Which clip sounds MORE like the query overall?,,
134930:H8,134930,-Yesilim,"Turku, Nomads of the Silk Road",-Rampi Rampi,"Turku, Nomads of the Silk Road",Which clip sounds MORE like the query overall?,,
143098:H1,143098,New Brigade,Ice Age,Living In A Dream,Twin Guns,Which clip sounds MORE like the query overall?,,
143098:H2,143098,New Brigade,Ice Age,Living In A Dream,Twin Guns,Which clip sounds MORE like the query overall?,,
143098:H3,143098,Here They Come,The Degs,New Brigade,Ice Age,Which clip sounds MORE like the query overall?,,
143098:H4,143098,Living In A Dream,Twin Guns,Here They Come,The Degs,Which clip sounds MORE like the query overall?,,
143098:H5,143098,Here They Come,The Degs,Living In A Dream,Twin Guns,Which clip sounds MORE like the query overall?,,
143098:H6,143098,Maidenhead,Protomartyr,Maniac,Twin Guns,Which clip sounds MORE like the query overall?,,
143098:H7,143098,Toad Listen,pHoaming Edison,Maidenhead,Protomartyr,Which clip sounds MORE like the query overall?,,
143098:H8,143098,Route 13,Pitchman,Toad Listen,pHoaming Edison,Which clip sounds MORE like the query overall?,,
149712:H1,149712,Walrus,Ergo Phizmiz,11 Master Of Pizza,NanowaR,Which clip sounds MORE like the query overall?,,
149712:H2,149712,Sweet Girl,Rakiya,11 Master Of Pizza,NanowaR,Which clip sounds MORE like the query overall?,,
149712:H3,149712,Dia Inteiro,Zé Trigueiros,11 Master Of Pizza,NanowaR,Which clip sounds MORE like the query overall?,,
149712:H4,149712,Walrus,Ergo Phizmiz,Sweet Girl,Rakiya,Which clip sounds MORE like the query overall?,,
149712:H5,149712,Walrus,Ergo Phizmiz,Dia Inteiro,Zé Trigueiros,Which clip sounds MORE like the query overall?,,
149712:H6,149712,Sweet Girl,Rakiya,Dia Inteiro,Zé Trigueiros,Which clip sounds MORE like the query overall?,,
149712:H7,149712,No Pilot,Eidetic Seeing,Walking in the Boots of Old Cowboys,Squire Tuck,Which clip sounds MORE like the query overall?,,
149712:H8,149712,Walking in the Boots of Old Cowboys,Squire Tuck,Walrus,Ergo Phizmiz,Which clip sounds MORE like the query overall?,,
