trial_id,query_track_id,candidate_a_id,candidate_b_id,trial_kind,slice,canonical_label,label_status,raw_judgment_count,primary_eligible,exclusion_reason,excerpt_strategy,laion_clap_sim_a,laion_clap_sim_b,laion_clap_analysis_key,mert_5120_sim_a,mert_5120_sim_b,mert_5120_analysis_key,chroma_global_cos_sim_a,chroma_global_cos_sim_b,chroma_dtw_sim_sim_a,chroma_dtw_sim_sim_b,transposition_best_cos_sim_a,transposition_best_cos_sim_b,onset_cos_fixed_sim_a,onset_cos_fixed_sim_b,onset_dtw_sim_sim_a,onset_dtw_sim_sim_b,tempogram_cos_sim_a,tempogram_cos_sim_b,timbre_cos_sim_a,timbre_cos_sim_b,merit_melody_cos_sim_a,merit_melody_cos_sim_b,merit_rhythm_cos_sim_a,merit_rhythm_cos_sim_b,merit_timbre_cos_sim_a,merit_timbre_cos_sim_b,log_tempo_ratio_sim_a,log_tempo_ratio_sim_b,feature_cache_key_q,feature_cache_key_a,feature_cache_key_b
10435:H1,10435,98301,40230,disagree:laion_clap_vs_mert_5120,direct_disagreement,Neither,CANONICAL,1,False,NEITHER,center5_v1,0.4680535752,0.8335262088,b0fee4bc6fd340e4,0.969135874,0.9300230349,8069b221c47dd7c0,0.8082470548,0.7606905736,0.009525754858,0.009422805858,0.8901473549,0.8848957529,1,1,0.677888896,0.6759417122,0.9896296858,0.9961575947,0.9327774635,0.942498606,0.5843484071,-0.1128346821,0.3107832116,0.5972026762,0.9036723204,0.1351971537,-0.1226023221,-0.2135741003,99ebecf8791425556215b71806b22525b2c873f101f5ac510db05be9f95c5793,f2d2fa2d16fbc21a8ea7a0a62997948428787c9058968f59489a7e953e13a06a,f8c924e4a4e9ab790b0b72d06a4dc9a743243247bb9eddee63d87854525f7f22
10435:H2,10435,93716,53588,competitive_rank2,competitive_rank2,B,CANONICAL,2,True,,center5_v1,0.6345220691,0.7931040859,b0fee4bc6fd340e4,0.9679098299,0.9306367026,8069b221c47dd7c0,0.7365008256,0.8571312239,0.009154205983,0.01034226354,0.8781249666,0.9072713515,1,1,0.6678074084,0.6669139587,0.9813725249,0.9955543232,0.9818756563,0.9271545547,0.4782537481,0.418952566,0.2961023766,0.4445074615,0.223693832,0.1063063909,-0.3677247801,-0.1431008436,99ebecf8791425556215b71806b22525b2c873f101f5ac510db05be9f95c5793,f9519febc9dc2f2a137fe6858faa6a69697d46769b4ba3d56a1cc79ea70f95de,4b3af89c007883692e6c48a9d52f4babfa6c61b04b7409c5c9f6314baf5d3ead
10435:H3,10435,75925,93716,competitive_rank2,competitive_rank2,Neither,CANONICAL,1,False,NEITHER,center5_v1,0.3811754601,0.6345220691,b0fee4bc6fd340e4,0.9661055866,0.9679098299,8069b221c47dd7c0,0.8239104383,0.7365008256,0.008918591541,0.009154205983,0.9156334303,0.8781249666,1,1,0.6653169885,0.6678074084,0.9953328298,0.9813725249,0.9142885884,0.9818756563,0.4259690097,0.4782537481,0.4079741708,0.2961023766,0.7769785263,0.223693832,-0.2135741003,-0.3677247801,99ebecf8791425556215b71806b22525b2c873f101f5ac510db05be9f95c5793,9eb97e23fdc2258fe37e05358c0719bb9083e258091fccc469bfb15136d4ef78,f9519febc9dc2f2a137fe6858faa6a69697d46769b4ba3d56a1cc79ea70f95de
10435:H4,10435,40230,6782,anchor_negative,anchor_negative,Neither,CANONICAL,1,False,NEITHER,center5_v1,0.8335262088,0.4080907583,b0fee4bc6fd340e4,0.9300230349,0.9178947972,8069b221c47dd7c0,0.7606905736,0.8423398656,0.009422805858,0.008614757229,0.8848957529,0.8999695362,1,0.9960317304,0.6759417122,0.6588061739,0.9961575947,0.9661165733,0.942498606,0.7717849957,-0.1128346821,-0.02826266015,0.5972026762,0.2408145245,0.1351971537,0.7659015145,-0.2135741003,-0.424883194,99ebecf8791425556215b71806b22525b2c873f101f5ac510db05be9f95c5793,f8c924e4a4e9ab790b0b72d06a4dc9a743243247bb9eddee63d87854525f7f22,1269ba684bc08285497b3bbac8c2cc9535687ed71160157eab3970bae714f1f5
106277:H1,106277,42475,35543,disagree:laion_clap_vs_mert_5120,direct_disagreement,A,CANONICAL,1,True,,center5_v1,0.7055289967,0.8302767162,b0fee4bc6fd340e4,0.9755733771,0.9674057408,8069b221c47dd7c0,0.925356138,0.8992408351,0.01118631012,0.01076836671,0.9571511466,0.9284819597,1,1,0.6534280481,0.6586124133,0.9744803399,0.9909972083,0.8293187427,0.8596027139,0.5444615295,0.7486629376,0.5934672539,0.486592487,0.7470305939,0.670793723,-0.1000834586,-0.1112256351,d15795b2ad182d54806aa170dfffdecf6c30d881a962d7d0fb44fd3de13a9e7b,bb5092e9d1d58184b3365cf19a4c8d8a79079404b056dcea91e8f45de409b659,73b255963010c56100348b75f81e471a49427994a140a93f41a55f912a5e4900
106277:H2,106277,85309,35543,disagree:laion_clap_vs_mert_generic,direct_disagreement,A,CANONICAL,1,True,,center5_v1,0.5229982139,0.8302767162,b0fee4bc6fd340e4,0.9684194751,0.9674057408,8069b221c47dd7c0,0.9156164178,0.8992408351,0.01048591322,0.01076836671,0.9531099757,0.9284819597,0.9970252785,1,0.6493983708,0.6586124133,0.9637456755,0.9909972083,0.8723530323,0.8596027139,0.2820095747,0.7486629376,0.4476089177,0.486592487,0.2527530358,0.670793723,-0.387765531,-0.1112256351,d15795b2ad182d54806aa170dfffdecf6c30d881a962d7d0fb44fd3de13a9e7b,077930491a33277d6c5c93c7b016f5e0a21bd92c1934e45266fe7e3a467913dd,73b255963010c56100348b75f81e471a49427994a140a93f41a55f912a5e4900
106277:H3,106277,85309,42475,disagree:mert_5120_vs_mert_generic,direct_disagreement,A,CANONICAL,1,True,,center5_v1,0.5229982139,0.7055289967,b0fee4bc6fd340e4,0.9684194751,0.9755733771,8069b221c47dd7c0,0.9156164178,0.925356138,0.01048591322,0.01118631012,0.9531099757,0.9571511466,0.9970252785,1,0.6493983708,0.6534280481,0.9637456755,0.9744803399,0.8723530323,0.8293187427,0.2820095747,0.5444615295,0.4476089177,0.5934672539,0.2527530358,0.7470305939,-0.387765531,-0.1000834586,d15795b2ad182d54806aa170dfffdecf6c30d881a962d7d0fb44fd3de13a9e7b,077930491a33277d6c5c93c7b016f5e0a21bd92c1934e45266fe7e3a467913dd,bb5092e9d1d58184b3365cf19a4c8d8a79079404b056dcea91e8f45de409b659
106277:H4,106277,83558,19438,competitive_rank2,competitive_rank2,Neither,CANONICAL,1,False,NEITHER,center5_v1,0.8230615481,0.6638246319,b0fee4bc6fd340e4,0.972842756,0.9680424127,8069b221c47dd7c0,0.8317703369,0.8816582567,0.01005183643,0.01068949372,0.9446030582,0.967990407,1,0.9980178375,0.6655008816,0.6504404596,0.9800720966,0.8778904206,0.9672287733,0.975021969,0.4872792817,-0.1024603178,0.2869850281,0.3486579306,0.6546767821,0.5481768974,-0.2744368457,-0.1718502569,d15795b2ad182d54806aa170dfffdecf6c30d881a962d7d0fb44fd3de13a9e7b,b8cbfec8c8b6e82381e85a009ead00588bb0c7317bcce7a8b5558dae9b988304,76bfeeeaa4ca21f6a1b4a26fc3d0210101c3b3e04251ae71c86cddca251d4bde
106277:H5,106277,35543,52034,anchor_negative,anchor_negative,A,CANONICAL,1,False,,center5_v1,0.8302767162,0.1441206049,b0fee4bc6fd340e4,0.9674057408,0.8735074684,8069b221c47dd7c0,0.8992408351,0.6983040535,0.01076836671,0.009318103302,0.9284819597,0.820710969,1,1,0.6586124133,0.6889716431,0.9909972083,0.989945367,0.8596027139,0.7841554114,0.7486629376,-0.0173993345,0.486592487,-0.074048486,0.670793723,0.2926648066,-0.1112256351,-0.05129329439,d15795b2ad182d54806aa170dfffdecf6c30d881a962d7d0fb44fd3de13a9e7b,73b255963010c56100348b75f81e471a49427994a140a93f41a55f912a5e4900,b2f70deba08e51370be7e53870345247b2d104908cbc1d2b5d41597d0da5613b
107027:H1,107027,97986,45125,disagree:mert_5120_vs_mert_generic,direct_disagreement,B,CANONICAL,1,True,,center5_v1,0.5216609587,0.6862648591,b0fee4bc6fd340e4,0.9772898054,0.982063118,8069b221c47dd7c0,0.8113713338,0.9465378021,0.009910533801,0.01069271311,0.9126475192,0.9668968,0.9940258766,0.9980178375,0.6265905595,0.6415501322,0.9598760117,0.9471902997,0.9828270858,0.9706043595,0.1915846152,0.6856280414,0.8886542026,0.8688126345,-0.296077773,-0.3411484408,-0.03278982282,-0,64af2009263e6a33b72c060bc743e1d4e38fff77b965e8d787786e4c24ef13cf,bc084bea8de698ee0070afc3e5fa691c32c15fa9710be5acb33048864e56592e,696cd51543f5b5b619e3da05b4697806c1326a5d6a595ef3d971d71613f9acc1
107027:H2,107027,129396,45125,competitive_rank2,competitive_rank2,Tie,CANONICAL,1,False,TIE,center5_v1,0.4519566412,0.6862648591,b0fee4bc6fd340e4,0.9817149477,0.982063118,8069b221c47dd7c0,0.8959210708,0.9465378021,0.01065304767,0.01069271311,0.9512029107,0.9668968,0.9980178375,0.9980178375,0.6495798054,0.6415501322,0.9454264993,0.9471902997,0.9927355379,0.9706043595,0.4525809074,0.6856280414,0.3150830153,0.8688126345,0.8507452743,-0.3411484408,-0.5436154466,-0,64af2009263e6a33b72c060bc743e1d4e38fff77b965e8d787786e4c24ef13cf,7564e4e57d4a0d7e2a610665644a590ec54070353508751be1956fd928e7e7f0,696cd51543f5b5b619e3da05b4697806c1326a5d6a595ef3d971d71613f9acc1
107249:H1,107249,11673,107256,disagree:laion_clap_vs_mert_generic,direct_disagreement,A,CANONICAL,1,True,,center5_v1,0.6209504609,0.8866911507,b0fee4bc6fd340e4,0.9755161586,0.9836654738,8069b221c47dd7c0,0.8558964851,0.9490237888,0.009699974655,0.01129375586,0.9755129798,0.9490237888,0.9950371902,0.9920179442,0.6365859852,0.660719207,0.9778291922,0.9829012591,0.9358992335,0.9740637837,0.4081667953,0.9061830773,0.6360405098,0.5951382116,0.6812640199,0.9777403973,-0.0953101798,-0.2762533766,01f7cced51838a7efbaf46a25bdba9667943d07bf12dcbb5a12401e79df75023,3100ec22835424b0f13393b110ca7e963461ff0abe6d17353d7f62d18a8efffb,f80b7e96bb98445cd0b507749f5a8a3a28bc96cd04f4e3e7c9af42deab8274ee
107249:H2,107249,129268,56646,competitive_rank2,competitive_rank2,B,CANONICAL,1,True,,center5_v1,0.8224278536,0.7463993207,b0fee4bc6fd340e4,0.9706214063,0.9804484517,8069b221c47dd7c0,0.9437292369,0.8739316936,0.01203183815,0.009788286461,0.9437292369,0.9481432582,0.9950371902,0.9950371902,0.6470429953,0.653339522,0.9477714984,0.9422349085,0.9659323618,0.9714399352,0.2271408632,0.2963895915,0.6520381715,0.5409293752,0.8341554895,0.9165296709,-0.08701137699,-0.04652001563,01f7cced51838a7efbaf46a25bdba9667943d07bf12dcbb5a12401e79df75023,821b5cdd74c60e47a950fcac5088f182135d322cb83cbdae339e6594f9228917,4cf51c3e163351f8603c2b06e13134b5ea8da1ad82bb81ab2c9e52721ff24c46
107249:H3,107249,60537,56646,competitive_rank2,competitive_rank2,B,CANONICAL,1,True,,center5_v1,0.6693515288,0.7463993207,b0fee4bc6fd340e4,0.9801102509,0.9804484517,8069b221c47dd7c0,0.9491351616,0.8739316936,0.01414559347,0.009788286461,0.9491351616,0.9481432582,0.9970134329,0.9950371902,0.6530343813,0.653339522,0.9639297258,0.9422349085,0.982697288,0.9714399352,0.5540164962,0.2963895915,0.6691168146,0.5409293752,0.8885272556,0.9165296709,-0.08701137699,-0.04652001563,01f7cced51838a7efbaf46a25bdba9667943d07bf12dcbb5a12401e79df75023,891b7943bc225f628f353c921b4d4f45d514ad49a4489c4e353189cefa018fdf,4cf51c3e163351f8603c2b06e13134b5ea8da1ad82bb81ab2c9e52721ff24c46
107249:H4,107249,107256,108884,anchor_negative,anchor_negative,A,CANONICAL,1,False,,center5_v1,0.8866911507,0.2861906998,b0fee4bc6fd340e4,0.9836654738,0.9179354608,8069b221c47dd7c0,0.9490237888,0.7527269365,0.01129375586,0.01027445798,0.9490237888,0.7527269365,0.9920179442,0.9950371902,0.660719207,0.6658357816,0.9829012591,0.9805938329,0.9740637837,0.9254633585,0.9061830773,0.2469119874,0.5951382116,0.7360272176,0.9777403973,0.7113809626,-0.2762533766,-0.4643056081,01f7cced51838a7efbaf46a25bdba9667943d07bf12dcbb5a12401e79df75023,f80b7e96bb98445cd0b507749f5a8a3a28bc96cd04f4e3e7c9af42deab8274ee,378777f46f09ad8d9c065cf6c4dd7a3e4d2c8cf9495d0bfc3a96d927f8e303b3
110262:H1,110262,60548,107189,disagree:laion_clap_vs_mert_generic,direct_disagreement,B,CANONICAL,1,True,,center5_v1,0.3669251598,0.821668022,b0fee4bc6fd340e4,0.9608817016,0.9614323007,8069b221c47dd7c0,0.7630103422,0.9463226891,0.009050035757,0.01213484033,0.8956505235,0.9463226891,1,1,0.6475039059,0.6301804982,0.9783579252,0.9301544221,0.7345628951,0.9245582177,0.1170782458,0.5557223383,0.2681467506,0.4710466063,-0.1306754968,0.6396640126,-0.0953101798,-0.0953101798,09172cb858e0c92ec4e5f5e5ad6872cd6209da8688c40f5208251eef190a7493,5467cccc583b98fd975132018f120a670d5d11bc40ef809b3a6ffbac142810cf,1e83819c238d0e63b942d62a8555f588bd95ecd9c8e80690daf6fb7415594900
110262:H2,110262,107181,60548,disagree:mert_5120_vs_mert_generic,direct_disagreement,A,CANONICAL,1,True,,center5_v1,0.6696691197,0.3669251598,b0fee4bc6fd340e4,0.9709473649,0.9608817016,8069b221c47dd7c0,0.7420484388,0.7630103422,0.008844949318,0.009050035757,0.8507847053,0.8956505235,1,1,0.6526345116,0.6475039059,0.9675881461,0.9783579252,0.8644895854,0.7345628951,0.3404615373,0.1170782458,0.4681472253,0.2681467506,0.7454953778,-0.1306754968,-0.0953101798,-0.0953101798,09172cb858e0c92ec4e5f5e5ad6872cd6209da8688c40f5208251eef190a7493,07f96829b0d91e6b5aec39de25921474b6889fc1c070a45f915e6bbde2ecc050,5467cccc583b98fd975132018f120a670d5d11bc40ef809b3a6ffbac142810cf
110262:H3,110262,147265,75418,competitive_rank2,competitive_rank2,B,CANONICAL,1,True,,center5_v1,0.5259185024,0.7817077774,b0fee4bc6fd340e4,0.9684593138,0.9391912156,8069b221c47dd7c0,0.9198007053,0.7141649267,0.01200158143,0.009345966165,0.9844420909,0.9559489628,1,1,0.6837299173,0.6582647991,0.9866915079,0.9675315182,0.8804336246,0.8562070005,0.6674864877,0.3090327192,-0.1601164296,0.2591645134,0.8029151078,0.7639622577,-0.3184537311,-0.0953101798,09172cb858e0c92ec4e5f5e5ad6872cd6209da8688c40f5208251eef190a7493,2eb1da59a40ab6432ab3544bb7f2d9596683800e23ba9d8129ca5f31c1e753b0,272b78e0e42c723e0e0aeff90b4058f41b5465b1141926dbdbf1a8b7b2aaf227
110262:H4,110262,147265,44949,competitive_rank2,competitive_rank2,Neither,CANONICAL,1,False,NEITHER,center5_v1,0.5259185024,0.4198540583,b0fee4bc6fd340e4,0.9684593138,0.9661099627,8069b221c47dd7c0,0.9198007053,0.8737829628,0.01200158143,0.009404649842,0.9844420909,0.8964417627,1,1,0.6837299173,0.633373168,0.9866915079,0.9708711734,0.8804336246,0.9308177723,0.6674864877,0.2652152787,-0.1601164296,0.243757276,0.8029151078,0.7731040427,-0.3184537311,-0.2411620568,09172cb858e0c92ec4e5f5e5ad6872cd6209da8688c40f5208251eef190a7493,2eb1da59a40ab6432ab3544bb7f2d9596683800e23ba9d8129ca5f31c1e753b0,0f0cdaf9869ab90de02f41851372cf9e331431ce8e6321803bb5c6e828a98ce4
110262:H5,110262,44949,110264,competitive_rank2,competitive_rank2,B,CANONICAL,1,True,,center5_v1,0.4198540583,0.6888354367,b0fee4bc6fd340e4,0.9661099627,0.951906059,8069b221c47dd7c0,0.8737829628,0.8585937139,0.009404649842,0.009464994814,0.8964417627,0.9002549234,1,1,0.633373168,0.6638420341,0.9708711734,0.9190236556,0.9308177723,0.8042438572,0.2652152787,0.4088939873,0.243757276,0.4710434931,0.7731040427,0.7727396957,-0.2411620568,-0.04652001563,09172cb858e0c92ec4e5f5e5ad6872cd6209da8688c40f5208251eef190a7493,0f0cdaf9869ab90de02f41851372cf9e331431ce8e6321803bb5c6e828a98ce4,9105f3cdb272549e8c91ce29277d078cfd2bd4931a1c16b49de984f2ac296640
110262:H6,110262,107189,103523,anchor_negative,anchor_negative,A,CANONICAL,1,False,,center5_v1,0.821668022,0.2140348725,b0fee4bc6fd340e4,0.9614323007,0.9385509138,8069b221c47dd7c0,0.9463226891,0.7047088581,0.01213484033,0.007912075774,0.9463226891,0.7896123717,1,1,0.6301804982,0.6538376055,0.9301544221,0.9860157678,0.9245582177,0.8354313114,0.5557223383,0.5093640401,0.4710466063,0.06095113173,0.6396640126,0.574129581,-0.0953101798,-0.1466034742,09172cb858e0c92ec4e5f5e5ad6872cd6209da8688c40f5208251eef190a7493,1e83819c238d0e63b942d62a8555f588bd95ecd9c8e80690daf6fb7415594900,60791967d467fdd05d5b6a23f4be0052131c5d1ac8916173ce87f9438215d39a
113167:H1,113167,146961,138406,disagree:laion_clap_vs_mert_5120,direct_disagreement,Tie,CANONICAL,1,False,TIE,center5_v1,0.8316568312,0.8560274428,b0fee4bc6fd340e4,0.9738604306,0.956942011,8069b221c47dd7c0,0.8035594493,0.6817522128,0.009442091038,0.00785119335,0.9027104937,0.9230568612,1,1,0.6241134203,0.6327899162,0.9554169616,0.9749713095,0.9736468377,0.9321160227,0.7006313446,0.448766518,0.5267166778,0.530693556,0.6345467481,0.8293527812,-0.1226023221,-0.3302416869,a74b51c1ad0b223e0d310eb98b094fb04e6c54bf22a543afda27858beb643794,88a40e787484239111d72637a3ca788520aa673dd49d986dc0abb2c1aa0f2f5e,37917eeb408ded3ac8fb0f45b3d083cd0aa543cbfee4897d2536d7849626037c
113167:H2,113167,50956,138406,disagree:laion_clap_vs_mert_generic,direct_disagreement,B,CANONICAL,1,True,,center5_v1,0.4350714163,0.8560274428,b0fee4bc6fd340e4,0.9687579717,0.956942011,8069b221c47dd7c0,0.9244533205,0.6817522128,0.01273488797,0.00785119335,0.9244533205,0.9230568612,1,1,0.6266020968,0.6327899162,0.9697591661,0.9749713095,0.9751685972,0.9321160227,0.6644826868,0.448766518,0.4923191097,0.530693556,-0.4155818384,0.8293527812,-0.1967102942,-0.3302416869,a74b51c1ad0b223e0d310eb98b094fb04e6c54bf22a543afda27858beb643794,d37175a26d64eafdff62f1ffaea2bd086f9d005cac105e42373bd247e4061323,37917eeb408ded3ac8fb0f45b3d083cd0aa543cbfee4897d2536d7849626037c
113167:H3,113167,57640,138406,disagree:laion_clap_vs_muq_mulan_large,direct_disagreement,B,CANONICAL,1,True,,center5_v1,0.596859426,0.8560274428,b0fee4bc6fd340e4,0.9499514875,0.956942011,8069b221c47dd7c0,0.7540363791,0.6817522128,0.009647809968,0.00785119335,0.8969537418,0.9230568612,0.9910490492,1,0.6286947944,0.6327899162,0.91110008,0.9749713095,0.9250137976,0.9321160227,0.4582024062,0.448766518,0.6653381852,0.530693556,0.6325394797,0.8293527812,-0.1226023221,-0.3302416869,a74b51c1ad0b223e0d310eb98b094fb04e6c54bf22a543afda27858beb643794,832cff11c669ae3d355c99c92d4d99f3e0ef88052c078a68e67ca6725efbe1ee,37917eeb408ded3ac8fb0f45b3d083cd0aa543cbfee4897d2536d7849626037c
113167:H4,113167,50956,146961,disagree:mert_5120_vs_mert_generic,direct_disagreement,B,CANONICAL,1,True,,center5_v1,0.4350714163,0.8316568312,b0fee4bc6fd340e4,0.9687579717,0.9738604306,8069b221c47dd7c0,0.9244533205,0.8035594493,0.01273488797,0.009442091038,0.9244533205,0.9027104937,1,1,0.6266020968,0.6241134203,0.9697591661,0.9554169616,0.9751685972,0.9736468377,0.6644826868,0.7006313446,0.4923191097,0.5267166778,-0.4155818384,0.6345467481,-0.1967102942,-0.1226023221,a74b51c1ad0b223e0d310eb98b094fb04e6c54bf22a543afda27858beb643794,d37175a26d64eafdff62f1ffaea2bd086f9d005cac105e42373bd247e4061323,88a40e787484239111d72637a3ca788520aa673dd49d986dc0abb2c1aa0f2f5e
113167:H5,113167,146961,57640,disagree:mert_5120_vs_muq_mulan_large,direct_disagreement,A,CANONICAL,1,True,,center5_v1,0.8316568312,0.596859426,b0fee4bc6fd340e4,0.9738604306,0.9499514875,8069b221c47dd7c0,0.8035594493,0.7540363791,0.009442091038,0.009647809968,0.9027104937,0.8969537418,1,0.9910490492,0.6241134203,0.6286947944,0.9554169616,0.91110008,0.9736468377,0.9250137976,0.7006313446,0.4582024062,0.5267166778,0.6653381852,0.6345467481,0.6325394797,-0.1226023221,-0.1226023221,a74b51c1ad0b223e0d310eb98b094fb04e6c54bf22a543afda27858beb643794,88a40e787484239111d72637a3ca788520aa673dd49d986dc0abb2c1aa0f2f5e,832cff11c669ae3d355c99c92d4d99f3e0ef88052c078a68e67ca6725efbe1ee
113167:H6,113167,50956,57640,disagree:mert_generic_vs_muq_mulan_large,direct_disagreement,Neither,CANONICAL,1,False,NEITHER,center5_v1,0.4350714163,0.596859426,b0fee4bc6fd340e4,0.9687579717,0.9499514875,8069b221c47dd7c0,0.9244533205,0.7540363791,0.01273488797,0.009647809968,0.9244533205,0.8969537418,1,0.9910490492,0.6266020968,0.6286947944,0.9697591661,0.91110008,0.9751685972,0.9250137976,0.6644826868,0.4582024062,0.4923191097,0.6653381852,-0.4155818384,0.6325394797,-0.1967102942,-0.1226023221,a74b51c1ad0b223e0d310eb98b094fb04e6c54bf22a543afda27858beb643794,d37175a26d64eafdff62f1ffaea2bd086f9d005cac105e42373bd247e4061323,832cff11c669ae3d355c99c92d4d99f3e0ef88052c078a68e67ca6725efbe1ee
113167:H7,113167,125183,97211,competitive_rank2,competitive_rank2,A,CANONICAL,1,True,,center5_v1,0.8452968288,0.6452394641,b0fee4bc6fd340e4,0.9524142759,0.9732654981,8069b221c47dd7c0,0.7769193918,0.8582032085,0.009935754324,0.01279879719,0.9224130934,0.8582032085,1,1,0.6460464082,0.6207097281,0.9714288192,0.9428404863,0.9448144993,0.982986879,0.5622855221,0.8705344705,0.4495237991,0.4112676925,0.7619654619,0.8906339058,-0.1910552368,-0.2657031657,a74b51c1ad0b223e0d310eb98b094fb04e6c54bf22a543afda27858beb643794,ece6a0a9e5454af50f14eacfa6490f6a83118d521fd7914f00902f788486eda9,fd79cad865ab16139b6f78859ad9cb1ecb441cf96242f9f2279367b08b9a401d
113167:H8,113167,46736,97211,competitive_rank2,competitive_rank2,B,CANONICAL,1,True,,center5_v1,0.6354924401,0.6452394641,b0fee4bc6fd340e4,0.9676895794,0.9732654981,8069b221c47dd7c0,0.6245513273,0.8582032085,0.008192410919,0.01279879719,0.9234695173,0.8582032085,0.9980178375,1,0.6224913619,0.6207097281,0.9365538228,0.9428404863,0.9678156596,0.982986879,0.7151474818,0.8705344705,0.7408124023,0.4112676925,0.4543804843,0.8906339058,-0.04445176257,-0.2657031657,a74b51c1ad0b223e0d310eb98b094fb04e6c54bf22a543afda27858beb643794,603537c21aa29511e324ef89c9f5a9af66a8763f5d8b0bae3b918e73124e830a,fd79cad865ab16139b6f78859ad9cb1ecb441cf96242f9f2279367b08b9a401d
114223:H1,114223,115293,114222,competitive_rank2,competitive_rank2,A,CANONICAL,1,True,,center5_v1,0.9419531816,0.8995123976,b0fee4bc6fd340e4,0.9676452536,0.9704482315,8069b221c47dd7c0,0.9032753504,0.818135034,0.01141136145,0.01027663043,0.9032753504,0.8606085286,0.9755600815,0.9767095945,0.6340893729,0.6290806002,0.9184560424,0.9150823962,0.9725044963,0.9781049943,0.7701267949,0.539117224,0.8101052722,0.7522340514,0.9816711001,0.9551717423,-0.1823215568,-0.2876820725,98d5578c2f515cbf6a4ec8ecd9b43bfe517308ae5cba1ee0b761c88331f00111,fd05a03e15d398e8bb6dfb5b7c975841fac09433d8ed0ce0aa09c583e0db4b42,3fac00452ec119828d92bbd6b64b75268350466eaa08e1a1bb3ea0031c7329e3
114223:H2,114223,114222,138319,competitive_rank2,competitive_rank2,Tie,CANONICAL,1,False,TIE,center5_v1,0.8995123976,0.5815634904,b0fee4bc6fd340e4,0.9704482315,0.9680942063,8069b221c47dd7c0,0.818135034,0.8412141774,0.01027663043,0.01117799247,0.8606085286,0.8887750848,0.9767095945,0.9860411897,0.6290806002,0.6284901319,0.9150823962,0.9042557198,0.9781049943,0.9681980735,0.539117224,0.5677400651,0.7522340514,0.7239250336,0.9551717423,0.7573321515,-0.2876820725,-0.04082199452,98d5578c2f515cbf6a4ec8ecd9b43bfe517308ae5cba1ee0b761c88331f00111,3fac00452ec119828d92bbd6b64b75268350466eaa08e1a1bb3ea0031c7329e3,5d91a8f30c32b8105423d37175606c33f986e02bd4d9650d07ac5c54a4574127
115700:H1,115700,54942,7548,competitive_rank2,competitive_rank2,Neither,CANONICAL,1,False,NEITHER,center5_v1,0.3206533605,0.4679478082,b0fee4bc6fd340e4,0.9616176432,0.9699818941,8069b221c47dd7c0,0.9881201848,0.9859516705,0.01900717043,0.02413626629,0.9917520553,0.9903226628,1,1,0.7830550689,0.8201840807,0.9994995357,0.9986830872,0.723194553,0.6320608138,0.7031250761,0.7853580904,0.7407201532,0.8751409983,0.1676372655,0.7423018552,-0.2578291093,-0,46d7db30c911eb2dfd9f6340662d3e7f06a81fa32b187024d7f24d346da1c0ec,16293820d990d12556c1c3849d65eea92b0996f081c80b4a73c510f5395885e3,f8cb48d9ec544ec6e939e8c15cea8d9064c836ea5346e5871862b53c75dc139f
11790:H1,11790,140620,56686,competitive_rank2,competitive_rank2,A,CANONICAL,1,True,,center5_v1,0.5620350551,0.7857742797,b0fee4bc6fd340e4,0.9667814904,0.9396943222,8069b221c47dd7c0,0.9478499603,0.6397289303,0.02217433311,0.009419385382,0.9478499603,0.7425371827,0.9554429795,0.9980178375,0.6079874469,0.6199299614,0.8420109973,0.8215676154,0.9490844248,0.9405876839,0.7976768475,0.5486948916,0.580197123,0.2950961091,0.8052440487,0.8048236903,-0.03390155168,-0.5679840376,e67a0245e255c9cf790d32457dbdf969d3c1b06b9b81481e8891b94c17c6eed6,aa9b64980db145ff2908e17768f667c0381a4e885a6d756ea0edc9e98ed9efa1,de586c123bebee153e29ddcf3836e1fd5feefd5adc592090ef91be79421ebf2a
120770:H1,120770,133027,40844,disagree:laion_clap_vs_mert_5120,direct_disagreement,A,CANONICAL,1,True,,center5_v1,0.8648618654,0.7695254909,b0fee4bc6fd340e4,0.9651255494,0.9827270617,8069b221c47dd7c0,0.8749746026,0.8582680033,0.01356879802,0.01331509918,0.9526852216,0.967213729,1,1,0.6705296329,0.6523873055,0.994998892,0.9451821707,0.9701360907,0.9788855652,0.6587516787,0.5847052413,0.703840312,0.5404534409,0.598595781,0.851211219,-0,-0.2113090937,1a225c62951e1ae1e6f3e111a3259e976cbe1fa30e6c345f27f159668ce0130b,c7c98548fc5824ddf629f23c8c227586fbf3c6b24962e6d54a9d8d631115e434,c36384ff5f88ebca9dbceeca53e0dbfca4bba9e9d78ab29302e2d6bfa2a29a5a
120770:H2,120770,126406,133027,disagree:laion_clap_vs_mert_generic,direct_disagreement,B,CANONICAL,1,True,,center5_v1,0.4333101113,0.8648618654,b0fee4bc6fd340e4,0.9794291957,0.9651255494,8069b221c47dd7c0,0.9746560827,0.8749746026,0.0179678314,0.01356879802,0.9746560827,0.9526852216,1,1,0.6633231163,0.6705296329,0.9892199608,0.994998892,0.914943526,0.9701360907,0.4221844995,0.6587516787,0.6694627733,0.703840312,0.1384676342,0.598595781,-0,-0,1a225c62951e1ae1e6f3e111a3259e976cbe1fa30e6c345f27f159668ce0130b,173057d036b1186667fbad9779a1d52132046336c6e9dca010d7e287d90b08e2,c7c98548fc5824ddf629f23c8c227586fbf3c6b24962e6d54a9d8d631115e434
120770:H3,120770,133027,139937,disagree:laion_clap_vs_muq_mulan_large,direct_disagreement,A,CANONICAL,1,True,,center5_v1,0.8648618654,0.8430623546,b0fee4bc6fd340e4,0.9651255494,0.9688547458,8069b221c47dd7c0,0.8749746026,0.8494706407,0.01356879802,0.01240919492,0.9526852216,0.9228565581,1,0.9980178375,0.6705296329,0.6356391224,0.994998892,0.9753483457,0.9701360907,0.9081381386,0.6587516787,0.6441370953,0.703840312,0.6633666118,0.598595781,0.7783286075,-0,-0.1743533871,1a225c62951e1ae1e6f3e111a3259e976cbe1fa30e6c345f27f159668ce0130b,c7c98548fc5824ddf629f23c8c227586fbf3c6b24962e6d54a9d8d631115e434,05dffed3f295167bfe6fae28f036c826bb857d492f0288e98d5144d4bbdb8e86
120770:H4,120770,126406,40844,disagree:mert_5120_vs_mert_generic,direct_disagreement,B,CANONICAL,1,True,,center5_v1,0.4333101113,0.7695254909,b0fee4bc6fd340e4,0.9794291957,0.9827270617,8069b221c47dd7c0,0.9746560827,0.8582680033,0.0179678314,0.01331509918,0.9746560827,0.967213729,1,1,0.6633231163,0.6523873055,0.9892199608,0.9451821707,0.914943526,0.9788855652,0.4221844995,0.5847052413,0.6694627733,0.5404534409,0.1384676342,0.851211219,-0,-0.2113090937,1a225c62951e1ae1e6f3e111a3259e976cbe1fa30e6c345f27f159668ce0130b,173057d036b1186667fbad9779a1d52132046336c6e9dca010d7e287d90b08e2,c36384ff5f88ebca9dbceeca53e0dbfca4bba9e9d78ab29302e2d6bfa2a29a5a
120770:H5,120770,40844,139937,disagree:mert_5120_vs_muq_mulan_large,direct_disagreement,Tie,CANONICAL,1,False,TIE,center5_v1,0.7695254909,0.8430623546,b0fee4bc6fd340e4,0.9827270617,0.9688547458,8069b221c47dd7c0,0.8582680033,0.8494706407,0.01331509918,0.01240919492,0.967213729,0.9228565581,1,0.9980178375,0.6523873055,0.6356391224,0.9451821707,0.9753483457,0.9788855652,0.9081381386,0.5847052413,0.6441370953,0.5404534409,0.6633666118,0.851211219,0.7783286075,-0.2113090937,-0.1743533871,1a225c62951e1ae1e6f3e111a3259e976cbe1fa30e6c345f27f159668ce0130b,c36384ff5f88ebca9dbceeca53e0dbfca4bba9e9d78ab29302e2d6bfa2a29a5a,05dffed3f295167bfe6fae28f036c826bb857d492f0288e98d5144d4bbdb8e86
120770:H6,120770,139937,126406,disagree:mert_generic_vs_muq_mulan_large,direct_disagreement,A,CANONICAL,1,True,,center5_v1,0.8430623546,0.4333101113,b0fee4bc6fd340e4,0.9688547458,0.9794291957,8069b221c47dd7c0,0.8494706407,0.9746560827,0.01240919492,0.0179678314,0.9228565581,0.9746560827,0.9980178375,1,0.6356391224,0.6633231163,0.9753483457,0.9892199608,0.9081381386,0.914943526,0.6441370953,0.4221844995,0.6633666118,0.6694627733,0.7783286075,0.1384676342,-0.1743533871,-0,1a225c62951e1ae1e6f3e111a3259e976cbe1fa30e6c345f27f159668ce0130b,05dffed3f295167bfe6fae28f036c826bb857d492f0288e98d5144d4bbdb8e86,173057d036b1186667fbad9779a1d52132046336c6e9dca010d7e287d90b08e2
120770:H7,120770,40851,115592,competitive_rank2,competitive_rank2,Neither,CANONICAL,1,False,NEITHER,center5_v1,0.6970182946,0.8439161364,b0fee4bc6fd340e4,0.9798932077,0.9286095559,8069b221c47dd7c0,0.9396698302,0.8790345895,0.01922883607,0.01143967095,0.9396698302,0.9343235631,1,1,0.6748885324,0.6475967318,0.9254222844,0.9945808926,0.8736700798,0.7922312833,0.5079964366,0.3600562764,0.7066245568,0.5010816843,0.6098876725,0.3557695557,-0.09097177821,-0.04879016417,1a225c62951e1ae1e6f3e111a3259e976cbe1fa30e6c345f27f159668ce0130b,cdf9389f0ff448d5661b18630f2466475c5c02ac94dddd5fde81b8bcbeb99cab,02d46faabb9cade824ccb86d82fc0492f22a2d26d9da745b904432638a1ba174
120770:H8,120770,40844,40851,competitive_rank2,competitive_rank2,A,CANONICAL,1,True,,center5_v1,0.7695254909,0.6970182946,b0fee4bc6fd340e4,0.9827270617,0.9798932077,8069b221c47dd7c0,0.8582680033,0.9396698302,0.01331509918,0.01922883607,0.967213729,0.9396698302,1,1,0.6523873055,0.6748885324,0.9451821707,0.9254222844,0.9788855652,0.8736700798,0.5847052413,0.5079964366,0.5404534409,0.7066245568,0.851211219,0.6098876725,-0.2113090937,-0.09097177821,1a225c62951e1ae1e6f3e111a3259e976cbe1fa30e6c345f27f159668ce0130b,c36384ff5f88ebca9dbceeca53e0dbfca4bba9e9d78ab29302e2d6bfa2a29a5a,cdf9389f0ff448d5661b18630f2466475c5c02ac94dddd5fde81b8bcbeb99cab
124913:H1,124913,122456,69205,disagree:laion_clap_vs_mert_5120,direct_disagreement,Tie,CANONICAL,1,False,TIE,center5_v1,0.8692326459,0.779289807,b0fee4bc6fd340e4,0.9777991989,0.9796945146,8069b221c47dd7c0,0.9191683746,0.849282489,0.01659721106,0.01308366565,0.9750521559,0.9058118277,0.9693897738,0.9735792468,0.6219459767,0.6220737105,0.8270064075,0.951768831,0.949506006,0.991435841,0.7278260615,0.5420251419,0.5734411221,0.312871272,0.8023982179,0.8250925265,-0.04445176257,-0,d107b88fe6df88e83c81d0bc4b7ae6a169d4a3f9df6186a14ae046cdcea250f4,f32058ea803f965107ebafd587a553c350f8ad46940d0dd854d88a137945ec62,496e077a5eea15e41ed3d95d660a2fda9b1353df1eff3e26b685be538a01b19c
124913:H2,124913,122456,142552,disagree:laion_clap_vs_mert_generic,direct_disagreement,A,CANONICAL,1,True,,center5_v1,0.8692326459,0.5688879376,b0fee4bc6fd340e4,0.9777991989,0.970657916,8069b221c47dd7c0,0.9191683746,0.9523025053,0.01659721106,0.01658211778,0.9750521559,0.9523025053,0.9693897738,0.9860411897,0.6219459767,0.6613360495,0.8270064075,0.9745374638,0.949506006,0.9474696335,0.7278260615,0.7366832887,0.5734411221,0.6321025206,0.8023982179,0.2585304145,-0.04445176257,-0,d107b88fe6df88e83c81d0bc4b7ae6a169d4a3f9df6186a14ae046cdcea250f4,f32058ea803f965107ebafd587a553c350f8ad46940d0dd854d88a137945ec62,cc8e6747e104d99b877e4c4ee92ef9a9c9dbcf11b7f1a397862dbade0bc34da8
124913:H3,124913,69205,142552,disagree:mert_5120_vs_mert_generic,direct_disagreement,A,CANONICAL,1,True,,center5_v1,0.779289807,0.5688879376,b0fee4bc6fd340e4,0.9796945146,0.970657916,8069b221c47dd7c0,0.849282489,0.9523025053,0.01308366565,0.01658211778,0.9058118277,0.9523025053,0.9735792468,0.9860411897,0.6220737105,0.6613360495,0.951768831,0.9745374638,0.991435841,0.9474696335,0.5420251419,0.7366832887,0.312871272,0.6321025206,0.8250925265,0.2585304145,-0,-0,d107b88fe6df88e83c81d0bc4b7ae6a169d4a3f9df6186a14ae046cdcea250f4,496e077a5eea15e41ed3d95d660a2fda9b1353df1eff3e26b685be538a01b19c,cc8e6747e104d99b877e4c4ee92ef9a9c9dbcf11b7f1a397862dbade0bc34da8
124913:H4,124913,44948,122456,anchor_negative,anchor_negative,B,CANONICAL,1,False,,center5_v1,0.2612355105,0.8692326459,b0fee4bc6fd340e4,0.9418867964,0.9777991989,8069b221c47dd7c0,0.840570052,0.9191683746,0.01082531929,0.01659721106,0.8759205082,0.9750521559,0.9839751272,0.9693897738,0.6190277843,0.6219459767,0.9455321202,0.8270064075,0.9228692599,0.949506006,0.1749180384,0.7278260615,0.2291289417,0.5734411221,0.1146291763,0.8023982179,-0,-0.04445176257,d107b88fe6df88e83c81d0bc4b7ae6a169d4a3f9df6186a14ae046cdcea250f4,91293107f70b66eedd86dfcc72ee76878d7f3f286c10501733a349fca9dd0100,f32058ea803f965107ebafd587a553c350f8ad46940d0dd854d88a137945ec62
125193:H1,125193,126674,11677,disagree:mert_5120_vs_mert_generic,direct_disagreement,A,CANONICAL,1,True,,center5_v1,0.8174646658,0.5601169207,b0fee4bc6fd340e4,0.9800404017,0.9741472356,8069b221c47dd7c0,0.7720394766,0.7951403653,0.009961693175,0.009125752752,0.8679107608,0.868117368,0.9980178375,0.9980178375,0.6406015659,0.6424663282,0.9643404583,0.9704526154,0.9829236932,0.9610682144,0.6446275485,0.7844310938,0.4729541444,0.4725918119,0.9136131107,0.7941971783,-0.3629054937,-0.2984929886,caf1842fd1a103d9d7c30f6bbf1e5729aa024b1f208a705ecd4ecbc665364173,9798830acf0e45d6d572d96c7aee331dd6cfb177580d6d7264a8675e666bf4fb,8e066f2ab53b0ab1aff79688439b13fd94b6c9660f190fdd191d75fe8736637d
125814:H1,125814,126520,114238,competitive_rank2,competitive_rank2,B,CANONICAL,1,True,,center5_v1,0.572373795,0.9016059946,b0fee4bc6fd340e4,0.9764378956,0.9715128592,8069b221c47dd7c0,0.6489005928,0.3810328897,0.007821582622,0.006876619829,0.8726938746,0.9568492458,0.9559052619,0.9798059774,0.5983006725,0.6131448793,0.78898653,0.7676206726,0.9942582462,0.9787103577,0.4352891868,0.6191759327,0.6317216107,0.7164353854,0.6240109585,0.645087432,-0.4964368863,-0.1397619424,a72b5eff3a1863211b902b82ae73b7409245e37a22c6fb614235042bff1464a7,7b48692687111e8e247427612ab558128366ddb9d7f47836c33584c7888a65a2,e80ca3e0a2c2a9747cc4658341ebf80f609b68c0312122b3ffdc11170c2b1316
125814:H2,125814,126520,126717,competitive_rank2,competitive_rank2,B,CANONICAL,1,True,,center5_v1,0.572373795,0.8432493763,b0fee4bc6fd340e4,0.9764378956,0.9829599863,8069b221c47dd7c0,0.6489005928,0.6340763674,0.007821582622,0.007666162957,0.8726938746,0.8866640365,0.9559052619,0.9879838875,0.5983006725,0.6138522912,0.78898653,0.7800770088,0.9942582462,0.9922618343,0.4352891868,0.4445329811,0.6317216107,0.8750753791,0.6240109585,0.9249343045,-0.4964368863,-0.09097177821,a72b5eff3a1863211b902b82ae73b7409245e37a22c6fb614235042bff1464a7,7b48692687111e8e247427612ab558128366ddb9d7f47836c33584c7888a65a2,c7bfe575dc2a9fff45d2485954e73a2fc8848b75dc2eb65fb40062f1321c12ca
131410:H1,131410,18607,90592,disagree:laion_clap_vs_mert_5120,direct_disagreement,Tie,CANONICAL,1,False,TIE,center5_v1,0.6831737717,0.8004411254,b0fee4bc6fd340e4,0.9550426261,0.8737745775,8069b221c47dd7c0,0.7927448134,0.8115844114,0.00952474717,0.01036149366,0.84197304,0.8186710069,1,1,0.6975042851,0.7738288252,0.9949529944,0.9993101766,0.9702910623,0.7942170354,0.3639319235,0.5874280454,0.7042350506,0.7296864654,0.7950054025,0.7578297012,-0.1397619424,-0.04445176257,2b70fe6b8ec58d34c3dff5d590cd244fa1f999632555d2eb6a41d372bd63e828,2f5c0a359df5680b8cba5b69bec7b72a48b65f1f0c0a827f0cb36ddb3d514300,787563c4cd12755277487eaf42554d6299d796093d259b7ec65366646f1d31c7
131410:H2,131410,90592,134586,disagree:laion_clap_vs_mert_generic,direct_disagreement,Tie,CANONICAL,1,False,TIE,center5_v1,0.8004411254,0.6813013532,b0fee4bc6fd340e4,0.8737745775,0.9537001121,8069b221c47dd7c0,0.8115844114,0.8117839216,0.01036149366,0.01094472933,0.8186710069,0.8117839216,1,1,0.7738288252,0.7056787544,0.9993101766,0.9990926269,0.7942170354,0.9677635099,0.5874280454,0.5371190159,0.7296864654,0.8659833476,0.7578297012,0.582786478,-0.04445176257,-0.04255961442,2b70fe6b8ec58d34c3dff5d590cd244fa1f999632555d2eb6a41d372bd63e828,787563c4cd12755277487eaf42554d6299d796093d259b7ec65366646f1d31c7,02ad3f8b6a694b39e866edbe348e17db787466ff0a5df32aae9ef2044c4fe1b0
131410:H3,131410,134586,18607,disagree:mert_5120_vs_mert_generic,direct_disagreement,A,CANONICAL,1,True,,center5_v1,0.6813013532,0.6831737717,b0fee4bc6fd340e4,0.9537001121,0.9550426261,8069b221c47dd7c0,0.8117839216,0.7927448134,0.01094472933,0.00952474717,0.8117839216,0.84197304,1,1,0.7056787544,0.6975042851,0.9990926269,0.9949529944,0.9677635099,0.9702910623,0.5371190159,0.3639319235,0.8659833476,0.7042350506,0.582786478,0.7950054025,-0.04255961442,-0.1397619424,2b70fe6b8ec58d34c3dff5d590cd244fa1f999632555d2eb6a41d372bd63e828,02ad3f8b6a694b39e866edbe348e17db787466ff0a5df32aae9ef2044c4fe1b0,2f5c0a359df5680b8cba5b69bec7b72a48b65f1f0c0a827f0cb36ddb3d514300
131410:H4,131410,145475,116514,competitive_rank2,competitive_rank2,B,CANONICAL,1,True,,center5_v1,0.5338932548,0.7724687896,b0fee4bc6fd340e4,0.9540748456,0.9372226871,8069b221c47dd7c0,0.6270656112,0.7339334654,0.008748802651,0.009645355943,0.9413823101,0.9083217875,0.9980178375,1,0.7063628466,0.7391014339,0.9943455054,0.9973347237,0.9608168697,0.9801466159,0.4338284059,0.196561837,0.8137329158,0.5836311772,0.8695643087,0.7924539118,-0.08338160894,-0.1603426501,2b70fe6b8ec58d34c3dff5d590cd244fa1f999632555d2eb6a41d372bd63e828,9fc14f071b57b63b4e1e1c1fc2407872946cdedb285eb6f56505c8adc64e6ec1,9547c3c7787f75b8b961ab477e12b750d44f1812c617bd5e35c13466b2a5ab06
131410:H5,131410,145475,126405,competitive_rank2,competitive_rank2,A,CANONICAL,1,True,,center5_v1,0.5338932548,0.2291297095,b0fee4bc6fd340e4,0.9540748456,0.9484422615,8069b221c47dd7c0,0.6270656112,0.7583202943,0.008748802651,0.01030593939,0.9413823101,0.8367980332,0.9980178375,1,0.7063628466,0.7017662682,0.9943455054,0.9938254387,0.9608168697,0.8863658606,0.4338284059,0.4138039138,0.8137329158,0.5300587854,0.8695643087,-0.245091003,-0.08338160894,-0.1226023221,2b70fe6b8ec58d34c3dff5d590cd244fa1f999632555d2eb6a41d372bd63e828,9fc14f071b57b63b4e1e1c1fc2407872946cdedb285eb6f56505c8adc64e6ec1,4fb1397b7fb56ec0cad7b5483626405301640c30ab037677554498edc2b1d12c
131410:H6,131410,65488,90592,anchor_negative,anchor_negative,Neither,CANONICAL,1,False,NEITHER,center5_v1,0.5613641743,0.8004411254,b0fee4bc6fd340e4,0.8308566536,0.8737745775,8069b221c47dd7c0,0.4629488471,0.8115844114,0.007446773741,0.01036149366,0.8859143304,0.8186710069,1,1,0.6813048747,0.7738288252,0.9727301446,0.9993101766,0.8747188037,0.7942170354,-0.0112075765,0.5874280454,0.4126797817,0.7296864654,-0.2697086728,0.7578297012,-0.08338160894,-0.04445176257,2b70fe6b8ec58d34c3dff5d590cd244fa1f999632555d2eb6a41d372bd63e828,465225dcab1f0abeb38496113c994286208289bdea5d151afedc5fd8890ff062,787563c4cd12755277487eaf42554d6299d796093d259b7ec65366646f1d31c7
134823:H1,134823,144214,86416,disagree:laion_clap_vs_mert_5120,direct_disagreement,B,CANONICAL,1,True,,center5_v1,0.9156189814,0.7449976412,b0fee4bc6fd340e4,0.9505996272,0.9828138539,8069b221c47dd7c0,0.9608910177,0.9314273304,0.01748444053,0.0141801935,0.9608910177,0.9314273304,0.9910490492,0.994041655,0.6213587861,0.6144855044,0.7622197925,0.6942544697,0.9464768027,0.9699972065,0.5871062398,0.8001803719,0.6834868659,0.4790500824,0.5059143471,0.8848178525,-0.06899287149,-0.07410797215,89d14a641f5410d327e3da607ca4de273dafe4cf142d853e0b340a3745684679,9edaca2f8098300b1c1fe8ff76a3dad350837168973cbb0288193391fb685b07,8126a1b4d4be4e34ad60d2f4df7be0e79113f8bffe5de396a8627104ef41f2c7
134823:H2,134823,133973,144214,anchor_negative,anchor_negative,B,CANONICAL,1,False,,center5_v1,0.5008686477,0.9156189814,b0fee4bc6fd340e4,0.8975679735,0.9505996272,8069b221c47dd7c0,0.7313067448,0.9608910177,0.01020614821,0.01748444053,0.8490212315,0.9608910177,1,0.9910490492,0.657598558,0.6213587861,0.851474648,0.7622197925,0.8360896909,0.9464768027,0.4674993371,0.5871062398,-0.1583526666,0.6834868659,-0.3568160004,0.5059143471,-0.2876820725,-0.06899287149,89d14a641f5410d327e3da607ca4de273dafe4cf142d853e0b340a3745684679,bd64ff242c72eae9aa5c41d1ae314a3ce3506e73c0b39452b22d75ae986a5a2a,9edaca2f8098300b1c1fe8ff76a3dad350837168973cbb0288193391fb685b07
143098:H1,143098,115927,49817,anchor_negative,anchor_negative,B,CANONICAL,1,False,,center5_v1,0.2409547637,0.8856405261,b0fee4bc6fd340e4,0.9377897194,0.9700620609,8069b221c47dd7c0,0.7599150187,0.9622771832,0.009482166285,0.01388354567,0.9002092199,0.9622771832,1,1,0.6435673325,0.7023737432,0.9864778158,0.9936455067,0.9051925839,0.9753770366,0.5518854739,0.698809763,0.7419404361,0.50964237,0.03339369373,0.7423096876,-0.245122458,-0.2006706955,4f54c45cfd8d4aa65041298aed1770b2b3af415940f8ec772df74a3868a07497,d5c5d7e92310d5fd53fbde35c86af8b5ecfb59e784fcf8e5f359c3204b45f958,0533a978d7872931c15274049755391e16bf8c77c888b37c733d5e857c1e8e26
149712:H1,149712,71622,20376,disagree:laion_clap_vs_mert_5120,direct_disagreement,A,CANONICAL,1,True,,center5_v1,0.8279316146,0.5638009304,b0fee4bc6fd340e4,0.9517543249,0.9740057713,8069b221c47dd7c0,0.8215331383,0.8567238599,0.009851268987,0.01065320851,0.9875519601,0.9392459777,0.9980178375,1,0.6658305231,0.6665060377,0.9863988285,0.9908375825,0.8349232041,0.9609568833,0.4581749745,0.168934077,0.4097507382,0.6785025085,0.8322483771,0.7841906155,-0.04255961442,-0.1226023221,01ad045689d4c820f250761fa7a10c44736208f3e0a6a0f4e03c2348a025044d,fa7deebe64ffae05f1ba01dd6bfd18190f2e7b63e494859f7ab5b80360e173ca,e21e1e91f48aaa3330cffb47b74f14b6147db109bd3a1d345f0ce5e915a6211e
149712:H2,149712,71622,60537,disagree:laion_clap_vs_mert_generic,direct_disagreement,A,CANONICAL,1,True,,center5_v1,0.8279316146,0.4658861671,b0fee4bc6fd340e4,0.9517543249,0.9707090799,8069b221c47dd7c0,0.8215331383,0.9497025669,0.009851268987,0.01276706418,0.9875519601,0.9497025669,0.9980178375,0.9980178375,0.6658305231,0.6644619872,0.9863988285,0.9689497909,0.8349232041,0.9642169276,0.4581749745,0.5153242387,0.4097507382,0.449558121,0.8322483771,0.9440533807,-0.04255961442,-0.04255961442,01ad045689d4c820f250761fa7a10c44736208f3e0a6a0f4e03c2348a025044d,fa7deebe64ffae05f1ba01dd6bfd18190f2e7b63e494859f7ab5b80360e173ca,891b7943bc225f628f353c921b4d4f45d514ad49a4489c4e353189cefa018fdf
149712:H3,149712,71622,131984,disagree:laion_clap_vs_muq_mulan_large,direct_disagreement,Tie,CANONICAL,1,False,TIE,center5_v1,0.8279316146,0.4709393755,b0fee4bc6fd340e4,0.9517543249,0.939024662,8069b221c47dd7c0,0.8215331383,0.6800770598,0.009851268987,0.008212206504,0.9875519601,0.8527711237,0.9980178375,1,0.6658305231,0.6582489673,0.9863988285,0.9963913973,0.8349232041,0.8655678624,0.4581749745,0.4726983445,0.4097507382,0.3864657169,0.8322483771,0.7140648769,-0.04255961442,-0.3302416869,01ad045689d4c820f250761fa7a10c44736208f3e0a6a0f4e03c2348a025044d,fa7deebe64ffae05f1ba01dd6bfd18190f2e7b63e494859f7ab5b80360e173ca,c21eb1446b74e53f052e41f01dc9e24d732b8b4ad7131ad6c468b0030f3c8245
149712:H4,149712,20376,60537,disagree:mert_5120_vs_mert_generic,direct_disagreement,A,CANONICAL,1,True,,center5_v1,0.5638009304,0.4658861671,b0fee4bc6fd340e4,0.9740057713,0.9707090799,8069b221c47dd7c0,0.8567238599,0.9497025669,0.01065320851,0.01276706418,0.9392459777,0.9497025669,1,0.9980178375,0.6665060377,0.6644619872,0.9908375825,0.9689497909,0.9609568833,0.9642169276,0.168934077,0.5153242387,0.6785025085,0.449558121,0.7841906155,0.9440533807,-0.1226023221,-0.04255961442,01ad045689d4c820f250761fa7a10c44736208f3e0a6a0f4e03c2348a025044d,e21e1e91f48aaa3330cffb47b74f14b6147db109bd3a1d345f0ce5e915a6211e,891b7943bc225f628f353c921b4d4f45d514ad49a4489c4e353189cefa018fdf
149712:H5,149712,131984,20376,disagree:mert_5120_vs_muq_mulan_large,direct_disagreement,Tie,CANONICAL,1,False,TIE,center5_v1,0.4709393755,0.5638009304,b0fee4bc6fd340e4,0.939024662,0.9740057713,8069b221c47dd7c0,0.6800770598,0.8567238599,0.008212206504,0.01065320851,0.8527711237,0.9392459777,1,1,0.6582489673,0.6665060377,0.9963913973,0.9908375825,0.8655678624,0.9609568833,0.4726983445,0.168934077,0.3864657169,0.6785025085,0.7140648769,0.7841906155,-0.3302416869,-0.1226023221,01ad045689d4c820f250761fa7a10c44736208f3e0a6a0f4e03c2348a025044d,c21eb1446b74e53f052e41f01dc9e24d732b8b4ad7131ad6c468b0030f3c8245,e21e1e91f48aaa3330cffb47b74f14b6147db109bd3a1d345f0ce5e915a6211e
149712:H6,149712,131984,60537,disagree:mert_generic_vs_muq_mulan_large,direct_disagreement,Neither,CANONICAL,1,False,NEITHER,center5_v1,0.4709393755,0.4658861671,b0fee4bc6fd340e4,0.939024662,0.9707090799,8069b221c47dd7c0,0.6800770598,0.9497025669,0.008212206504,0.01276706418,0.8527711237,0.9497025669,1,0.9980178375,0.6582489673,0.6644619872,0.9963913973,0.9689497909,0.8655678624,0.9642169276,0.4726983445,0.5153242387,0.3864657169,0.449558121,0.7140648769,0.9440533807,-0.3302416869,-0.04255961442,01ad045689d4c820f250761fa7a10c44736208f3e0a6a0f4e03c2348a025044d,c21eb1446b74e53f052e41f01dc9e24d732b8b4ad7131ad6c468b0030f3c8245,891b7943bc225f628f353c921b4d4f45d514ad49a4489c4e353189cefa018fdf
149712:H7,149712,126241,110634,competitive_rank2,competitive_rank2,B,CANONICAL,1,True,,center5_v1,0.5669761122,0.8154233698,b0fee4bc6fd340e4,0.9727343242,0.9560113572,8069b221c47dd7c0,0.9331863912,0.9059656268,0.01205768327,0.01103704833,0.9331863912,0.952947309,0.9950371902,1,0.6433899314,0.6750243696,0.9877932719,0.9952438218,0.9790304174,0.9268838705,0.579763869,0.2660968523,0.4961714154,0.389810402,0.883080558,0.9326654224,-0.04445176257,-0.09097177821,01ad045689d4c820f250761fa7a10c44736208f3e0a6a0f4e03c2348a025044d,0b676774fe18309a787ca1389fb11e1ca9dd676130a84eeb9d0c8e4880801a16,6fda004e6fb6d9862154daf518f5a35f6d17f902fd69f513a9db48b23ea524fe
149712:H8,149712,20376,126241,competitive_rank2,competitive_rank2,A,CANONICAL,1,True,,center5_v1,0.5638009304,0.5669761122,b0fee4bc6fd340e4,0.9740057713,0.9727343242,8069b221c47dd7c0,0.8567238599,0.9331863912,0.01065320851,0.01205768327,0.9392459777,0.9331863912,1,0.9950371902,0.6665060377,0.6433899314,0.9908375825,0.9877932719,0.9609568833,0.9790304174,0.168934077,0.579763869,0.6785025085,0.4961714154,0.7841906155,0.883080558,-0.1226023221,-0.04445176257,01ad045689d4c820f250761fa7a10c44736208f3e0a6a0f4e03c2348a025044d,e21e1e91f48aaa3330cffb47b74f14b6147db109bd3a1d345f0ce5e915a6211e,0b676774fe18309a787ca1389fb11e1ca9dd676130a84eeb9d0c8e4880801a16
20364:H1,20364,86038,120105,disagree:laion_clap_vs_mert_5120,direct_disagreement,B,CANONICAL,1,True,,center5_v1,0.8544738721,0.5145667568,b0fee4bc6fd340e4,0.917822583,0.9527340192,8069b221c47dd7c0,0.6309260439,0.708176949,0.008785339792,0.008659706029,0.8982897644,0.9206080325,1,1,0.66991313,0.6468128732,0.9941121628,0.9456043473,0.8394052322,0.8770469657,0.490767698,0.392429609,0.7635206059,0.4050448128,-0.08214972217,0.04636452943,-0.387765531,-0.03509131981,5d4764d9f3248c81f86d62ed50de9122fc9a69b45d0ffeda928851045e26f9ed,09baaf2862d2b4600b102212acb119310e5a112af5b8b81686ba618a0957bd81,69ad38b7bc52995ee37e1291b59322567f2e12abc3652b2cc89396b3b5cb24c1
20364:H2,20364,41570,86038,disagree:laion_clap_vs_mert_generic,direct_disagreement,A,CANONICAL,1,True,,center5_v1,0.3820767584,0.8544738721,b0fee4bc6fd340e4,0.944675873,0.917822583,8069b221c47dd7c0,0.8209337782,0.6309260439,0.008924959817,0.008785339792,0.8268795277,0.8982897644,1,1,0.6527044109,0.66991313,0.9920563466,0.9941121628,0.9041110095,0.8394052322,0.143960837,0.490767698,0.4993683934,0.7635206059,0.5684593246,-0.08214972217,-0.2876820725,-0.387765531,5d4764d9f3248c81f86d62ed50de9122fc9a69b45d0ffeda928851045e26f9ed,753f6dd7f2791b3164560e35838fb44a6fee4608ab6cb543a0b0fbc6807faac4,09baaf2862d2b4600b102212acb119310e5a112af5b8b81686ba618a0957bd81
20364:H3,20364,120105,41570,disagree:mert_5120_vs_mert_generic,direct_disagreement,A,CANONICAL,1,True,,center5_v1,0.5145667568,0.3820767584,b0fee4bc6fd340e4,0.9527340192,0.944675873,8069b221c47dd7c0,0.708176949,0.8209337782,0.008659706029,0.008924959817,0.9206080325,0.8268795277,1,1,0.6468128732,0.6527044109,0.9456043473,0.9920563466,0.8770469657,0.9041110095,0.392429609,0.143960837,0.4050448128,0.4993683934,0.04636452943,0.5684593246,-0.03509131981,-0.2876820725,5d4764d9f3248c81f86d62ed50de9122fc9a69b45d0ffeda928851045e26f9ed,69ad38b7bc52995ee37e1291b59322567f2e12abc3652b2cc89396b3b5cb24c1,753f6dd7f2791b3164560e35838fb44a6fee4608ab6cb543a0b0fbc6807faac4
20364:H4,20364,16743,3920,competitive_rank2,competitive_rank2,B,CANONICAL,1,True,,center5_v1,0.454219733,0.4975997473,b0fee4bc6fd340e4,0.9471382118,0.9469850149,8069b221c47dd7c0,0.6895518282,0.77358558,0.008566760068,0.008731625594,0.8759709537,0.9125710555,1,0.994041655,0.6692107276,0.642141394,0.9907098574,0.9130831016,0.9667622812,0.9607653441,0.2454005645,0.3039765552,0.6912867201,0.6413547686,0.05039693013,-0.1313317159,-0.3364722366,-0.07410797215,5d4764d9f3248c81f86d62ed50de9122fc9a69b45d0ffeda928851045e26f9ed,930ff6fd36a58585cb27c374a7356f16a55cbd222f120cebc47538aab794102a,e58825ab707aa3a1e386d61e852791b1bb392d70e3e2b73ed1c42343e88aec2f
20364:H5,20364,86038,56802,anchor_negative,anchor_negative,B,CANONICAL,1,False,,center5_v1,0.8544738721,0.6165144323,b0fee4bc6fd340e4,0.917822583,0.8674550642,8069b221c47dd7c0,0.6309260439,0.644014698,0.008785339792,0.008554857303,0.8982897644,0.892958917,1,0.9860411897,0.66991313,0.6253450498,0.9941121628,0.8169927788,0.8394052322,0.9448776371,0.490767698,0.4311429491,0.7635206059,0.3613545657,-0.08214972217,-0.1112396464,-0.387765531,-0,5d4764d9f3248c81f86d62ed50de9122fc9a69b45d0ffeda928851045e26f9ed,09baaf2862d2b4600b102212acb119310e5a112af5b8b81686ba618a0957bd81,dadbca39d340af59722c2b16eeffe967b6792b1d60e20bcd1c9f61a3f09ebcfd
32340:H1,32340,80756,108060,disagree:laion_clap_vs_mert_5120,direct_disagreement,B,CANONICAL,1,True,,center5_v1,0.4643661383,0.7975712131,b0fee4bc6fd340e4,0.9627735422,0.9366492938,8069b221c47dd7c0,0.910937328,0.7204398542,0.01154888662,0.00901812315,0.9593777781,0.9034874161,1,1,0.7064327863,0.7523824502,0.9811223784,0.9994164163,0.9723000826,0.9435548111,0.382305395,0.4433645982,0.9191567479,0.8009177206,0.1089614347,0.7711120104,-0.2876820725,-0.04255961442,d8fc3128ec9a3e76b907ff6b104455b5912e8ca183ca8b6e8360cb9d798f796c,67e5047ef3a5a0605f04d00ce1fbd43bfae7715663b3f15c9d05fd5327d2108c,e7a9589042ca5fb1c1a9b8bddf6e1d8cbcdafaaa0e1bf53b57efc9b0a6d5c70e
32340:H2,32340,108060,68537,disagree:laion_clap_vs_mert_generic,direct_disagreement,Neither,CANONICAL,1,False,NEITHER,center5_v1,0.7975712131,0.424883401,b0fee4bc6fd340e4,0.9366492938,0.9623820297,8069b221c47dd7c0,0.7204398542,0.9101902228,0.00901812315,0.01350631724,0.9034874161,0.9345846511,1,1,0.7523824502,0.7718383695,0.9994164163,0.9997175611,0.9435548111,0.9821804129,0.4433645982,0.343133759,0.8009177206,0.8287750564,0.7711120104,0.8091900548,-0.04255961442,-0.04255961442,d8fc3128ec9a3e76b907ff6b104455b5912e8ca183ca8b6e8360cb9d798f796c,e7a9589042ca5fb1c1a9b8bddf6e1d8cbcdafaaa0e1bf53b57efc9b0a6d5c70e,56091e76474dc99aad95888b6815d80256cf6b63a96f66c671c655379f43fdb8
32340:H3,32340,80756,68537,disagree:mert_5120_vs_mert_generic,direct_disagreement,Neither,CANONICAL,1,False,NEITHER,center5_v1,0.4643661383,0.424883401,b0fee4bc6fd340e4,0.9627735422,0.9623820297,8069b221c47dd7c0,0.910937328,0.9101902228,0.01154888662,0.01350631724,0.9593777781,0.9345846511,1,1,0.7064327863,0.7718383695,0.9811223784,0.9997175611,0.9723000826,0.9821804129,0.382305395,0.343133759,0.9191567479,0.8287750564,0.1089614347,0.8091900548,-0.2876820725,-0.04255961442,d8fc3128ec9a3e76b907ff6b104455b5912e8ca183ca8b6e8360cb9d798f796c,67e5047ef3a5a0605f04d00ce1fbd43bfae7715663b3f15c9d05fd5327d2108c,56091e76474dc99aad95888b6815d80256cf6b63a96f66c671c655379f43fdb8
32340:H4,32340,68537,91228,competitive_rank2,competitive_rank2,B,CANONICAL,1,True,,center5_v1,0.424883401,0.7769922529,b0fee4bc6fd340e4,0.9623820297,0.9110703842,8069b221c47dd7c0,0.9101902228,0.9464714036,0.01350631724,0.009927711266,0.9345846511,0.9464714036,1,1,0.7718383695,0.7130165819,0.9997175611,0.998213883,0.9821804129,0.8292837616,0.343133759,0.4673988617,0.8287750564,0.8441668839,0.8091900548,0.8745517131,-0.04255961442,-0.08004270767,d8fc3128ec9a3e76b907ff6b104455b5912e8ca183ca8b6e8360cb9d798f796c,56091e76474dc99aad95888b6815d80256cf6b63a96f66c671c655379f43fdb8,dd0fae5196c3cf50cce54e0e6ee02685501cb4fd85d15471cb0e502fd58049e9
32340:H5,32340,68537,22478,competitive_rank2,competitive_rank2,Neither,CANONICAL,1,False,NEITHER,center5_v1,0.424883401,0.6306766743,b0fee4bc6fd340e4,0.9623820297,0.9590032893,8069b221c47dd7c0,0.9101902228,0.943502128,0.01350631724,0.01227466502,0.9345846511,0.943502128,1,1,0.7718383695,0.7105404612,0.9997175611,0.9974785684,0.9821804129,0.9769578691,0.343133759,0.4883627134,0.8287750564,0.6106868075,0.8091900548,0.9026942111,-0.04255961442,-0.1335313926,d8fc3128ec9a3e76b907ff6b104455b5912e8ca183ca8b6e8360cb9d798f796c,56091e76474dc99aad95888b6815d80256cf6b63a96f66c671c655379f43fdb8,f9f804f96e1c08e92cee8a5804a72ac3dd41ae9ca650ea53c3a2135fe0a0e624
32340:H6,32340,85973,22478,competitive_rank2,competitive_rank2,A,CANONICAL,1,True,,center5_v1,0.6906925276,0.6306766743,b0fee4bc6fd340e4,0.9302946659,0.9590032893,8069b221c47dd7c0,0.8109508602,0.943502128,0.01005607881,0.01227466502,0.8115248243,0.943502128,1,1,0.7330182914,0.7105404612,0.9993595374,0.9974785684,0.9530861873,0.9769578691,0.4619728083,0.4883627134,0.884920166,0.6106868075,0.4568323552,0.9026942111,-0.1335313926,-0.1335313926,d8fc3128ec9a3e76b907ff6b104455b5912e8ca183ca8b6e8360cb9d798f796c,3631390cb1b9315cafad5057d31d15805e7e0fa8117eb8c5261749fe75d5c9b0,f9f804f96e1c08e92cee8a5804a72ac3dd41ae9ca650ea53c3a2135fe0a0e624
32340:H7,32340,108060,126276,anchor_negative,anchor_negative,B,CANONICAL,1,False,,center5_v1,0.7975712131,0.4051787591,b0fee4bc6fd340e4,0.9366492938,0.8246608143,8069b221c47dd7c0,0.7204398542,0.6101909947,0.00901812315,0.008607631609,0.9034874161,0.7433182553,1,1,0.7523824502,0.6857384546,0.9994164163,0.9467283185,0.9435548111,0.8232848334,0.4433645982,0.287683705,0.8009177206,0.7110769179,0.7711120104,-0.4884383012,-0.04255961442,-0.08701137699,d8fc3128ec9a3e76b907ff6b104455b5912e8ca183ca8b6e8360cb9d798f796c,e7a9589042ca5fb1c1a9b8bddf6e1d8cbcdafaaa0e1bf53b57efc9b0a6d5c70e,804a60e883ed90679c3c1aa072e84de9a0ec05fe0a5a2f1e6099b586bb1e22f4
38896:H1,38896,92508,38901,anchor_negative,anchor_negative,B,CANONICAL,1,False,,center5_v1,0.08693415554,0.8621568331,b0fee4bc6fd340e4,0.8728234575,0.9508034272,8069b221c47dd7c0,0.9319859849,0.9336463758,0.0186058514,0.01844037156,0.9454608488,0.9493126216,0.994041655,0.994041655,0.6575875779,0.6562889565,0.9946642542,0.984320609,0.522742676,0.9424600887,0.4502486668,0.5313120867,0.3737282342,0.4045432385,-0.3018822207,0.7411389213,-0.3715635564,-0.1892419996,c293dbead621219eb403365feaef22c95bba1409879575c0da1e9287c5c261db,f440aadfe5326429f31a76cf88f8fa44266ae849c119ba01f21754cca1ecbf35,5330e5e77c923eb1d6ec60834f5d355ad4baea6b227205bf1244c046602a2ede
3921:H1,3921,51659,126490,disagree:laion_clap_vs_mert_5120,direct_disagreement,Tie,CANONICAL,1,False,TIE,center5_v1,0.8137329405,0.5413586349,b0fee4bc6fd340e4,0.9707375488,0.9813569952,8069b221c47dd7c0,0.8755365964,0.894285496,0.009087618472,0.009351035901,0.9599306355,0.9507815504,0.9980178375,0.9980178375,0.6452292207,0.6427880205,0.9871589587,0.9698366193,0.9756009801,0.9381363012,0.489800659,0.6139803325,0.876288262,0.7199192607,0.6661925534,0.6715928111,-0.3677247801,-0.08004270767,4bd7161abbd1cf8f0401e6c54d61875b2ca22acd4627cb442aa88c04854b56c4,ebfbb2efd7733903f8a5c85c5c8f9bca42358791b285b8f5465481afcba3d1e5,f36fe12237aec4855bde83865ab26feaa5fb316d46ed0c32090e912a572039a9
3921:H2,3921,51659,4234,disagree:laion_clap_vs_mert_generic,direct_disagreement,A,CANONICAL,1,True,,center5_v1,0.8137329405,0.5147228911,b0fee4bc6fd340e4,0.9707375488,0.9778430099,8069b221c47dd7c0,0.8755365964,0.7512033075,0.009087618472,0.00884220474,0.9599306355,0.8717320361,0.9980178375,0.9980178375,0.6452292207,0.6409901281,0.9871589587,0.9808387628,0.9756009801,0.9702796043,0.489800659,0.3909854652,0.876288262,0.675969901,0.6661925534,0.6956951797,-0.3677247801,-0.1431008436,4bd7161abbd1cf8f0401e6c54d61875b2ca22acd4627cb442aa88c04854b56c4,ebfbb2efd7733903f8a5c85c5c8f9bca42358791b285b8f5465481afcba3d1e5,60da4e69e791da30e7f2c2345b066b9d5888571a02810f7d3085750dffb103fd
3921:H3,3921,51659,98301,disagree:laion_clap_vs_muq_mulan_large,direct_disagreement,A,CANONICAL,1,True,,center5_v1,0.8137329405,0.6518328177,b0fee4bc6fd340e4,0.9707375488,0.9648532599,8069b221c47dd7c0,0.8755365964,0.728986578,0.009087618472,0.008727473107,0.9599306355,0.904464056,0.9980178375,0.9980178375,0.6452292207,0.6573416282,0.9871589587,0.9790879289,0.9756009801,0.9740510802,0.489800659,0.326799878,0.876288262,0.4524930213,0.6661925534,0.5556229432,-0.3677247801,-0.1226023221,4bd7161abbd1cf8f0401e6c54d61875b2ca22acd4627cb442aa88c04854b56c4,ebfbb2efd7733903f8a5c85c5c8f9bca42358791b285b8f5465481afcba3d1e5,f2d2fa2d16fbc21a8ea7a0a62997948428787c9058968f59489a7e953e13a06a
3921:H4,3921,4234,126490,disagree:mert_5120_vs_mert_generic,direct_disagreement,B,CANONICAL,1,True,,center5_v1,0.5147228911,0.5413586349,b0fee4bc6fd340e4,0.9778430099,0.9813569952,8069b221c47dd7c0,0.7512033075,0.894285496,0.00884220474,0.009351035901,0.8717320361,0.9507815504,0.9980178375,0.9980178375,0.6409901281,0.6427880205,0.9808387628,0.9698366193,0.9702796043,0.9381363012,0.3909854652,0.6139803325,0.675969901,0.7199192607,0.6956951797,0.6715928111,-0.1431008436,-0.08004270767,4bd7161abbd1cf8f0401e6c54d61875b2ca22acd4627cb442aa88c04854b56c4,60da4e69e791da30e7f2c2345b066b9d5888571a02810f7d3085750dffb103fd,f36fe12237aec4855bde83865ab26feaa5fb316d46ed0c32090e912a572039a9
3921:H5,3921,126490,98301,disagree:mert_5120_vs_muq_mulan_large,direct_disagreement,A,CANONICAL,1,True,,center5_v1,0.5413586349,0.6518328177,b0fee4bc6fd340e4,0.9813569952,0.9648532599,8069b221c47dd7c0,0.894285496,0.728986578,0.009351035901,0.008727473107,0.9507815504,0.904464056,0.9980178375,0.9980178375,0.6427880205,0.6573416282,0.9698366193,0.9790879289,0.9381363012,0.9740510802,0.6139803325,0.326799878,0.7199192607,0.4524930213,0.6715928111,0.5556229432,-0.08004270767,-0.1226023221,4bd7161abbd1cf8f0401e6c54d61875b2ca22acd4627cb442aa88c04854b56c4,f36fe12237aec4855bde83865ab26feaa5fb316d46ed0c32090e912a572039a9,f2d2fa2d16fbc21a8ea7a0a62997948428787c9058968f59489a7e953e13a06a
3921:H6,3921,98301,4234,disagree:mert_generic_vs_muq_mulan_large,direct_disagreement,B,CANONICAL,1,True,,center5_v1,0.6518328177,0.5147228911,b0fee4bc6fd340e4,0.9648532599,0.9778430099,8069b221c47dd7c0,0.728986578,0.7512033075,0.008727473107,0.00884220474,0.904464056,0.8717320361,0.9980178375,0.9980178375,0.6573416282,0.6409901281,0.9790879289,0.9808387628,0.9740510802,0.9702796043,0.326799878,0.3909854652,0.4524930213,0.675969901,0.5556229432,0.6956951797,-0.1226023221,-0.1431008436,4bd7161abbd1cf8f0401e6c54d61875b2ca22acd4627cb442aa88c04854b56c4,f2d2fa2d16fbc21a8ea7a0a62997948428787c9058968f59489a7e953e13a06a,60da4e69e791da30e7f2c2345b066b9d5888571a02810f7d3085750dffb103fd
3921:H7,3921,80758,6379,competitive_rank2,competitive_rank2,A,CANONICAL,1,True,,center5_v1,0.7977871509,0.6088861449,b0fee4bc6fd340e4,0.9727574202,0.9809607901,8069b221c47dd7c0,0.8264292188,0.8439451648,0.00944877952,0.0105314752,0.9356917542,0.9491742426,0.9980178375,0.9980178375,0.6321305124,0.638791471,0.9817759877,0.9707805884,0.9877277316,0.9860860055,0.3746565057,0.5363895723,0.569651494,0.5721413332,0.6337619444,0.7543368515,-0.3136575589,-0.1431008436,4bd7161abbd1cf8f0401e6c54d61875b2ca22acd4627cb442aa88c04854b56c4,24f24e484cfcaf54debbfbf7aea9f81c13fa645e6b3a718a69299ca39b0d1d04,7cc9edc14984d195b13a6e647b85679cc0a9b92e2325d46f3b26b85bf344faa2
3921:H8,3921,22477,6379,competitive_rank2,competitive_rank2,B,CANONICAL,1,True,,center5_v1,0.6271443715,0.6088861449,b0fee4bc6fd340e4,0.9735628644,0.9809607901,8069b221c47dd7c0,0.7346592202,0.8439451648,0.008514201052,0.0105314752,0.8989811687,0.9491742426,0.9920238726,0.9980178375,0.6289387028,0.638791471,0.8301711071,0.9707805884,0.9819049368,0.9860860055,0.3671461042,0.5363895723,0.5059000189,0.5721413332,0.5839814217,0.7543368515,-0.1431008436,-0.1431008436,4bd7161abbd1cf8f0401e6c54d61875b2ca22acd4627cb442aa88c04854b56c4,9c5a077f8f9c89acf9b4708785f9b1d62b1ee217e4057825082103bb4ef7144b,7cc9edc14984d195b13a6e647b85679cc0a9b92e2325d46f3b26b85bf344faa2
41605:H1,41605,83600,40654,disagree:laion_clap_vs_mert_5120,direct_disagreement,A,CANONICAL,1,True,,center5_v1,0.4517433299,0.7306987239,b0fee4bc6fd340e4,0.9637092754,0.9235249358,8069b221c47dd7c0,0.729302504,0.7789278739,0.009084400956,0.00914953026,0.8634025239,0.9635960146,1,1,0.6599916201,0.6474099824,0.9482838998,0.9794000656,0.9916431778,0.9755730285,0.5054107984,0.34614921,0.7716181984,0.751876446,0.6519079779,0.5133581247,-0.6325225587,-0.424883194,cdcd9bbe23270a3d6ec2ee3df4c479a7ca6883231eb05f5d7b4d520adbb88620,c21cc96e37089eb3896f5c03ea0180dbc798242848cef5b027b3c5ff3f0206b5,238644780dafa21b2685497355473b39e862fcd19db677f83bf682a8a5d4909a
41605:H2,41605,6459,40654,anchor_negative,anchor_negative,Neither,CANONICAL,1,False,NEITHER,center5_v1,0.3000985772,0.7306987239,b0fee4bc6fd340e4,0.9145280904,0.9235249358,8069b221c47dd7c0,0.7133384903,0.7789278739,0.008823325965,0.00914953026,0.9342444875,0.9635960146,1,1,0.6702929754,0.6474099824,0.9687416126,0.9794000656,0.8968779949,0.9755730285,0.6699109231,0.34614921,0.4278953404,0.751876446,0.1075195385,0.5133581247,-0.4989911661,-0.424883194,cdcd9bbe23270a3d6ec2ee3df4c479a7ca6883231eb05f5d7b4d520adbb88620,e7a1948719c4cd4e7c3f8365b8c5b5495c2b634610e80144b4fe0810e3ca8f97,238644780dafa21b2685497355473b39e862fcd19db677f83bf682a8a5d4909a
42844:H1,42844,10809,35543,disagree:mert_5120_vs_mert_generic,direct_disagreement,Tie,CANONICAL,1,False,TIE,center5_v1,0.7409922057,0.549346191,b0fee4bc6fd340e4,0.9709148691,0.9697471169,8069b221c47dd7c0,0.946547388,0.9471368031,0.01179469132,0.01064533695,0.9476664831,0.9471368031,1,1,0.6411870609,0.6438688278,0.9500570378,0.977622877,0.9431807031,0.8057430863,0.2906463415,0.2017219332,0.2048602024,0.334949911,0.7649325973,0.5757568173,-0.2719337155,-0.06062462182,1f5e38ca37b41d5fb9551deb12adede5e99c9fe86a0c39046f71dc6018c2303f,7008dbc39360413f86bb37fcc6690d49b0c9fb28ecbd7f3e4a80b4fd42a659ed,73b255963010c56100348b75f81e471a49427994a140a93f41a55f912a5e4900
42844:H2,42844,66534,35543,competitive_rank2,competitive_rank2,A,CANONICAL,1,True,,center5_v1,0.7743674673,0.549346191,b0fee4bc6fd340e4,0.9655702012,0.9697471169,8069b221c47dd7c0,0.8171718559,0.9471368031,0.009471767237,0.01064533695,0.972496889,0.9471368031,1,1,0.6335576479,0.6438688278,0.9590583991,0.977622877,0.9604219583,0.8057430863,0.6603383687,0.2017219332,0.2610391698,0.334949911,0.7488233087,0.5757568173,-0.6286086594,-0.06062462182,1f5e38ca37b41d5fb9551deb12adede5e99c9fe86a0c39046f71dc6018c2303f,73c9d16f021f923c2a1b0432d20af23840a890fbaf33fcced0ba95214d0fd878,73b255963010c56100348b75f81e471a49427994a140a93f41a55f912a5e4900
42844:H3,42844,35543,44779,competitive_rank2,competitive_rank2,A,CANONICAL,1,True,,center5_v1,0.549346191,0.489096019,b0fee4bc6fd340e4,0.9697471169,0.9637222365,8069b221c47dd7c0,0.9471368031,0.8709759831,0.01064533695,0.009178517064,0.9471368031,0.9553814254,1,1,0.6438688278,0.6614634733,0.977622877,0.9684347647,0.8057430863,0.7897947079,0.2017219332,0.2999943647,0.334949911,0.1249942511,0.5757568173,0.7428085452,-0.06062462182,-0.2719337155,1f5e38ca37b41d5fb9551deb12adede5e99c9fe86a0c39046f71dc6018c2303f,73b255963010c56100348b75f81e471a49427994a140a93f41a55f912a5e4900,ee4f52ee8403207c0242383ccd945940c815cb79c6df5a9281aef700519caec7
48442:H1,48442,54437,114392,disagree:laion_clap_vs_mert_5120,direct_disagreement,A,CANONICAL,1,True,,center5_v1,0.841548178,0.7298545512,b0fee4bc6fd340e4,0.9386409612,0.9810317644,8069b221c47dd7c0,0.7003091333,0.8419934936,0.009060056383,0.01094028212,0.9506608078,0.9478709981,0.9930253791,0.9870010979,0.6310785858,0.6112257299,0.9065247964,0.9284272388,0.9608632742,0.9838468305,0.7271882739,0.8141556693,0.5562990823,0.5144158471,0.483556862,0.6442066368,-0.1053605157,-0.4054651081,aa54409b212a72dbff4a482255ce6167c15e7dcf760025c063590d7b8dec05bb,ff1d2e19a55ac56ad0cccc62f03595f363ec4aaeaa336bb5611de71871ddd193,397ee6d93063254e4cadfc26364c7050e673c6bec8e42d4eb18a4334b4939273
48442:H2,48442,54437,112481,disagree:laion_clap_vs_mert_generic,direct_disagreement,A,CANONICAL,1,True,,center5_v1,0.841548178,0.5688370043,b0fee4bc6fd340e4,0.9386409612,0.9770538511,8069b221c47dd7c0,0.7003091333,0.866235524,0.009060056383,0.01107817385,0.9506608078,0.9302409114,0.9930253791,0.9789110581,0.6310785858,0.6128434808,0.9065247964,0.8037131749,0.9608632742,0.9765418274,0.7271882739,0.429173095,0.5562990823,0.2973225416,0.483556862,0.06493212599,-0.1053605157,-0.3715635564,aa54409b212a72dbff4a482255ce6167c15e7dcf760025c063590d7b8dec05bb,ff1d2e19a55ac56ad0cccc62f03595f363ec4aaeaa336bb5611de71871ddd193,907516490c2995530feecea95efd7916b1c9e69b510f8cf342ae59f961c202ff
48442:H3,48442,112481,114392,disagree:mert_5120_vs_mert_generic,direct_disagreement,B,CANONICAL,1,True,,center5_v1,0.5688370043,0.7298545512,b0fee4bc6fd340e4,0.9770538511,0.9810317644,8069b221c47dd7c0,0.866235524,0.8419934936,0.01107817385,0.01094028212,0.9302409114,0.9478709981,0.9789110581,0.9870010979,0.6128434808,0.6112257299,0.8037131749,0.9284272388,0.9765418274,0.9838468305,0.429173095,0.8141556693,0.2973225416,0.5144158471,0.06493212599,0.6442066368,-0.3715635564,-0.4054651081,aa54409b212a72dbff4a482255ce6167c15e7dcf760025c063590d7b8dec05bb,907516490c2995530feecea95efd7916b1c9e69b510f8cf342ae59f961c202ff,397ee6d93063254e4cadfc26364c7050e673c6bec8e42d4eb18a4334b4939273
48442:H4,48442,53160,42014,competitive_rank2,competitive_rank2,B,CANONICAL,1,True,,center5_v1,0.7195921789,0.5913883011,b0fee4bc6fd340e4,0.9730018659,0.9778213777,8069b221c47dd7c0,0.8286849025,0.873198614,0.01030349327,0.009608487418,0.9731872854,0.9653065288,0.9645902462,0.9531872627,0.6278449877,0.6308055965,0.7678619523,0.7435774553,0.9724132849,0.9936756681,0.5719841035,0.5191122658,0.2349504328,0.4352656026,0.6662162218,0.5476006423,-0.2231435513,-0.1397619424,aa54409b212a72dbff4a482255ce6167c15e7dcf760025c063590d7b8dec05bb,22200c39f70107b913583aa52e0c8bf3d2bb2f53b3c99097ecf7cd8d5cfececb,eb9fdcbc051d2da683184d6255e3d7484d5f91a7f738fa2131f3e6bab51669bf
48442:H5,48442,93981,54437,anchor_negative,anchor_negative,B,CANONICAL,1,False,,center5_v1,0.3032051178,0.841548178,b0fee4bc6fd340e4,0.9363985322,0.9386409612,8069b221c47dd7c0,0.8733198363,0.7003091333,0.01003549627,0.009060056383,0.9473201546,0.9506608078,0.9980178375,0.9930253791,0.6042545789,0.6310785858,0.9714929961,0.9065247964,0.9165932679,0.9608632742,0.1904952163,0.7271882739,0.7323344648,0.5562990823,0.1471027555,0.483556862,-0,-0.1053605157,aa54409b212a72dbff4a482255ce6167c15e7dcf760025c063590d7b8dec05bb,652dfa2f4b92d29e0bcaf5acca425ea1ee9dd0397005533a7bdb404a3c700224,ff1d2e19a55ac56ad0cccc62f03595f363ec4aaeaa336bb5611de71871ddd193
52393:H1,52393,61491,131439,disagree:laion_clap_vs_mert_5120,direct_disagreement,Tie,CANONICAL,1,False,TIE,center5_v1,0.6306164758,0.8619119283,b0fee4bc6fd340e4,0.9764592253,0.9513041155,8069b221c47dd7c0,0.9680184846,0.7745289124,0.01676864076,0.01052634201,0.9680184846,0.8669449407,1,1,0.6412779128,0.675254569,0.9813962069,0.9916247334,0.9796495501,0.9365889811,0.5880943077,0.528013925,0.5580391755,0.3917499261,0.2269618128,0.2954894782,-0,-0.3227733923,9b632bdf4b59a9143967e614a4aa1727eb03be70837ecc3cc1723194a198ce06,b1fd600fc16d6aa55587e36208fbbbb14776a1a3e56f8ee5d892badea6f0992d,154f372ba483e0c5686ff18999bd92f63b1ddb3888f443426c105f3daa221dae
52393:H2,52393,131439,111872,disagree:laion_clap_vs_mert_generic,direct_disagreement,A,CANONICAL,1,True,,center5_v1,0.8619119283,0.3572564979,b0fee4bc6fd340e4,0.9513041155,0.9715094642,8069b221c47dd7c0,0.7745289124,0.9359729623,0.01052634201,0.0145846473,0.8669449407,0.951152246,1,1,0.675254569,0.6847760393,0.9916247334,0.9922382699,0.9365889811,0.9703504375,0.528013925,0.6019481597,0.3917499261,0.6290992742,0.2954894782,0.366784227,-0.3227733923,-0.1335313926,9b632bdf4b59a9143967e614a4aa1727eb03be70837ecc3cc1723194a198ce06,154f372ba483e0c5686ff18999bd92f63b1ddb3888f443426c105f3daa221dae,30cfc87771251145e2a813577642c4c586ce76d5ba981de8985383baab0b50aa
52393:H3,52393,61491,111872,disagree:mert_5120_vs_mert_generic,direct_disagreement,A,CANONICAL,1,True,,center5_v1,0.6306164758,0.3572564979,b0fee4bc6fd340e4,0.9764592253,0.9715094642,8069b221c47dd7c0,0.9680184846,0.9359729623,0.01676864076,0.0145846473,0.9680184846,0.951152246,1,1,0.6412779128,0.6847760393,0.9813962069,0.9922382699,0.9796495501,0.9703504375,0.5880943077,0.6019481597,0.5580391755,0.6290992742,0.2269618128,0.366784227,-0,-0.1335313926,9b632bdf4b59a9143967e614a4aa1727eb03be70837ecc3cc1723194a198ce06,b1fd600fc16d6aa55587e36208fbbbb14776a1a3e56f8ee5d892badea6f0992d,30cfc87771251145e2a813577642c4c586ce76d5ba981de8985383baab0b50aa
52393:H4,52393,58116,59443,competitive_rank2,competitive_rank2,B,CANONICAL,1,True,,center5_v1,0.8398511988,0.6198365801,b0fee4bc6fd340e4,0.9504508651,0.9760240939,8069b221c47dd7c0,0.9048727518,0.916905898,0.01239886566,0.01207949308,0.9443447834,0.9297980345,1,1,0.662422223,0.6730356784,0.9838601009,0.9909293351,0.9678090352,0.9898485098,0.5206333261,0.5998260288,0.1932587692,0.5640416731,0.2276843363,0.7889901051,-0.04652001563,-0.04879016417,9b632bdf4b59a9143967e614a4aa1727eb03be70837ecc3cc1723194a198ce06,012b525de877871e6b0f485f50fbf0e0ee3789e506bd8d27aba136ae4b907379,45c478313b69149f7a7ad894374fd27840c82bd1b071e88d7f8a29269942d120
52393:H5,52393,141877,131439,anchor_negative,anchor_negative,B,CANONICAL,1,False,,center5_v1,0.5562755498,0.8619119283,b0fee4bc6fd340e4,0.9327913181,0.9513041155,8069b221c47dd7c0,0.8798329729,0.7745289124,0.01392104589,0.01052634201,0.9538961275,0.8669449407,1,1,0.6998924477,0.675254569,0.9915540483,0.9916247334,0.9167279847,0.9365889811,0.5808005575,0.528013925,0.6724037746,0.3917499261,0.4985665479,0.2954894782,-0,-0.3227733923,9b632bdf4b59a9143967e614a4aa1727eb03be70837ecc3cc1723194a198ce06,5db318cc95f72c2e3a08398f2d3a371fe1e22595911a9d3d237d31b935aad579,154f372ba483e0c5686ff18999bd92f63b1ddb3888f443426c105f3daa221dae
62450:H1,62450,62448,75925,disagree:laion_clap_vs_mert_5120,direct_disagreement,A,CANONICAL,1,True,,center5_v1,0.8583012146,0.4138328072,b0fee4bc6fd340e4,0.9339413156,0.9643900327,8069b221c47dd7c0,0.6932566881,0.7692050476,0.008488019504,0.008298281652,0.8216821851,0.9559935702,1,1,0.6478795473,0.6409134846,0.9068624918,0.9344251992,0.9527292285,0.7144909037,0.311632696,0.4025534785,0.3637510068,0.2988421215,0.7935980091,-0.4825190487,-0.03509131981,-0.2876820725,ea70985a66936d70a62d63d32528ba4c456ad56507132aedddfe72faceb66a3c,0a12fde4b520a4beb9cff40baa27527c90eb7205bfc8ee17ac773dc1ee7351b3,9eb97e23fdc2258fe37e05358c0719bb9083e258091fccc469bfb15136d4ef78
62450:H2,62450,38783,62448,disagree:laion_clap_vs_mert_generic,direct_disagreement,B,CANONICAL,1,True,,center5_v1,0.5049159168,0.8583012146,b0fee4bc6fd340e4,0.959121848,0.9339413156,8069b221c47dd7c0,0.8724788739,0.6932566881,0.0104039754,0.008488019504,0.8724788739,0.8216821851,1,1,0.6623895313,0.6478795473,0.9266206271,0.9068624918,0.880001619,0.9527292285,0.5115182174,0.311632696,0.2813140189,0.3637510068,-0.2409145958,0.7935980091,-0.2411620568,-0.03509131981,ea70985a66936d70a62d63d32528ba4c456ad56507132aedddfe72faceb66a3c,eca8a4c92909664eec0aa92a54e410cb6fd9597b6d6e0835f45b901edf9c2af3,0a12fde4b520a4beb9cff40baa27527c90eb7205bfc8ee17ac773dc1ee7351b3
62450:H3,62450,62448,11019,disagree:laion_clap_vs_muq_mulan_large,direct_disagreement,A,CANONICAL,1,True,,center5_v1,0.8583012146,0.5047351738,b0fee4bc6fd340e4,0.9339413156,0.9044674724,8069b221c47dd7c0,0.6932566881,0.4285224142,0.008488019504,0.007306801992,0.8216821851,0.8647943297,1,0.9960317304,0.6478795473,0.6085833561,0.9068624918,0.9784320857,0.9527292285,0.8786721537,0.311632696,0.255376677,0.3637510068,0.5961373142,0.7935980091,0.2204882716,-0.03509131981,-0.387765531,ea70985a66936d70a62d63d32528ba4c456ad56507132aedddfe72faceb66a3c,0a12fde4b520a4beb9cff40baa27527c90eb7205bfc8ee17ac773dc1ee7351b3,69e3289fffd68c29d54b60a65b7d426ff8ca1267d8f5ab5a6ce952ff77bbb638
62450:H4,62450,38783,75925,disagree:mert_5120_vs_mert_generic,direct_disagreement,A,CANONICAL,1,True,,center5_v1,0.5049159168,0.4138328072,b0fee4bc6fd340e4,0.959121848,0.9643900327,8069b221c47dd7c0,0.8724788739,0.7692050476,0.0104039754,0.008298281652,0.8724788739,0.9559935702,1,1,0.6623895313,0.6409134846,0.9266206271,0.9344251992,0.880001619,0.7144909037,0.5115182174,0.4025534785,0.2813140189,0.2988421215,-0.2409145958,-0.4825190487,-0.2411620568,-0.2876820725,ea70985a66936d70a62d63d32528ba4c456ad56507132aedddfe72faceb66a3c,eca8a4c92909664eec0aa92a54e410cb6fd9597b6d6e0835f45b901edf9c2af3,9eb97e23fdc2258fe37e05358c0719bb9083e258091fccc469bfb15136d4ef78
62450:H5,62450,11019,75925,disagree:mert_5120_vs_muq_mulan_large,direct_disagreement,A,CANONICAL,1,True,,center5_v1,0.5047351738,0.4138328072,b0fee4bc6fd340e4,0.9044674724,0.9643900327,8069b221c47dd7c0,0.4285224142,0.7692050476,0.007306801992,0.008298281652,0.8647943297,0.9559935702,0.9960317304,1,0.6085833561,0.6409134846,0.9784320857,0.9344251992,0.8786721537,0.7144909037,0.255376677,0.4025534785,0.5961373142,0.2988421215,0.2204882716,-0.4825190487,-0.387765531,-0.2876820725,ea70985a66936d70a62d63d32528ba4c456ad56507132aedddfe72faceb66a3c,69e3289fffd68c29d54b60a65b7d426ff8ca1267d8f5ab5a6ce952ff77bbb638,9eb97e23fdc2258fe37e05358c0719bb9083e258091fccc469bfb15136d4ef78
62450:H6,62450,11019,38783,disagree:mert_generic_vs_muq_mulan_large,direct_disagreement,A,CANONICAL,1,True,,center5_v1,0.5047351738,0.5049159168,b0fee4bc6fd340e4,0.9044674724,0.959121848,8069b221c47dd7c0,0.4285224142,0.8724788739,0.007306801992,0.0104039754,0.8647943297,0.8724788739,0.9960317304,1,0.6085833561,0.6623895313,0.9784320857,0.9266206271,0.8786721537,0.880001619,0.255376677,0.5115182174,0.5961373142,0.2813140189,0.2204882716,-0.2409145958,-0.387765531,-0.2411620568,ea70985a66936d70a62d63d32528ba4c456ad56507132aedddfe72faceb66a3c,69e3289fffd68c29d54b60a65b7d426ff8ca1267d8f5ab5a6ce952ff77bbb638,eca8a4c92909664eec0aa92a54e410cb6fd9597b6d6e0835f45b901edf9c2af3
62450:H7,62450,69762,81083,competitive_rank2,competitive_rank2,A,CANONICAL,1,True,,center5_v1,0.82570003,0.7017314189,b0fee4bc6fd340e4,0.9416185254,0.9638608275,8069b221c47dd7c0,0.5478034679,0.7791679798,0.007721506401,0.008349689982,0.872996107,0.8699175982,1,0.9980178375,0.6663136234,0.6285193983,0.9324133858,0.8542915558,0.9375319262,0.9170865551,0.3333234179,0.3760934381,0.2217538928,0.4180465651,-0.3266401757,0.4247961093,-0.1967102942,-0,ea70985a66936d70a62d63d32528ba4c456ad56507132aedddfe72faceb66a3c,d45f3be967d4102847d446089e7e141806618c923733125549a0944233c98e4b,ce299070f4fef8aa6659d89f7ef2d1aaf72b649788e75c46e7573f7e229c36c6
62450:H8,62450,75925,81083,competitive_rank2,competitive_rank2,B,CANONICAL,1,True,,center5_v1,0.4138328072,0.7017314189,b0fee4bc6fd340e4,0.9643900327,0.9638608275,8069b221c47dd7c0,0.7692050476,0.7791679798,0.008298281652,0.008349689982,0.9559935702,0.8699175982,1,0.9980178375,0.6409134846,0.6285193983,0.9344251992,0.8542915558,0.7144909037,0.9170865551,0.4025534785,0.3760934381,0.2988421215,0.4180465651,-0.4825190487,0.4247961093,-0.2876820725,-0,ea70985a66936d70a62d63d32528ba4c456ad56507132aedddfe72faceb66a3c,9eb97e23fdc2258fe37e05358c0719bb9083e258091fccc469bfb15136d4ef78,ce299070f4fef8aa6659d89f7ef2d1aaf72b649788e75c46e7573f7e229c36c6
64567:H1,64567,86441,111389,disagree:mert_5120_vs_mert_generic,direct_disagreement,B,CANONICAL,1,True,,center5_v1,0.4458758546,0.7698103807,b0fee4bc6fd340e4,0.9635769022,0.9736561648,8069b221c47dd7c0,0.9249754611,0.9402066369,0.01374422372,0.01386835417,0.9658013688,0.9675499634,1,1,0.7019896193,0.6950747378,0.9977212099,0.9929754197,0.9264125819,0.9655057953,0.2326909172,0.5967747935,0.4523677734,0.4617382097,0.7112200789,0.6881469125,-0.1053605157,-0.1381503385,80e8d09433a5d7931877a46da847b79100164f4c5a1a08a178f1faec3426ae80,e2a6bdef1f8d56d02944553f24b5c2055686c62a9a67c090b31fdf2f5b719eeb,6f6cb9856aaf281dbb9350f25cc3b515ef8145eb279f0d66a26814f9ed9bf77b
64567:H2,64567,86443,110410,competitive_rank2,competitive_rank2,B,CANONICAL,1,True,,center5_v1,0.4917798666,0.8568836483,b0fee4bc6fd340e4,0.9732045643,0.9589951484,8069b221c47dd7c0,0.9344779798,0.8060146785,0.01346375736,0.01056993594,0.9344779798,0.9334411216,1,1,0.6983296558,0.7066948821,0.9988266228,0.9989215013,0.9325170659,0.918691637,0.3787715616,0.1719266644,0.222596759,0.05200436056,0.6521260288,0.861215095,-0.03774032798,-0.03636764417,80e8d09433a5d7931877a46da847b79100164f4c5a1a08a178f1faec3426ae80,0c32508716aa0ea8fd8e880fb4c5eb17c1d26d51400ea1ca8ed00f702131e648,ac46dff9aec332a8f40b30d4c8d3848d636d7c24bb393ef313b1efbd33963ee4
68840:H1,68840,68841,68838,disagree:laion_clap_vs_mert_5120,direct_disagreement,Tie,CANONICAL,1,False,TIE,center5_v1,0.8396216855,0.9183974429,b0fee4bc6fd340e4,0.9903116093,0.9855234591,8069b221c47dd7c0,0.9887228274,0.978428266,0.01600620827,0.01395885844,0.9887228274,0.978428266,0.9980178375,1,0.6627689543,0.6611754774,0.9769797868,0.9787376098,0.9972529696,0.9803393025,0.9390496174,0.8765268718,0.6804261115,0.5911945677,0.9880096161,0.9842772394,-0.1431008436,-0.1823215568,6017ac83dec9cbc325ea3341f0073068d67654e7de8d444943fbc33b27dd04e5,255271adee73b27210147e08d71b5b07391e0134619753ede0839e746df73d40,8f80fae451786b1f3679e85d11cc50579bfe9f6c65055ee46c363475a5a50ef6
68840:H2,68840,68838,68843,competitive_rank2,competitive_rank2,A,CANONICAL,1,True,,center5_v1,0.9183974429,0.8865150192,b0fee4bc6fd340e4,0.9855234591,0.9640994687,8069b221c47dd7c0,0.978428266,0.6827605493,0.01395885844,0.009192249775,0.978428266,0.9797648559,1,1,0.6611754774,0.6565751256,0.9787376098,0.9662723045,0.9803393025,0.9854419859,0.8765268718,0.2220682158,0.5911945677,0.3573130602,0.9842772394,0.9543021431,-0.1823215568,-0.2231435513,6017ac83dec9cbc325ea3341f0073068d67654e7de8d444943fbc33b27dd04e5,8f80fae451786b1f3679e85d11cc50579bfe9f6c65055ee46c363475a5a50ef6,340c89134bf953d5c2ede1ec258a0917116fb6167075d08953d8f0b4c9d09995
68840:H3,68840,68839,68838,competitive_rank2,competitive_rank2,Tie,CANONICAL,1,False,TIE,center5_v1,0.848328352,0.9183974429,b0fee4bc6fd340e4,0.9840575431,0.9855234591,8069b221c47dd7c0,0.9453759053,0.978428266,0.01134361355,0.01395885844,0.9453759053,0.978428266,1,1,0.6601871024,0.6611754774,0.9705183236,0.9787376098,0.9883646597,0.9803393025,0.7648491306,0.8765268718,0.9029515909,0.5911945677,0.989850208,0.9842772394,-0.6931471806,-0.1823215568,6017ac83dec9cbc325ea3341f0073068d67654e7de8d444943fbc33b27dd04e5,71b737f019b8a52ade8a2fe61b932370a075fd2024c144c1083d3463eadf970d,8f80fae451786b1f3679e85d11cc50579bfe9f6c65055ee46c363475a5a50ef6
68840:H4,68840,98251,68838,anchor_negative,anchor_negative,B,CANONICAL,1,False,,center5_v1,0.4012876272,0.9183974429,b0fee4bc6fd340e4,0.8337473442,0.9855234591,8069b221c47dd7c0,0.7514440636,0.978428266,0.00978827642,0.01395885844,0.9333636367,0.978428266,1,1,0.6887594101,0.6611754774,0.9823151037,0.9787376098,0.3774510565,0.9803393025,0.3147365111,0.8765268718,0.02983332987,0.5911945677,0.8506110081,0.9842772394,-0.1053605157,-0.1823215568,6017ac83dec9cbc325ea3341f0073068d67654e7de8d444943fbc33b27dd04e5,ba215bbce09386b67585931c8c0e3dad8de823b8db87e5a39235ecb9d0f7dcf3,8f80fae451786b1f3679e85d11cc50579bfe9f6c65055ee46c363475a5a50ef6
68844:H1,68844,148187,71884,anchor_negative,anchor_negative,A,CANONICAL,1,False,,center5_v1,0.8240716385,0.5529529732,b0fee4bc6fd340e4,0.9290829075,0.911276788,8069b221c47dd7c0,0.7913212953,0.7370313762,0.008662242511,0.008918853965,0.9515721255,0.8778778826,0.9980178375,1,0.6766585958,0.6689700787,0.9928685201,0.9853148587,0.9233385545,0.8567117162,0.3026406765,0.2998075774,0.8199921861,0.729214948,0.680364406,-0.1100440568,-0.1177830357,-0.3001045925,4ab28035633b62ff5f15928f1d399f8e83e6c18cb85104bcd3451088374e664e,ad16a96c4397a3fb31b5fb67bc157cc56e35b9b785ddbe1a8fa50a68fd5f7c56,4c1a005d6d081c82233c5ca4ca34d47701cd025a964b443ea06dca494d6ef680
75317:H1,75317,107613,104063,disagree:laion_clap_vs_mert_5120,direct_disagreement,B,CANONICAL,1,True,,center5_v1,0.5184208247,0.8069690554,b0fee4bc6fd340e4,0.9663186265,0.9453136127,8069b221c47dd7c0,0.8902532016,0.9261532411,0.01032344431,0.01134640721,0.9153458867,0.9455123598,0.9980178375,1,0.6272431402,0.6616732937,0.9802578576,0.9346003023,0.9773505619,0.9391699546,0.5220054365,0.6304901248,0.3119548949,0.620681485,0.551651205,-0.1352013576,-0,-0.1397619424,58e2be8335a3176a7d84e71faaefb344dc21edf56d4fb42ce919457b7b65d3df,c0c21fe82add340547bb2f602654d6bdbc83b1099179bc7eb9a6403ef3b09827,5b50712599652bb5e4c1fe5aacb13e1a7b80792af2ecda7330b35267288bc792
75317:H2,75317,104063,43599,disagree:laion_clap_vs_mert_generic,direct_disagreement,A,CANONICAL,1,True,,center5_v1,0.8069690554,0.3171030132,b0fee4bc6fd340e4,0.9453136127,0.9536120872,8069b221c47dd7c0,0.9261532411,0.8066744752,0.01134640721,0.01017317957,0.9455123598,0.8718693417,1,1,0.6616732937,0.6547143902,0.9346003023,0.9298028094,0.9391699546,0.9675505408,0.6304901248,0.7360766067,0.620681485,0.6109360831,-0.1352013576,0.7505669494,-0.1397619424,-0.3629054937,58e2be8335a3176a7d84e71faaefb344dc21edf56d4fb42ce919457b7b65d3df,5b50712599652bb5e4c1fe5aacb13e1a7b80792af2ecda7330b35267288bc792,a48fc796dfbe0a53b9754c111c503fb65e044bbb17bd440db85f32779a97dad6
75317:H3,75317,107613,43599,disagree:mert_5120_vs_mert_generic,direct_disagreement,A,CANONICAL,1,True,,center5_v1,0.5184208247,0.3171030132,b0fee4bc6fd340e4,0.9663186265,0.9536120872,8069b221c47dd7c0,0.8902532016,0.8066744752,0.01032344431,0.01017317957,0.9153458867,0.8718693417,0.9980178375,1,0.6272431402,0.6547143902,0.9802578576,0.9298028094,0.9773505619,0.9675505408,0.5220054365,0.7360766067,0.3119548949,0.6109360831,0.551651205,0.7505669494,-0,-0.3629054937,58e2be8335a3176a7d84e71faaefb344dc21edf56d4fb42ce919457b7b65d3df,c0c21fe82add340547bb2f602654d6bdbc83b1099179bc7eb9a6403ef3b09827,a48fc796dfbe0a53b9754c111c503fb65e044bbb17bd440db85f32779a97dad6
75317:H4,75317,83913,29816,competitive_rank2,competitive_rank2,B,CANONICAL,1,True,,center5_v1,0.4297168376,0.805761396,b0fee4bc6fd340e4,0.9662920409,0.923749679,8069b221c47dd7c0,0.912392288,0.9238935366,0.01035894137,0.0114063997,0.9298208434,0.9238935366,1,1,0.6685034569,0.6698734895,0.9653760168,0.9737003497,0.8864668827,0.9398620655,0.6571543762,0.7268366144,0.5409905902,0.3284681465,0.4384694922,-0.2285211473,-0.1910552368,-0.1603426501,58e2be8335a3176a7d84e71faaefb344dc21edf56d4fb42ce919457b7b65d3df,a9ef10dbe24ccfa19b05e8a98dd9515f7afd2953bdaba7d3889893b30d5271e4,c9652cd23744fdb9907972e970673c5057058cb021b42e3be64b476af69a13cf
75317:H5,75317,83913,54496,competitive_rank2,competitive_rank2,B,CANONICAL,1,True,,center5_v1,0.4297168376,0.4599126336,b0fee4bc6fd340e4,0.9662920409,0.9487077403,8069b221c47dd7c0,0.912392288,0.974526487,0.01035894137,0.01105925273,0.9298208434,0.974526487,1,1,0.6685034569,0.6939230237,0.9653760168,0.9809957658,0.8864668827,0.9612394581,0.6571543762,0.3938169802,0.5409905902,0.5996646983,0.4384694922,-0.1595276649,-0.1910552368,-0,58e2be8335a3176a7d84e71faaefb344dc21edf56d4fb42ce919457b7b65d3df,a9ef10dbe24ccfa19b05e8a98dd9515f7afd2953bdaba7d3889893b30d5271e4,84fca30947d7f1b99eb6331a89a09dd553ce175a772a41b182765f7278680aa5
75317:H6,75317,77564,104063,anchor_negative,anchor_negative,B,CANONICAL,1,False,,center5_v1,0.4227461644,0.8069690554,b0fee4bc6fd340e4,0.9289263352,0.9453136127,8069b221c47dd7c0,0.7955290136,0.9261532411,0.008540374912,0.01134640721,0.8382877525,0.9455123598,1,1,0.6520211424,0.6616732937,0.9623412089,0.9346003023,0.9119488174,0.9391699546,0.468513599,0.6304901248,0.05239969141,0.620681485,0.1102476951,-0.1352013576,-0.04255961442,-0.1397619424,58e2be8335a3176a7d84e71faaefb344dc21edf56d4fb42ce919457b7b65d3df,395804e9a40746f480860a72ee763b0f57de5ff2ba945ccf2a94bbd80030119b,5b50712599652bb5e4c1fe5aacb13e1a7b80792af2ecda7330b35267288bc792
84095:H1,84095,114391,73372,anchor_negative,anchor_negative,B,CANONICAL,1,False,,center5_v1,0.8608297074,0.6688036914,b0fee4bc6fd340e4,0.9540682171,0.9313154947,8069b221c47dd7c0,0.7833698009,0.8081263777,0.01065609026,0.01082084605,0.8680609104,0.8797674453,0.9920475875,1,0.631025227,0.6400414333,0.8373235511,0.9284245515,0.943389641,0.9050098133,0.6218733174,0.3896382695,0.1634871674,0.4873649245,0.8161657905,-0.4295386175,-0.4700036292,-0.2076393648,0747f099ab85e275ab83c24acb696c3f797a3b80c3bca53bcb83af111c7d9158,d0b11e45582d9897239c996dfc0e79a20a482cfb786ef4b2cc71377e18f9d4f9,6cd577cf97f8b37b87d232be0ffecca8f55334445138216f20126e323bbcb1da
87190:H1,87190,127184,40240,disagree:laion_clap_vs_mert_5120,direct_disagreement,A,CANONICAL,1,True,,center5_v1,0.8070896214,0.8413280392,b0fee4bc6fd340e4,0.9803763326,0.9689801228,8069b221c47dd7c0,0.93436626,0.817379178,0.01286068922,0.01172510375,0.9705783087,0.817379178,1,1,0.6412032835,0.6472174233,0.9588209891,0.9660981866,0.9619600218,0.9163643539,0.6760530865,0.5388165003,0.3827271626,0.419745165,0.8384263177,0.5776928533,-0.1278333715,-0.03922071315,efa2c44c26486300576fd04a23963b67c983bcf0f40ebadef309170781bf0aa0,6a1cb97de3c27957d2ced8b0f92b40394d95684235e56c9deef0813e1a420420,2eed5fab3776e89c2ac4f1a55c3c6d0622ad6072b2296dc524e82e791a2d4f22
87190:H2,87190,40240,35534,disagree:laion_clap_vs_mert_generic,direct_disagreement,Tie,CANONICAL,1,False,TIE,center5_v1,0.8413280392,0.5648047158,b0fee4bc6fd340e4,0.9689801228,0.9772562644,8069b221c47dd7c0,0.817379178,0.9382125675,0.01172510375,0.01305641629,0.817379178,0.9734591033,1,1,0.6472174233,0.6665933743,0.9660981866,0.9530639964,0.9163643539,0.9867940038,0.5388165003,0.4063770791,0.419745165,0.2053883477,0.5776928533,0.4124394602,-0.03922071315,-0.2744368457,efa2c44c26486300576fd04a23963b67c983bcf0f40ebadef309170781bf0aa0,2eed5fab3776e89c2ac4f1a55c3c6d0622ad6072b2296dc524e82e791a2d4f22,6172397278de5779a07cd6432dff55fd544ffa5cfff0994aede17853cf45eae0
87190:H3,87190,127184,35534,disagree:mert_5120_vs_mert_generic,direct_disagreement,B,CANONICAL,1,True,,center5_v1,0.8070896214,0.5648047158,b0fee4bc6fd340e4,0.9803763326,0.9772562644,8069b221c47dd7c0,0.93436626,0.9382125675,0.01286068922,0.01305641629,0.9705783087,0.9734591033,1,1,0.6412032835,0.6665933743,0.9588209891,0.9530639964,0.9619600218,0.9867940038,0.6760530865,0.4063770791,0.3827271626,0.2053883477,0.8384263177,0.4124394602,-0.1278333715,-0.2744368457,efa2c44c26486300576fd04a23963b67c983bcf0f40ebadef309170781bf0aa0,6a1cb97de3c27957d2ced8b0f92b40394d95684235e56c9deef0813e1a420420,6172397278de5779a07cd6432dff55fd544ffa5cfff0994aede17853cf45eae0
87190:H4,87190,127187,127278,competitive_rank2,competitive_rank2,B,CANONICAL,1,True,,center5_v1,0.8403001309,0.7625209963,b0fee4bc6fd340e4,0.9748864074,0.9799661815,8069b221c47dd7c0,0.9554190954,0.9181458024,0.0140721942,0.01228229097,0.9634602786,0.9684005524,1,1,0.634082495,0.6410230684,0.9613873978,0.9456676157,0.919061974,0.9724948945,0.6812049358,0.3699936702,0.5068653433,-0.009047247871,0.6912195986,0.6179782411,-0.08338160894,-0.07696104114,efa2c44c26486300576fd04a23963b67c983bcf0f40ebadef309170781bf0aa0,bb34c874f3795ad514d5455c10be9e0b349f8677f18277d3c73b5bd7a76cebb9,c2ad6e8551920c232d8539cf79312862bed8396c5e999c9f7350c5566a401973
87190:H5,87190,127278,127184,competitive_rank2,competitive_rank2,A,CANONICAL,1,True,,center5_v1,0.7625209963,0.8070896214,b0fee4bc6fd340e4,0.9799661815,0.9803763326,8069b221c47dd7c0,0.9181458024,0.93436626,0.01228229097,0.01286068922,0.9684005524,0.9705783087,1,1,0.6410230684,0.6412032835,0.9456676157,0.9588209891,0.9724948945,0.9619600218,0.3699936702,0.6760530865,-0.009047247871,0.3827271626,0.6179782411,0.8384263177,-0.07696104114,-0.1278333715,efa2c44c26486300576fd04a23963b67c983bcf0f40ebadef309170781bf0aa0,c2ad6e8551920c232d8539cf79312862bed8396c5e999c9f7350c5566a401973,6a1cb97de3c27957d2ced8b0f92b40394d95684235e56c9deef0813e1a420420
87190:H6,87190,625,40240,anchor_negative,anchor_negative,B,CANONICAL,1,False,,center5_v1,0.4513603897,0.8413280392,b0fee4bc6fd340e4,0.9406524526,0.9689801228,8069b221c47dd7c0,0.8237675729,0.817379178,0.01027371435,0.01172510375,0.8771796924,0.817379178,1,1,0.632682127,0.6472174233,0.9522584745,0.9660981866,0.7723857615,0.9163643539,0.3506301694,0.5388165003,0.1335448189,0.419745165,0.6163132878,0.5776928533,-0.1484200051,-0.03922071315,efa2c44c26486300576fd04a23963b67c983bcf0f40ebadef309170781bf0aa0,87348f74aa6f84ddf29acbadb3a34f3d1feb6a95b17df385386adffc9d2b97f3,2eed5fab3776e89c2ac4f1a55c3c6d0622ad6072b2296dc524e82e791a2d4f22
92885:H1,92885,121663,72927,disagree:laion_clap_vs_mert_5120,direct_disagreement,Tie,CANONICAL,1,False,TIE,center5_v1,0.8217445131,0.7912561798,b0fee4bc6fd340e4,0.916958971,0.9696195432,8069b221c47dd7c0,0.7322404651,0.8053399143,0.009644114017,0.01121617545,0.9637528468,0.9562873554,1,1,0.7482570645,0.7554784031,0.999899382,0.9989802001,0.9621269028,0.960758743,0.6902842489,0.4269741917,0.8513047193,0.8824920349,0.6420981031,0.7435127137,-0.08701137699,-0.1335313926,01bac2e6b65ea8f05f5b580e46bae4d338e919600c7994e66dd0fa15ebc09cdc,12f53b8b1ced0a700cbf2a307be24741efae5df49ae6565fca82d03828832b5b,0bfbefa1c207c780951517de3e0c836f818cd63e24361410cde3702514c7c479
92885:H2,92885,121663,125333,disagree:laion_clap_vs_mert_generic,direct_disagreement,Tie,CANONICAL,1,False,TIE,center5_v1,0.8217445131,0.4881787628,b0fee4bc6fd340e4,0.916958971,0.9636503267,8069b221c47dd7c0,0.7322404651,0.832330474,0.009644114017,0.01224457516,0.9637528468,0.9275446601,1,1,0.7482570645,0.7220788907,0.999899382,0.9958697467,0.9621269028,0.9705215377,0.6902842489,0.7881111226,0.8513047193,0.8054953209,0.6420981031,0.5837894171,-0.08701137699,-0.04255961442,01bac2e6b65ea8f05f5b580e46bae4d338e919600c7994e66dd0fa15ebc09cdc,12f53b8b1ced0a700cbf2a307be24741efae5df49ae6565fca82d03828832b5b,5d95d993945a18396d6425fb2bfa7bbf726fd94e8b393b084bff7b5f67805079
92885:H3,92885,125333,72927,disagree:mert_5120_vs_mert_generic,direct_disagreement,B,CANONICAL,1,True,,center5_v1,0.4881787628,0.7912561798,b0fee4bc6fd340e4,0.9636503267,0.9696195432,8069b221c47dd7c0,0.832330474,0.8053399143,0.01224457516,0.01121617545,0.9275446601,0.9562873554,1,1,0.7220788907,0.7554784031,0.9958697467,0.9989802001,0.9705215377,0.960758743,0.7881111226,0.4269741917,0.8054953209,0.8824920349,0.5837894171,0.7435127137,-0.04255961442,-0.1335313926,01bac2e6b65ea8f05f5b580e46bae4d338e919600c7994e66dd0fa15ebc09cdc,5d95d993945a18396d6425fb2bfa7bbf726fd94e8b393b084bff7b5f67805079,0bfbefa1c207c780951517de3e0c836f818cd63e24361410cde3702514c7c479
92885:H4,92885,68539,92886,competitive_rank2,competitive_rank2,B,CANONICAL,1,True,,center5_v1,0.3502609597,0.8205484636,b0fee4bc6fd340e4,0.969026099,0.9310573096,8069b221c47dd7c0,0.8931872761,0.8732602131,0.01303737037,0.01434204672,0.9256314237,0.8732602131,1,1,0.7852898573,0.7506673345,0.9998828635,0.9987422467,0.9790378108,0.9738184743,0.6106012597,0.6782482016,0.9672821804,0.7149212574,0.3394666068,0.4003671852,-0.04255961442,-0,01bac2e6b65ea8f05f5b580e46bae4d338e919600c7994e66dd0fa15ebc09cdc,dcdf1474c18e2ffa90840e466fefcb0b6c8520f2552a2d4125bb733098b44a24,f0add1a3c6d1f5e8fa48f175c49517a8d5a14eb12f2c89179ca027b88c5e8523
92885:H5,92885,68539,1702,competitive_rank2,competitive_rank2,B,CANONICAL,1,True,,center5_v1,0.3502609597,0.6308724282,b0fee4bc6fd340e4,0.969026099,0.9624528157,8069b221c47dd7c0,0.8931872761,0.9429775142,0.01303737037,0.01603157445,0.9256314237,0.9429775142,1,1,0.7852898573,0.717282524,0.9998828635,0.9917291206,0.9790378108,0.9697250148,0.6106012597,0.6608568275,0.9672821804,0.8257131869,0.3394666068,0.3374833352,-0.04255961442,-0.08701137699,01bac2e6b65ea8f05f5b580e46bae4d338e919600c7994e66dd0fa15ebc09cdc,dcdf1474c18e2ffa90840e466fefcb0b6c8520f2552a2d4125bb733098b44a24,4be40c4fcde5903982a50f7e6be7db552812bec8207606ccbf1316142375bbee
92885:H6,92885,708,121663,anchor_negative,anchor_negative,B,CANONICAL,1,False,,center5_v1,0.3684001038,0.8217445131,b0fee4bc6fd340e4,0.862198883,0.916958971,8069b221c47dd7c0,0.7980251815,0.7322404651,0.0103092409,0.009644114017,0.9552213775,0.9637528468,0.9950371902,1,0.6736374686,0.7482570645,0.9298286878,0.999899382,0.7210038751,0.9621269028,0.5084295714,0.6902842489,0.3945289189,0.8513047193,-0.04297430192,0.6420981031,-0.1177830357,-0.08701137699,01bac2e6b65ea8f05f5b580e46bae4d338e919600c7994e66dd0fa15ebc09cdc,f4862f21335e9877506b1bfe0babe0b458a220ca61e344730f5e85ef5c6cce9f,12f53b8b1ced0a700cbf2a307be24741efae5df49ae6565fca82d03828832b5b
94465:H1,94465,46840,124891,disagree:mert_5120_vs_mert_generic,direct_disagreement,A,CANONICAL,1,True,,center5_v1,0.4488332942,0.5378056376,b0fee4bc6fd340e4,0.9766333273,0.971931247,8069b221c47dd7c0,0.8888886113,0.8509327008,0.01062689377,0.009054609114,0.9469270811,0.9288287673,0.9980178375,0.9980178375,0.6497197222,0.6238012839,0.9307109557,0.9414382989,0.9682584402,0.9788295968,0.6453243381,0.2986311109,0.6247613775,0.3845360829,-0.3058247314,0.1878491734,-0.3646431136,-0.2162231085,c0661b021366b297b1c9a4ff338784e377278fd11a0034fe30c1ffc3b9353f7a,922054aeceba8d425b232edfc63f9901e03a47f4f24636b5e72f73825f29b641,36fa8c8626f1f4bcee6f405100d1ec5de24db4e13bb96b3dbd38ffd6fb0dda2b
