trial_id,query_id,candidate_a,candidate_b,split,source_pair,human_choice,included_binary,binary_label_a_wins,glap_cosine_a,glap_cosine_b,glap_margin,glap_prediction,clap_cosine_a,clap_cosine_b,clap_margin,clap_prediction,muq_cosine_a,muq_cosine_b,muq_margin
s2b_005b3aac3f7c6e8c07ef3bd2,87190,108298,40240,TRAIN,laion_clap__vs__muq_mulan_large,B,True,0,0.91244798898696899,0.86460268497467041,0.047845304012298584,A,0.71649456024169922,0.84132802486419678,-0.12483346462249756,B,0.88721883296966553,0.80059278011322021,0.086626052856445312
s2b_00f3bdc43fe1e2a240aed3e3,120770,115592,40844,TEST,laion_clap__vs__mert_5120,B,True,0,0.8613666296005249,0.91896593570709229,-0.057599306106567383,B,0.84391611814498901,0.76952546834945679,0.074390649795532227,A,0.53928613662719727,0.6643984317779541,-0.12511229515075684
s2b_0176ae545cd8090712b2650d,20364,86038,116388,TEST,laion_clap__vs__muq_mulan_large,Tie,False,,0.80960541963577271,0.90281462669372559,-0.093209207057952881,B,0.85447388887405396,0.69221597909927368,0.16225790977478027,A,0.62260341644287109,0.90940994024276733,-0.28680652379989624
s2b_01da24fe37f3266072f0384a,114223,126242,114222,TRAIN,mert_5120__vs__muq_mulan_large,B,True,0,0.86391222476959229,0.89412248134613037,-0.030210256576538086,B,0.87787353992462158,0.89951241016387939,-0.021638870239257812,B,0.87364006042480469,0.67236971855163574,0.20127034187316895
s2b_0261c466352d38c0aefd7c22,107249,55437,107256,TEST,laion_clap__vs__muq_mulan_large,B,True,0,0.87004172801971436,0.77426624298095703,0.095775485038757324,A,0.62195205688476562,0.88669109344482422,-0.26473903656005859,B,0.86458849906921387,0.64777243137359619,0.21681606769561768
s2b_031e4b4f3683ac39c7524e2c,114223,114222,115002,TRAIN,mert_5120__vs__muq_mulan_large,A,True,1,0.89412248134613037,0.88705754280090332,0.0070649385452270508,A,0.89951241016387939,0.79504859447479248,0.10446381568908691,A,0.67236971855163574,0.80965590476989746,-0.13728618621826172
s2b_040fabb99b22a6a3f3bb1aa6,38896,38880,38901,VALIDATION,laion_clap__vs__muq_mulan_large,B,True,0,0.84389311075210571,0.70186805725097656,0.14202505350112915,A,0.79663646221160889,0.86215686798095703,-0.065520405769348145,B,0.96007204055786133,0.84777957201004028,0.11229246854782104
s2b_04761110c9313a75884dbf11,106277,86993,42475,TEST,mert_5120__vs__muq_mulan_large,Tie,False,,0.86810183525085449,0.83790409564971924,0.030197739601135254,A,0.78435719013214111,0.70552897453308105,0.078828215599060059,A,0.90547943115234375,0.70096457004547119,0.20451486110687256
s2b_05f7ba1ff5a628ba37509847,48442,54437,22000,TEST,laion_clap__vs__muq_mulan_large,A,True,1,0.88894736766815186,0.92217594385147095,-0.033228576183319092,B,0.84154820442199707,0.65942800045013428,0.18212020397186279,A,0.79619723558425903,0.92339020967483521,-0.12719297409057617
s2b_065cd8e0210ff61667682e70,115700,79973,69002,TRAIN,laion_clap__vs__muq_mulan_large,B,True,0,0.73603379726409912,0.934276282787323,-0.19824248552322388,B,0.47719854116439819,0.68469935655593872,-0.20750081539154053,B,0.94870316982269287,0.85852795839309692,0.090175211429595947
s2b_0710a4830788975665a5745e,10435,40230,29128,TEST,laion_clap__vs__muq_mulan_large,B,True,0,0.83618289232254028,0.78704017400741577,0.049142718315124512,A,0.83352625370025635,0.7114519476890564,0.12207430601119995,A,0.77064108848571777,0.85421830415725708,-0.083577215671539307
s2b_0926031d256c19619ffd9e30,124913,126103,122456,TEST,laion_clap__vs__mert_5120,B,True,0,0.88341152667999268,0.8963552713394165,-0.012943744659423828,B,0.60603427886962891,0.8692326545715332,-0.2631983757019043,B,0.58726495504379272,0.83983230590820312,-0.2525673508644104
s2b_0a9b9235adaebb553608a0db,94465,43858,46840,VALIDATION,mert_5120__vs__muq_mulan_large,A,True,1,0.81221085786819458,0.62092864513397217,0.19128221273422241,A,0.80622631311416626,0.44883328676223755,0.35739302635192871,A,0.92439913749694824,0.73908865451812744,0.1853104829788208
s2b_0b5f22a6cedcd5a5b6067e64,113167,138406,57640,TRAIN,laion_clap__vs__muq_mulan_large,A,True,1,0.80292153358459473,0.78402727842330933,0.0188942551612854,A,0.85602748394012451,0.5968593955039978,0.25916808843612671,A,0.61722898483276367,0.83271002769470215,-0.21548104286193848
s2b_0b7373f8ede8ab10b1f0667c,64567,126602,110410,TEST,laion_clap__vs__muq_mulan_large,Neither,False,,0.88244748115539551,0.80559718608856201,0.076850295066833496,A,0.68392431735992432,0.85688364505767822,-0.17295932769775391,B,0.90970504283905029,0.80272865295410156,0.10697638988494873
s2b_0d5cf7c7343e2f8289478222,107027,108812,54753,TEST,laion_clap__vs__muq_mulan_large,A,True,1,0.82008308172225952,0.8312147855758667,-0.011131703853607178,B,0.84111899137496948,0.76032555103302002,0.080793440341949463,A,0.8810276985168457,0.93374854326248169,-0.052720844745635986
s2b_0e69cdf9a6fab81a6fd6e556,113167,57640,146961,TRAIN,mert_5120__vs__muq_mulan_large,B,True,0,0.78402727842330933,0.67569625377655029,0.10833102464675903,A,0.5968593955039978,0.831656813621521,-0.23479741811752319,B,0.83271002769470215,0.61757731437683105,0.21513271331787109
s2b_10c20e38169cd61735dba487,110262,75383,147265,TEST,mert_5120__vs__muq_mulan_large,A,True,1,0.76954203844070435,0.7718578577041626,-0.002315819263458252,B,0.66609340906143188,0.52591848373413086,0.14017492532730103,A,0.85264217853546143,0.56167638301849365,0.29096579551696777
s2b_11e4d7283a2c0a3fb83783d7,64567,126602,111389,TEST,mert_5120__vs__muq_mulan_large,Neither,False,,0.88244748115539551,0.89246678352355957,-0.010019302368164062,B,0.68392431735992432,0.76981031894683838,-0.085886001586914062,B,0.90970504283905029,0.83565056324005127,0.074054479598999023
s2b_121effc085d3f97cea831cb5,115700,69002,66482,TRAIN,laion_clap__vs__mert_5120,A,True,1,0.934276282787323,0.84819251298904419,0.086083769798278809,A,0.68469935655593872,0.60528796911239624,0.07941138744354248,A,0.85852795839309692,0.62580502033233643,0.2327229380607605
s2b_122db3ac35b6dab85ff6d46b,52393,61491,131439,TEST,laion_clap__vs__mert_5120,Tie,False,,0.71471917629241943,0.90388399362564087,-0.18916481733322144,B,0.63061648607254028,0.86191189289093018,-0.23129540681838989,B,0.61722016334533691,0.42115691304206848,0.19606325030326843
s2b_1283bf154c9279cffeed09f0,92885,92889,92886,TRAIN,laion_clap__vs__muq_mulan_large,Tie,False,,0.88954746723175049,0.89973127841949463,-0.010183811187744141,B,0.80788862705230713,0.82054847478866577,-0.012659847736358643,B,0.92082452774047852,0.71137475967407227,0.20944976806640625
s2b_13daea9d79e7a97d0cf19489,114223,115002,115293,TRAIN,laion_clap__vs__muq_mulan_large,A,True,1,0.88705754280090332,0.88765394687652588,-0.00059640407562255859,B,0.79504859447479248,0.94195318222045898,-0.1469045877456665,B,0.80965590476989746,0.70608508586883545,0.10357081890106201
s2b_143c2078195504759a13dffb,105408,112770,22095,VALIDATION,laion_clap__vs__muq_mulan_large,Tie,False,,0.94190794229507446,0.91693377494812012,0.024974167346954346,A,0.87904751300811768,0.71787786483764648,0.16116964817047119,A,0.90380406379699707,0.93765795230865479,-0.033853888511657715
s2b_14ca9fc3886afd5514832ca4,107249,129268,56646,TEST,laion_clap__vs__mert_5120,A,True,1,0.9410514235496521,0.93352377414703369,0.0075276494026184082,A,0.82242780923843384,0.74639934301376343,0.07602846622467041,A,0.68822711706161499,0.60938125848770142,0.078845858573913574
s2b_166b7a2a577b69dd5be10b17,62450,75925,62448,VALIDATION,laion_clap__vs__mert_5120,B,True,0,0.57343780994415283,0.87358826398849487,-0.30015045404434204,B,0.41383281350135803,0.85830116271972656,-0.44446834921836853,B,0.29908668994903564,0.4953140914440155,-0.19622740149497986
s2b_16a549d460210c290257f805,107249,131656,107256,TEST,laion_clap__vs__muq_mulan_large,B,True,0,0.73219400644302368,0.77426624298095703,-0.04207223653793335,B,0.74226492643356323,0.88669109344482422,-0.14442616701126099,B,0.88969796895980835,0.64777243137359619,0.24192553758621216
s2b_16c6f61cfae88bbbdafd7af5,120770,139937,40844,TEST,mert_5120__vs__muq_mulan_large,A,True,1,0.85639917850494385,0.91896593570709229,-0.062566757202148438,B,0.84306234121322632,0.76952546834945679,0.073536872863769531,A,0.77780091762542725,0.6643984317779541,0.11340248584747314
s2b_198508b8b6640a12588a5762,52393,55481,61491,TEST,mert_5120__vs__muq_mulan_large,B,True,0,0.69647103548049927,0.71471917629241943,-0.018248140811920166,B,0.49598494172096252,0.63061648607254028,-0.13463154435157776,B,0.91354745626449585,0.61722016334533691,0.29632729291915894
s2b_1a158782cbf4aa98744a9235,87190,127184,97894,TRAIN,mert_5120__vs__muq_mulan_large,A,True,1,0.92854928970336914,0.8347284197807312,0.093820869922637939,A,0.80708962678909302,0.71072846651077271,0.096361160278320312,A,0.83707165718078613,0.88626748323440552,-0.049195826053619385
s2b_1acec3c97c252875d8a5469e,134930,134935,134940,VALIDATION,laion_clap__vs__mert_5120,Tie,False,,0.9510345458984375,0.96210145950317383,-0.011066913604736328,B,0.87336993217468262,0.93060106039047241,-0.057231128215789795,B,0.90557771921157837,0.92617583274841309,-0.020598113536834717
s2b_1c5a8eddc76f28fc91cc6716,125814,117170,126520,TRAIN,laion_clap__vs__mert_5120,A,True,1,0.93692201375961304,0.80011248588562012,0.13680952787399292,A,0.92227625846862793,0.57237380743026733,0.3499024510383606,A,0.90135502815246582,0.71109271049499512,0.1902623176574707
s2b_1f1523336d629d2aa35f745c,48442,54437,97841,TEST,laion_clap__vs__muq_mulan_large,A,True,1,0.88894736766815186,0.9627043604850769,-0.073756992816925049,B,0.84154820442199707,0.74462997913360596,0.096918225288391113,A,0.79619723558425903,0.94037151336669922,-0.14417427778244019
s2b_1f2e03b2c25a9081cd18ba55,42844,66535,10809,TRAIN,laion_clap__vs__mert_5120,A,True,1,0.82137739658355713,0.7574007511138916,0.063976645469665527,A,0.77529704570770264,0.74099218845367432,0.03430485725402832,A,0.87133324146270752,0.75117850303649902,0.1201547384262085
s2b_1fcfb90aae9b2cb3a73d1ec4,3921,80758,98301,TRAIN,laion_clap__vs__muq_mulan_large,A,True,1,0.68677389621734619,0.74563193321228027,-0.058858036994934082,B,0.79778718948364258,0.65183281898498535,0.14595437049865723,A,0.65693134069442749,0.81536632776260376,-0.15843498706817627
s2b_20dba19b34f3a7fd5ac52f03,113284,40844,53457,TEST,laion_clap__vs__mert_5120,A,True,1,0.92693495750427246,0.9147331714630127,0.012201786041259766,A,0.82210803031921387,0.86062526702880859,-0.038517236709594727,B,0.86607378721237183,0.86268246173858643,0.0033913254737854004
s2b_20f7b862fab83a75f99e93d1,115700,66482,15625,TRAIN,laion_clap__vs__mert_5120,B,True,0,0.84819251298904419,0.90200841426849365,-0.053815901279449463,B,0.60528796911239624,0.74452531337738037,-0.13923734426498413,B,0.62580502033233643,0.89339578151702881,-0.26759076118469238
s2b_2168ecbc52499fd1427ba2e6,125193,126674,125182,VALIDATION,laion_clap__vs__mert_5120,Tie,False,,0.74919402599334717,0.79215234518051147,-0.042958319187164307,B,0.81746470928192139,0.89195096492767334,-0.074486255645751953,B,0.79375350475311279,0.86809897422790527,-0.07434546947479248
s2b_22bcf2a91318d1509f6fc904,10435,40230,98301,TEST,laion_clap__vs__mert_5120,Neither,False,,0.83618289232254028,0.79036402702331543,0.045818865299224854,A,0.83352625370025635,0.46805357933044434,0.36547267436981201,A,0.77064108848571777,0.45506966114044189,0.31557142734527588
s2b_2311862db9d3e7430eba62b5,92885,121663,92889,TRAIN,laion_clap__vs__muq_mulan_large,Tie,False,,0.86380648612976074,0.88954746723175049,-0.025740981101989746,B,0.82174450159072876,0.80788862705230713,0.013855874538421631,A,0.7683405876159668,0.92082452774047852,-0.15248394012451172
s2b_238d38b87154886a6762e72b,86441,4022,137740,TRAIN,laion_clap__vs__muq_mulan_large,Tie,False,,0.86589354276657104,0.84420132637023926,0.021692216396331787,A,0.77198112010955811,0.83015710115432739,-0.058175981044769287,B,0.93796581029891968,0.86389696598052979,0.074068844318389893
s2b_2a60b4ac5ad60564b53a7d4f,68840,68843,68839,TEST,laion_clap__vs__muq_mulan_large,Tie,False,,0.8169977068901062,0.83720099925994873,-0.020203292369842529,B,0.88651502132415771,0.8483283519744873,0.03818666934967041,A,0.71354472637176514,0.79911553859710693,-0.085570812225341797
s2b_2e368afbad2aa8b8365c72e3,84095,128668,114391,TRAIN,laion_clap__vs__muq_mulan_large,B,True,0,0.90548312664031982,0.90641623735427856,-0.00093311071395874023,B,0.62167090177536011,0.86082965135574341,-0.2391587495803833,B,0.92480683326721191,0.82643038034439087,0.098376452922821045
s2b_2ef548f468445f34add70275,20364,120105,30120,TEST,laion_clap__vs__mert_5120,B,True,0,0.90778863430023193,0.90513336658477783,0.0026552677154541016,A,0.51456677913665771,0.81986081600189209,-0.30529403686523438,B,0.60228610038757324,0.90114897489547729,-0.29886287450790405
s2b_30a37b741712559441f52dfe,32340,80756,98297,TEST,mert_5120__vs__muq_mulan_large,B,True,0,0.81691747903823853,0.74397367238998413,0.072943806648254395,A,0.46436613798141479,0.71173018217086792,-0.24736404418945312,B,0.36903303861618042,0.86718529462814331,-0.49815225601196289
s2b_3199911328fec44b2e8668f6,127359,129398,129397,TRAIN,laion_clap__vs__mert_5120,Tie,False,,0.80252552032470703,0.78336232900619507,0.019163191318511963,A,0.87667000293731689,0.76401537656784058,0.11265462636947632,A,0.93631881475448608,0.95315742492675781,-0.016838610172271729
s2b_333ddbead16fd72fd1089f24,120770,115592,139937,TEST,laion_clap__vs__muq_mulan_large,B,True,0,0.8613666296005249,0.85639917850494385,0.0049674510955810547,A,0.84391611814498901,0.84306234121322632,0.00085377693176269531,A,0.53928613662719727,0.77780091762542725,-0.23851478099822998
s2b_338405eaaca89c9eeb3162df,32340,91228,80756,TEST,laion_clap__vs__mert_5120,A,True,1,0.74405992031097412,0.81691747903823853,-0.072857558727264404,B,0.77699220180511475,0.46436613798141479,0.31262606382369995,A,0.42852848768234253,0.36903303861618042,0.059495449066162109
s2b_350810d63fe97b776ebbd71b,3921,98301,6379,TRAIN,mert_5120__vs__muq_mulan_large,B,True,0,0.74563193321228027,0.76888978481292725,-0.023257851600646973,B,0.65183281898498535,0.60888612270355225,0.042946696281433105,A,0.81536632776260376,0.57073855400085449,0.24462777376174927
s2b_357f41da3aad387224afb5ec,124913,108530,122456,TEST,laion_clap__vs__muq_mulan_large,Tie,False,,0.88165903091430664,0.8963552713394165,-0.014696240425109863,B,0.82138597965240479,0.8692326545715332,-0.047846674919128418,B,0.91364169120788574,0.83983230590820312,0.073809385299682617
s2b_3691d82d6d508eb8e518ad1a,52393,107047,61491,TEST,mert_5120__vs__muq_mulan_large,B,True,0,0.7190932035446167,0.71471917629241943,0.0043740272521972656,A,0.45580005645751953,0.63061648607254028,-0.17481642961502075,B,0.90557503700256348,0.61722016334533691,0.28835487365722656
s2b_3789cde06c31a9fce3f6a124,110262,107181,75418,TEST,laion_clap__vs__mert_5120,B,True,0,0.81976735591888428,0.86140251159667969,-0.04163515567779541,B,0.66966909170150757,0.781707763671875,-0.11203867197036743,B,0.6218077540397644,0.70956665277481079,-0.087758898735046387
s2b_379a398759ed8afdadff2b65,68840,68843,68841,TEST,laion_clap__vs__mert_5120,Tie,False,,0.8169977068901062,0.75115573406219482,0.065841972827911377,A,0.88651502132415771,0.83962172269821167,0.046893298625946045,A,0.71354472637176514,0.8121258020401001,-0.098581075668334961
s2b_3958015275e803fa181e56ad,134930,134935,134951,VALIDATION,mert_5120__vs__muq_mulan_large,Tie,False,,0.9510345458984375,0.93810969591140747,0.012924849987030029,A,0.87336993217468262,0.8736606240272522,-0.00029069185256958008,B,0.90557771921157837,0.9452812671661377,-0.039703547954559326
s2b_3a9597f0df7f0299deee4b18,11790,101893,45153,TRAIN,mert_5120__vs__muq_mulan_large,B,True,0,0.85085546970367432,0.90752458572387695,-0.056669116020202637,B,0.71286904811859131,0.62131547927856445,0.091553568840026855,A,0.66217184066772461,0.91978025436401367,-0.25760841369628906
s2b_3d45797a10d7a1b1b5023f6a,68844,68842,148187,TEST,laion_clap__vs__mert_5120,A,True,1,0.6367601752281189,0.6787758469581604,-0.042015671730041504,B,0.8236040472984314,0.82407164573669434,-0.00046759843826293945,B,0.86371052265167236,0.59737515449523926,0.26633536815643311
s2b_3fc8983a34bb453a03ca9022,120770,139937,133027,TEST,laion_clap__vs__muq_mulan_large,A,True,1,0.85639917850494385,0.86617505550384521,-0.0097758769989013672,B,0.84306234121322632,0.86486184597015381,-0.02179950475692749,B,0.77780091762542725,0.6270442008972168,0.15075671672821045
s2b_400bf6f4de6fc2d8297d0c94,120770,133027,40844,TEST,laion_clap__vs__mert_5120,Tie,False,,0.86617505550384521,0.91896593570709229,-0.05279088020324707,B,0.86486184597015381,0.76952546834945679,0.095336377620697021,A,0.6270442008972168,0.6643984317779541,-0.037354230880737305
s2b_42311e13f2478dbb3f7a31ec,3921,126490,98301,TRAIN,mert_5120__vs__muq_mulan_large,A,True,1,0.73603296279907227,0.74563193321228027,-0.0095989704132080078,B,0.54135864973068237,0.65183281898498535,-0.11047416925430298,B,0.59974819421768188,0.81536632776260376,-0.21561813354492188
s2b_4458cf3a28ea6fee41e9f9d8,127359,127356,129401,TRAIN,mert_5120__vs__muq_mulan_large,A,True,1,0.79471391439437866,0.82589167356491089,-0.031177759170532227,B,0.88231134414672852,0.77118396759033203,0.11112737655639648,A,0.92740428447723389,0.96137583255767822,-0.033971548080444336
s2b_454f2cfea1fdcc05e73dc7e6,106277,83558,9550,TEST,laion_clap__vs__muq_mulan_large,Neither,False,,0.74100619554519653,0.81196045875549316,-0.070954263210296631,B,0.82306158542633057,0.68169683218002319,0.14136475324630737,A,0.61757826805114746,0.90801572799682617,-0.29043745994567871
s2b_46e1cbd214883ff174b9d30a,20364,86038,120105,TEST,laion_clap__vs__mert_5120,A,True,1,0.80960541963577271,0.90778863430023193,-0.098183214664459229,B,0.85447388887405396,0.51456677913665771,0.33990710973739624,A,0.62260341644287109,0.60228610038757324,0.020317316055297852
s2b_47d58d9e3aca0617e92492a8,107249,55437,56646,TEST,mert_5120__vs__muq_mulan_large,Tie,False,,0.87004172801971436,0.93352377414703369,-0.063482046127319336,B,0.62195205688476562,0.74639934301376343,-0.1244472861289978,B,0.86458849906921387,0.60938125848770142,0.25520724058151245
s2b_480371f04a0f1fcd943da1d0,68840,68838,68841,TEST,laion_clap__vs__mert_5120,A,True,1,0.83648812770843506,0.75115573406219482,0.085332393646240234,A,0.91839742660522461,0.83962172269821167,0.078775703907012939,A,0.74701774120330811,0.8121258020401001,-0.065108060836791992
s2b_4871e1c6fd7d7c69353e6648,38896,38901,38884,VALIDATION,laion_clap__vs__muq_mulan_large,B,True,0,0.70186805725097656,0.87091976404190063,-0.16905170679092407,B,0.86215686798095703,0.85761463642120361,0.004542231559753418,A,0.84777957201004028,0.95957350730895996,-0.11179393529891968
s2b_487c2e8f736fb747122d86a5,84095,53157,128668,TRAIN,laion_clap__vs__muq_mulan_large,Neither,False,,0.89546263217926025,0.90548312664031982,-0.01002049446105957,B,0.85823416709899902,0.62167090177536011,0.23656326532363892,A,0.62524217367172241,0.92480683326721191,-0.2995646595954895
s2b_48877ea6472116f0154acb92,125193,68354,125182,VALIDATION,laion_clap__vs__muq_mulan_large,Tie,False,,0.71696627140045166,0.79215234518051147,-0.075186073780059814,B,0.67562437057495117,0.89195096492767334,-0.21632659435272217,B,0.92249035835266113,0.86809897422790527,0.054391384124755859
s2b_493a345343843e956e9c720d,124913,144423,126103,TEST,mert_5120__vs__muq_mulan_large,A,True,1,0.93810850381851196,0.88341152667999268,0.054696977138519287,A,0.86883878707885742,0.60603427886962891,0.26280450820922852,A,0.91735553741455078,0.58726495504379272,0.33009058237075806
s2b_49a671f449686a54b4995e9b,62450,75925,69762,VALIDATION,laion_clap__vs__mert_5120,B,True,0,0.57343780994415283,0.80337059497833252,-0.22993278503417969,B,0.41383281350135803,0.82569998502731323,-0.4118671715259552,B,0.29908668994903564,0.39534193277359009,-0.096255242824554443
s2b_49f5cd3e0f9c5638aa0fb4b0,115700,7548,79973,TRAIN,mert_5120__vs__muq_mulan_large,B,True,0,0.85577350854873657,0.73603379726409912,0.11973971128463745,A,0.46794781088829041,0.47719854116439819,-0.0092507302761077881,B,0.57875657081604004,0.94870316982269287,-0.36994659900665283
s2b_4e07ed3711a6c3a332522041,64567,41961,126602,TEST,laion_clap__vs__muq_mulan_large,Tie,False,,0.89512002468109131,0.88244748115539551,0.012672543525695801,A,0.88395917415618896,0.68392431735992432,0.20003485679626465,A,0.86372244358062744,0.90970504283905029,-0.045982599258422852
s2b_4f2b16285982832b310c6715,134823,86416,91315,TRAIN,mert_5120__vs__muq_mulan_large,Tie,False,,0.94739294052124023,0.86415696144104004,0.083235979080200195,A,0.74499768018722534,0.85653448104858398,-0.11153680086135864,B,0.80889999866485596,0.92308419942855835,-0.11418420076370239
s2b_4f69dde42def9688fd2403e0,124913,122456,69205,TEST,laion_clap__vs__mert_5120,Tie,False,,0.8963552713394165,0.90111011266708374,-0.0047548413276672363,B,0.8692326545715332,0.7792898416519165,0.089942812919616699,A,0.83983230590820312,0.82979995012283325,0.010032355785369873
s2b_4f81369278b5573bdf6107ef,3921,126490,51659,TRAIN,laion_clap__vs__mert_5120,A,True,1,0.73603296279907227,0.69888710975646973,0.037145853042602539,A,0.54135864973068237,0.81373298168182373,-0.27237433195114136,B,0.59974819421768188,0.65771025419235229,-0.05796205997467041
s2b_4fd02e77fe051e8f446ed67b,68840,16745,68843,TEST,mert_5120__vs__muq_mulan_large,Tie,False,,0.78956043720245361,0.8169977068901062,-0.027437269687652588,B,0.65563321113586426,0.88651502132415771,-0.23088181018829346,B,0.47238743305206299,0.71354472637176514,-0.24115729331970215
s2b_50663802fa3c68912fddbcac,62450,11019,62448,VALIDATION,laion_clap__vs__muq_mulan_large,B,True,0,0.80200564861297607,0.87358826398849487,-0.071582615375518799,B,0.50473517179489136,0.85830116271972656,-0.35356599092483521,B,0.72724032402038574,0.4953140914440155,0.23192623257637024
s2b_506922e2a5a16f7f0e0989ed,20364,84417,86038,TEST,laion_clap__vs__muq_mulan_large,Tie,False,,0.75181567668914795,0.80960541963577271,-0.057789742946624756,B,0.62551522254943848,0.85447388887405396,-0.22895866632461548,B,0.91886609792709351,0.62260341644287109,0.29626268148422241
s2b_50a94d64f95b2e20686330b1,125193,125189,125182,VALIDATION,laion_clap__vs__muq_mulan_large,A,True,1,0.77516019344329834,0.79215234518051147,-0.016992151737213135,B,0.86220365762710571,0.89195096492767334,-0.029747307300567627,B,0.93226528167724609,0.86809897422790527,0.06416630744934082
s2b_5159375ca7df39761dbc28aa,41605,54019,83600,TRAIN,laion_clap__vs__mert_5120,A,True,1,0.89011543989181519,0.76056599617004395,0.12954944372177124,A,0.71719479560852051,0.45174336433410645,0.26545143127441406,A,0.90500146150588989,0.72444057464599609,0.1805608868598938
s2b_52c9a61be74e8a13fd87f14e,94465,46840,108841,VALIDATION,mert_5120__vs__muq_mulan_large,Neither,False,,0.62092864513397217,0.80539906024932861,-0.18447041511535645,B,0.44883328676223755,0.75918805599212646,-0.31035476922988892,B,0.73908865451812744,0.92716789245605469,-0.18807923793792725
s2b_53013c357988890de611b8e7,68844,148187,68837,TEST,laion_clap__vs__mert_5120,Tie,False,,0.6787758469581604,0.49947786331176758,0.17929798364639282,A,0.82407164573669434,0.74962723255157471,0.074444413185119629,A,0.59737515449523926,0.85202872753143311,-0.25465357303619385
s2b_5403c8e70620eab9197ec0d7,94465,108838,108841,VALIDATION,laion_clap__vs__muq_mulan_large,A,True,1,0.88262403011322021,0.80539906024932861,0.077224969863891602,A,0.90059351921081543,0.75918805599212646,0.14140546321868896,A,0.85631781816482544,0.92716789245605469,-0.070850074291229248
s2b_543bfe67c0cb696fa24e2431,10435,98301,21996,TEST,mert_5120__vs__muq_mulan_large,Neither,False,,0.79036402702331543,0.74061864614486694,0.049745380878448486,A,0.46805357933044434,0.58286845684051514,-0.1148148775100708,B,0.45506966114044189,0.85289347171783447,-0.39782381057739258
s2b_55965a936e2e300558741bfc,124913,69205,144423,TEST,mert_5120__vs__muq_mulan_large,Tie,False,,0.90111011266708374,0.93810850381851196,-0.036998391151428223,B,0.7792898416519165,0.86883878707885742,-0.089548945426940918,B,0.82979995012283325,0.91735553741455078,-0.087555587291717529
s2b_57edc12e110d36cbfd3c26a8,48442,114392,97841,TEST,mert_5120__vs__muq_mulan_large,Tie,False,,0.85844564437866211,0.9627043604850769,-0.10425871610641479,B,0.72985458374023438,0.74462997913360596,-0.014775395393371582,B,0.79389607906341553,0.94037151336669922,-0.14647543430328369
s2b_5897ad1e3c7683d29fd3e60b,87190,40240,127278,TRAIN,laion_clap__vs__mert_5120,Tie,False,,0.86460268497467041,0.83533215522766113,0.029270529747009277,A,0.84132802486419678,0.76252102851867676,0.07880699634552002,A,0.80059278011322021,0.75452888011932373,0.046063899993896484
s2b_5a44870d32779d2fc2254204,52393,58116,61491,TEST,laion_clap__vs__mert_5120,B,True,0,0.82740068435668945,0.71471917629241943,0.11268150806427002,A,0.83985114097595215,0.63061648607254028,0.20923465490341187,A,0.58118987083435059,0.61722016334533691,-0.036030292510986328
s2b_5a8855ce7fbc3d35218024da,68844,87971,148187,TEST,laion_clap__vs__muq_mulan_large,B,True,0,0.7202039361000061,0.6787758469581604,0.041428089141845703,A,0.80619591474533081,0.82407164573669434,-0.017875730991363525,B,0.91492348909378052,0.59737515449523926,0.31754833459854126
s2b_5b4e5396a455575beb8098e1,92885,72927,92889,TRAIN,mert_5120__vs__muq_mulan_large,Tie,False,,0.91366839408874512,0.88954746723175049,0.024120926856994629,A,0.79125618934631348,0.80788862705230713,-0.016632437705993652,B,0.68037533760070801,0.92082452774047852,-0.24044919013977051
s2b_5c36a6a7d584ff2d7ce88742,75317,107613,104063,TRAIN,laion_clap__vs__mert_5120,B,True,0,0.76684856414794922,0.88241726160049438,-0.11556869745254517,B,0.51842081546783447,0.8069690465927124,-0.28854823112487793,B,0.69313549995422363,0.69760608673095703,-0.0044705867767333984
s2b_5d4b1d3f8b0d6385141815e2,11790,101893,72783,TRAIN,mert_5120__vs__muq_mulan_large,B,True,0,0.85085546970367432,0.83011424541473389,0.02074122428894043,A,0.71286904811859131,0.76123654842376709,-0.048367500305175781,B,0.66217184066772461,0.92210114002227783,-0.25992929935455322
s2b_5d6460eeb306f111e9b7f1e1,64567,126602,86443,TEST,mert_5120__vs__muq_mulan_large,A,True,1,0.88244748115539551,0.78253376483917236,0.099913716316223145,A,0.68392431735992432,0.49177983403205872,0.1921444833278656,A,0.90970504283905029,0.47316116094589233,0.43654388189315796
s2b_5e823418e473d5db6699a2de,115700,15625,79973,TRAIN,laion_clap__vs__muq_mulan_large,A,True,1,0.90200841426849365,0.73603379726409912,0.16597461700439453,A,0.74452531337738037,0.47719854116439819,0.26732677221298218,A,0.89339578151702881,0.94870316982269287,-0.055307388305664062
s2b_5ea352656de204c4931658e6,131410,126224,90592,TEST,laion_clap__vs__muq_mulan_large,A,True,1,0.73245233297348022,0.800667405128479,-0.068215072154998779,B,0.49650862812995911,0.80044114589691162,-0.30393251776695251,B,0.92618060111999512,0.83674699068069458,0.089433610439300537
s2b_5ee4ddeada91eea2cc36942c,113284,145706,53457,TEST,laion_clap__vs__muq_mulan_large,Neither,False,,0.90028125047683716,0.9147331714630127,-0.014451920986175537,B,0.79389697313308716,0.86062526702880859,-0.066728293895721436,B,0.93720847368240356,0.86268246173858643,0.074526011943817139
s2b_5f58ca9cf614840bbe68502c,134930,134931,134951,VALIDATION,laion_clap__vs__muq_mulan_large,Neither,False,,0.95266908407211304,0.93810969591140747,0.014559388160705566,A,0.91169428825378418,0.8736606240272522,0.038033664226531982,A,0.86723077297210693,0.9452812671661377,-0.078050494194030762
s2b_5ffe4fd98f734ec2fa17d544,143098,143097,126944,VALIDATION,mert_5120__vs__muq_mulan_large,A,True,1,0.85435163974761963,0.77650052309036255,0.07785111665725708,A,0.86579936742782593,0.75961852073669434,0.10618084669113159,A,0.87810993194580078,0.96306693553924561,-0.084957003593444824
s2b_60e30f48e8ed20b7676b6789,131410,714,145475,TEST,mert_5120__vs__muq_mulan_large,A,True,1,0.72773879766464233,0.80547308921813965,-0.077734291553497314,B,0.67020976543426514,0.53389328718185425,0.13631647825241089,A,0.93056440353393555,0.23220857977867126,0.69835582375526428
s2b_6120c24e46a4870799adef51,86441,4022,101951,TRAIN,mert_5120__vs__muq_mulan_large,A,True,1,0.86589354276657104,0.83877456188201904,0.027118980884552002,A,0.77198112010955811,0.67033731937408447,0.10164380073547363,A,0.93796581029891968,0.68215852975845337,0.25580728054046631
s2b_61b876a37d5be9d72d227593,86441,63472,101951,TRAIN,mert_5120__vs__muq_mulan_large,A,True,1,0.89637672901153564,0.83877456188201904,0.057602167129516602,A,0.6444249153137207,0.67033731937408447,-0.02591240406036377,B,0.93106722831726074,0.68215852975845337,0.24890869855880737
s2b_63126af2681268860b842f76,113284,145706,40844,TEST,mert_5120__vs__muq_mulan_large,Neither,False,,0.90028125047683716,0.92693495750427246,-0.026653707027435303,B,0.79389697313308716,0.82210803031921387,-0.028211057186126709,B,0.93720847368240356,0.86607378721237183,0.071134686470031738
s2b_63cdc53052207679925ea6d9,134823,86416,56639,TRAIN,laion_clap__vs__mert_5120,A,True,1,0.94739294052124023,0.94589394330978394,0.0014989972114562988,A,0.74499768018722534,0.91128915548324585,-0.16629147529602051,B,0.80889999866485596,0.90923190116882324,-0.10033190250396729
s2b_661e60dec2349784edf91a0f,42844,137715,66535,TRAIN,laion_clap__vs__muq_mulan_large,A,True,1,0.79198867082595825,0.82137739658355713,-0.029388725757598877,B,0.69603699445724487,0.77529704570770264,-0.079260051250457764,B,0.93153774738311768,0.87133324146270752,0.060204505920410156
s2b_6a9c96fe65c180c9301ceba5,131410,18607,90592,TEST,laion_clap__vs__mert_5120,B,True,0,0.74271517992019653,0.800667405128479,-0.057952225208282471,B,0.6831737756729126,0.80044114589691162,-0.11726737022399902,B,0.70904457569122314,0.83674699068069458,-0.12770241498947144
s2b_6b4dbf80a0a47bd4a2ddfef5,92885,72927,121663,TRAIN,laion_clap__vs__mert_5120,A,True,1,0.91366839408874512,0.86380648612976074,0.049861907958984375,A,0.79125618934631348,0.82174450159072876,-0.030488312244415283,B,0.68037533760070801,0.7683405876159668,-0.087965250015258789
s2b_6bb1f3d968654528bc7f7f57,131410,145475,90592,TEST,laion_clap__vs__mert_5120,B,True,0,0.80547308921813965,0.800667405128479,0.0048056840896606445,A,0.53389328718185425,0.80044114589691162,-0.26654785871505737,B,0.23220857977867126,0.83674699068069458,-0.60453841090202332
s2b_6bbf981ad6957e05ecf53b39,131410,714,90592,TEST,laion_clap__vs__muq_mulan_large,Tie,False,,0.72773879766464233,0.800667405128479,-0.07292860746383667,B,0.67020976543426514,0.80044114589691162,-0.13023138046264648,B,0.93056440353393555,0.83674699068069458,0.093817412853240967
s2b_6d2952b9961a1a69a78c7bd8,92885,121663,68539,TRAIN,laion_clap__vs__mert_5120,A,True,1,0.86380648612976074,0.70498877763748169,0.15881770849227905,A,0.82174450159072876,0.35026097297668457,0.47148352861404419,A,0.7683405876159668,0.60763376951217651,0.16070681810379028
s2b_6eacbd748f8378dd12c22f9a,68844,87967,148187,TEST,laion_clap__vs__muq_mulan_large,B,True,0,0.57530146837234497,0.6787758469581604,-0.10347437858581543,B,0.56685042381286621,0.82407164573669434,-0.25722122192382812,B,0.87200331687927246,0.59737515449523926,0.2746281623840332
s2b_6ecc6fbcdc0959f277eda9ad,75317,104063,70879,TRAIN,laion_clap__vs__muq_mulan_large,A,True,1,0.88241726160049438,0.72538995742797852,0.15702730417251587,A,0.8069690465927124,0.56416040658950806,0.24280864000320435,A,0.69760608673095703,0.93209993839263916,-0.23449385166168213
s2b_717a5edae83fa19ca3f207d0,64567,41961,86443,TEST,laion_clap__vs__mert_5120,A,True,1,0.89512002468109131,0.78253376483917236,0.11258625984191895,A,0.88395917415618896,0.49177983403205872,0.39217934012413025,A,0.86372244358062744,0.47316116094589233,0.39056128263473511
s2b_71bc2d52911add1fd672d4bb,143098,96759,49817,VALIDATION,laion_clap__vs__mert_5120,Tie,False,,0.8941352367401123,0.89109218120574951,0.003043055534362793,A,0.85196959972381592,0.88564050197601318,-0.033670902252197266,B,0.9147796630859375,0.75662559270858765,0.15815407037734985
s2b_7259b55a730f0e4a9bae5b9a,10435,29128,53588,TEST,laion_clap__vs__muq_mulan_large,B,True,0,0.78704017400741577,0.81829625368118286,-0.03125607967376709,B,0.7114519476890564,0.79310405254364014,-0.08165210485458374,B,0.85421830415725708,0.59167391061782837,0.26254439353942871
s2b_72935fb5c9ec2f6e013c367f,86441,63472,137740,TRAIN,laion_clap__vs__muq_mulan_large,Tie,False,,0.89637672901153564,0.84420132637023926,0.052175402641296387,A,0.6444249153137207,0.83015710115432739,-0.18573218584060669,B,0.93106722831726074,0.86389696598052979,0.067170262336730957
s2b_7353f10c636ef7679010bf98,134823,91315,144214,TRAIN,laion_clap__vs__muq_mulan_large,Tie,False,,0.86415696144104004,0.92301630973815918,-0.058859348297119141,B,0.85653448104858398,0.91561901569366455,-0.059084534645080566,B,0.92308419942855835,0.73034226894378662,0.19274193048477173
s2b_798c7b1d96fc5402d0022680,62450,69762,11019,VALIDATION,laion_clap__vs__muq_mulan_large,A,True,1,0.80337059497833252,0.80200564861297607,0.0013649463653564453,A,0.82569998502731323,0.50473517179489136,0.32096481323242188,A,0.39534193277359009,0.72724032402038574,-0.33189839124679565
s2b_7aacf93ca0668f0feadc7ea4,149712,20376,71622,VALIDATION,laion_clap__vs__mert_5120,B,True,0,0.8841056227684021,0.82593417167663574,0.058171451091766357,A,0.56380093097686768,0.82793158292770386,-0.26413065195083618,B,0.17187216877937317,0.51249843835830688,-0.34062626957893372
s2b_7b4444b74c0938e5496d93ed,84095,128668,73565,TRAIN,mert_5120__vs__muq_mulan_large,B,True,0,0.90548312664031982,0.86023736000061035,0.045245766639709473,A,0.62167090177536011,0.70620959997177124,-0.084538698196411133,B,0.92480683326721191,0.67667758464813232,0.24812924861907959
s2b_7b7efe3cfa6e19a54d8ba0c3,68840,16745,68862,TEST,mert_5120__vs__muq_mulan_large,Tie,False,,0.78956043720245361,0.85484564304351807,-0.065285205841064453,B,0.65563321113586426,0.79671972990036011,-0.14108651876449585,B,0.47238743305206299,0.70607459545135498,-0.23368716239929199
s2b_7da8feaf0272f3c1fa6475bb,75317,104063,132040,TRAIN,laion_clap__vs__muq_mulan_large,B,True,0,0.88241726160049438,0.86479973793029785,0.017617523670196533,A,0.8069690465927124,0.67519724369049072,0.13177180290222168,A,0.69760608673095703,0.90999710559844971,-0.21239101886749268
s2b_809d0abdf3837c2f3f6a0389,11790,26013,140620,TRAIN,laion_clap__vs__mert_5120,A,True,1,0.87728351354598999,0.84835755825042725,0.028925955295562744,A,0.79452276229858398,0.56203508377075195,0.23248767852783203,A,0.87497127056121826,0.74175119400024414,0.13322007656097412
s2b_80d23a199dc4cbd5e2ce18c3,107027,45125,54753,TEST,mert_5120__vs__muq_mulan_large,B,True,0,0.80660414695739746,0.8312147855758667,-0.024610638618469238,B,0.68626487255096436,0.76032555103302002,-0.074060678482055664,B,0.72708863019943237,0.93374854326248169,-0.20665991306304932
s2b_8679fa309cf0447fd55e1976,43586,60873,43596,TRAIN,mert_5120__vs__muq_mulan_large,Tie,False,,0.85468220710754395,0.87851607799530029,-0.023833870887756348,B,0.8099663257598877,0.82084786891937256,-0.010881543159484863,B,0.65331947803497314,0.87538337707519531,-0.22206389904022217
s2b_876008cc557f384cbb8527cf,143098,143097,62655,VALIDATION,mert_5120__vs__muq_mulan_large,B,True,0,0.85435163974761963,0.90003740787506104,-0.045685768127441406,B,0.86579936742782593,0.74937939643859863,0.11641997098922729,A,0.87810993194580078,0.95149850845336914,-0.073388576507568359
s2b_876714a8f4f760e9514160a1,143098,143097,49817,VALIDATION,laion_clap__vs__mert_5120,B,True,0,0.85435163974761963,0.89109218120574951,-0.036740541458129883,B,0.86579936742782593,0.88564050197601318,-0.019841134548187256,B,0.87810993194580078,0.75662559270858765,0.12148433923721313
s2b_87a0075f4b9fdb212922f703,114223,115289,114222,TRAIN,laion_clap__vs__mert_5120,B,True,0,0.89779138565063477,0.89412248134613037,0.0036689043045043945,A,0.91442179679870605,0.89951241016387939,0.01490938663482666,A,0.72273242473602295,0.67236971855163574,0.050362706184387207
s2b_8837f20a769aab0224eca7af,110262,75383,107181,TEST,mert_5120__vs__muq_mulan_large,Tie,False,,0.76954203844070435,0.81976735591888428,-0.050225317478179932,B,0.66609340906143188,0.66966909170150757,-0.0035756826400756836,B,0.85264217853546143,0.6218077540397644,0.23083442449569702
s2b_889cf261cb931d7fd370abd2,149712,20376,131984,VALIDATION,mert_5120__vs__muq_mulan_large,Neither,False,,0.8841056227684021,0.91280907392501831,-0.028703451156616211,B,0.56380093097686768,0.47093936800956726,0.092861562967300415,A,0.17187216877937317,0.77111417055130005,-0.59924200177192688
s2b_88cd7af731bdf13477aa8ff7,107249,129268,60537,TEST,laion_clap__vs__mert_5120,A,True,1,0.9410514235496521,0.93848448991775513,0.0025669336318969727,A,0.82242780923843384,0.66935145854949951,0.15307635068893433,A,0.68822711706161499,0.6015850305557251,0.086642086505889893
s2b_88e39975834e928cc0f6109b,125814,117170,125812,TRAIN,laion_clap__vs__muq_mulan_large,Tie,False,,0.93692201375961304,0.90304219722747803,0.03387981653213501,A,0.92227625846862793,0.88717687129974365,0.035099387168884277,A,0.90135502815246582,0.92004978656768799,-0.018694758415222168
s2b_88edab509225f26f8ea64389,20364,120105,84417,TEST,mert_5120__vs__muq_mulan_large,B,True,0,0.90778863430023193,0.75181567668914795,0.15597295761108398,A,0.51456677913665771,0.62551522254943848,-0.11094844341278076,B,0.60228610038757324,0.91886609792709351,-0.31657999753952026
s2b_8938b1dd98eff323ec5179e5,125193,125189,126674,VALIDATION,mert_5120__vs__muq_mulan_large,A,True,1,0.77516019344329834,0.74919402599334717,0.025966167449951172,A,0.86220365762710571,0.81746470928192139,0.044738948345184326,A,0.93226528167724609,0.79375350475311279,0.1385117769241333
s2b_8a27b0064b156d85f455eb35,62450,11261,75925,VALIDATION,mert_5120__vs__muq_mulan_large,Neither,False,,0.65792608261108398,0.57343780994415283,0.084488272666931152,A,0.51841282844543457,0.41383281350135803,0.10458001494407654,A,0.6897435188293457,0.29908668994903564,0.39065682888031006
s2b_8d45ed6049ff21650a51ba50,107027,108812,94426,TEST,laion_clap__vs__muq_mulan_large,Tie,False,,0.82008308172225952,0.85320401191711426,-0.033120930194854736,B,0.84111899137496948,0.63964414596557617,0.20147484540939331,A,0.8810276985168457,0.9235224723815918,-0.042494773864746094
s2b_8da19b5ff2dd3a13f415dea5,11790,72783,26013,TRAIN,laion_clap__vs__muq_mulan_large,B,True,0,0.83011424541473389,0.87728351354598999,-0.047169268131256104,B,0.76123654842376709,0.79452276229858398,-0.033286213874816895,B,0.92210114002227783,0.87497127056121826,0.04712986946105957
s2b_8e44cca24a1744fdce6ad7a2,113284,53160,145706,TEST,laion_clap__vs__muq_mulan_large,Tie,False,,0.94852966070175171,0.90028125047683716,0.048248410224914551,A,0.85780173540115356,0.79389697313308716,0.063904762268066406,A,0.76998800039291382,0.93720847368240356,-0.16722047328948975
s2b_8e9f209ab85e30b95a9e23cd,32340,80756,85973,TEST,mert_5120__vs__muq_mulan_large,B,True,0,0.81691747903823853,0.84994137287139893,-0.0330238938331604,B,0.46436613798141479,0.6906924843788147,-0.2263263463973999,B,0.36903303861618042,0.8089834451675415,-0.43995040655136108
s2b_8fc435d94f0931ca0e700889,43586,43590,43596,TRAIN,laion_clap__vs__muq_mulan_large,Tie,False,,0.96671122312545776,0.87851607799530029,0.088195145130157471,A,0.8995739221572876,0.82084786891937256,0.078726053237915039,A,0.86823564767837524,0.87538337707519531,-0.0071477293968200684
s2b_922d4c28311b8f5737759d11,105408,112770,97845,VALIDATION,laion_clap__vs__mert_5120,Tie,False,,0.94190794229507446,0.94091075658798218,0.00099718570709228516,A,0.87904751300811768,0.82909733057022095,0.049950182437896729,A,0.90380406379699707,0.91503775119781494,-0.011233687400817871
s2b_9259ac50ab74ae802a979140,41605,68540,83600,TRAIN,mert_5120__vs__muq_mulan_large,Neither,False,,0.81135737895965576,0.76056599617004395,0.050791382789611816,A,0.18031483888626099,0.45174336433410645,-0.27142852544784546,B,0.93590807914733887,0.72444057464599609,0.21146750450134277
s2b_936bb1ba2a652581aa2aad08,107249,56646,131656,TEST,mert_5120__vs__muq_mulan_large,B,True,0,0.93352377414703369,0.73219400644302368,0.20132976770401001,A,0.74639934301376343,0.74226492643356323,0.0041344165802001953,A,0.60938125848770142,0.88969796895980835,-0.28031671047210693
s2b_9594e182eeb7fbe7d5d35b5b,3921,80758,126490,TRAIN,laion_clap__vs__mert_5120,A,True,1,0.68677389621734619,0.73603296279907227,-0.049259066581726074,B,0.79778718948364258,0.54135864973068237,0.25642853975296021,A,0.65693134069442749,0.59974819421768188,0.057183146476745605
s2b_9697216e862302b6deb68193,115700,66482,79973,TRAIN,mert_5120__vs__muq_mulan_large,Neither,False,,0.84819251298904419,0.73603379726409912,0.11215871572494507,A,0.60528796911239624,0.47719854116439819,0.12808942794799805,A,0.62580502033233643,0.94870316982269287,-0.32289814949035645
s2b_9707d2ae6cb447efebec05cd,134930,134932,134935,VALIDATION,mert_5120__vs__muq_mulan_large,Tie,False,,0.94330835342407227,0.9510345458984375,-0.0077261924743652344,B,0.8834872841835022,0.87336993217468262,0.01011735200881958,A,0.92631840705871582,0.90557771921157837,0.020740687847137451
s2b_98165a35d17b222e3b705dd2,114223,114222,115293,TRAIN,laion_clap__vs__mert_5120,A,True,1,0.89412248134613037,0.88765394687652588,0.0064685344696044922,A,0.89951241016387939,0.94195318222045898,-0.04244077205657959,B,0.67236971855163574,0.70608508586883545,-0.033715367317199707
s2b_9a49579d95e8ae38d4173c85,68840,68838,68839,TEST,laion_clap__vs__muq_mulan_large,Tie,False,,0.83648812770843506,0.83720099925994873,-0.00071287155151367188,B,0.91839742660522461,0.8483283519744873,0.070069074630737305,A,0.74701774120330811,0.79911553859710693,-0.052097797393798828
s2b_9accf11177fafb80e60784fd,113167,146961,138406,TRAIN,laion_clap__vs__mert_5120,Tie,False,,0.67569625377655029,0.80292153358459473,-0.12722527980804443,B,0.831656813621521,0.85602748394012451,-0.024370670318603516,B,0.61757731437683105,0.61722898483276367,0.00034832954406738281
s2b_9ce611cea9c1286aceabeb7c,131410,714,18607,TEST,mert_5120__vs__muq_mulan_large,A,True,1,0.72773879766464233,0.74271517992019653,-0.014976382255554199,B,0.67020976543426514,0.6831737756729126,-0.012964010238647461,B,0.93056440353393555,0.70904457569122314,0.2215198278427124
s2b_a0a2eeba2fd29378d6af1311,120770,100975,40844,TEST,mert_5120__vs__muq_mulan_large,A,True,1,0.90304327011108398,0.91896593570709229,-0.015922665596008301,B,0.82560944557189941,0.76952546834945679,0.056083977222442627,A,0.77057802677154541,0.6643984317779541,0.10617959499359131
s2b_a1391f11e2541875976a8aa0,38896,38907,38884,VALIDATION,laion_clap__vs__mert_5120,A,True,1,0.81384104490280151,0.87091976404190063,-0.057078719139099121,B,0.80491423606872559,0.85761463642120361,-0.052700400352478027,B,0.84045398235321045,0.95957350730895996,-0.11911952495574951
s2b_a154b6eeb425d6b47f20efb8,125814,126717,125812,TRAIN,mert_5120__vs__muq_mulan_large,B,True,0,0.83612072467803955,0.90304219722747803,-0.066921472549438477,B,0.84324938058853149,0.88717687129974365,-0.043927490711212158,B,0.79754239320755005,0.92004978656768799,-0.12250739336013794
s2b_a157c7f34fca2e0a5643ba06,105408,22095,21422,VALIDATION,mert_5120__vs__muq_mulan_large,A,True,1,0.91693377494812012,0.88320374488830566,0.033730030059814453,A,0.71787786483764648,0.75416231155395508,-0.036284446716308594,B,0.93765795230865479,0.78245353698730469,0.1552044153213501
s2b_a20edab94e9a2d967a66bb7c,43586,43590,60873,TRAIN,laion_clap__vs__mert_5120,Tie,False,,0.96671122312545776,0.85468220710754395,0.11202901601791382,A,0.8995739221572876,0.8099663257598877,0.089607596397399902,A,0.86823564767837524,0.65331947803497314,0.2149161696434021
s2b_a29c58e1925f3c4ffdad9c0e,107027,54753,129396,TEST,mert_5120__vs__muq_mulan_large,Tie,False,,0.8312147855758667,0.70749318599700928,0.12372159957885742,A,0.76032555103302002,0.45195665955543518,0.30836889147758484,A,0.93374854326248169,0.54065567255020142,0.39309287071228027
s2b_a2a3ded8503e579320427419,52393,55481,131439,TEST,laion_clap__vs__muq_mulan_large,B,True,0,0.69647103548049927,0.90388399362564087,-0.2074129581451416,B,0.49598494172096252,0.86191189289093018,-0.36592695116996765,B,0.91354745626449585,0.42115691304206848,0.49239054322242737
s2b_a31d06108a2be67924de174b,3921,51659,98301,TRAIN,laion_clap__vs__muq_mulan_large,B,True,0,0.69888710975646973,0.74563193321228027,-0.046744823455810547,B,0.81373298168182373,0.65183281898498535,0.16190016269683838,A,0.65771025419235229,0.81536632776260376,-0.15765607357025146
s2b_a6411ebbad91c768e5abe6a3,110262,107189,110264,TEST,laion_clap__vs__muq_mulan_large,B,True,0,0.89903855323791504,0.78530871868133545,0.11372983455657959,A,0.82166802883148193,0.68883544206619263,0.13283258676528931,A,0.6728438138961792,0.80730056762695312,-0.13445675373077393
s2b_a66748012a5430d452684822,113284,145706,54719,TEST,mert_5120__vs__muq_mulan_large,A,True,1,0.90028125047683716,0.81439459323883057,0.085886657238006592,A,0.79389697313308716,0.66819137334823608,0.12570559978485107,A,0.93720847368240356,0.84435880184173584,0.092849671840667725
s2b_a680d500576d7bddce9df1d5,48442,54437,114392,TEST,laion_clap__vs__mert_5120,Tie,False,,0.88894736766815186,0.85844564437866211,0.030501723289489746,A,0.84154820442199707,0.72985458374023438,0.1116936206817627,A,0.79619723558425903,0.79389607906341553,0.0023011565208435059
s2b_a83da4902c1a787da1a2cf18,94465,46840,26020,VALIDATION,laion_clap__vs__mert_5120,B,True,0,0.62092864513397217,0.86491525173187256,-0.24398660659790039,B,0.44883328676223755,0.90154337882995605,-0.45271009206771851,B,0.73908865451812744,0.85269320011138916,-0.11360454559326172
s2b_aa7c28f0b980e94ef6ebbe6b,84095,73565,114391,TRAIN,laion_clap__vs__mert_5120,A,True,1,0.86023736000061035,0.90641623735427856,-0.046178877353668213,B,0.70620959997177124,0.86082965135574341,-0.15462005138397217,B,0.67667758464813232,0.82643038034439087,-0.14975279569625854
s2b_abec375934ebd0875b720fab,42844,54735,66535,TRAIN,laion_clap__vs__muq_mulan_large,B,True,0,0.79921162128448486,0.82137739658355713,-0.022165775299072266,B,0.5835186243057251,0.77529704570770264,-0.19177842140197754,B,0.93104338645935059,0.87133324146270752,0.059710144996643066
s2b_abfa4cd6f98489b561387a9d,127359,127357,129398,TRAIN,laion_clap__vs__mert_5120,B,True,0,0.81373113393783569,0.80252552032470703,0.011205613613128662,A,0.7405809760093689,0.87667000293731689,-0.136089026927948,B,0.92389732599258423,0.93631881475448608,-0.012421488761901855
s2b_ac40d86264a8b267e9d4f39e,42844,137715,10809,TRAIN,mert_5120__vs__muq_mulan_large,A,True,1,0.79198867082595825,0.7574007511138916,0.03458791971206665,A,0.69603699445724487,0.74099218845367432,-0.044955193996429443,B,0.93153774738311768,0.75117850303649902,0.18035924434661865
s2b_ad1b24aed2137f475243ecc4,105408,21422,112770,VALIDATION,laion_clap__vs__mert_5120,B,True,0,0.88320374488830566,0.94190794229507446,-0.058704197406768799,B,0.75416231155395508,0.87904751300811768,-0.1248852014541626,B,0.78245353698730469,0.90380406379699707,-0.12135052680969238
s2b_ad635bd3484e19ee057024b2,105408,97844,21422,VALIDATION,mert_5120__vs__muq_mulan_large,A,True,1,0.94719725847244263,0.88320374488830566,0.063993513584136963,A,0.7672499418258667,0.75416231155395508,0.013087630271911621,A,0.91862714290618896,0.78245353698730469,0.13617360591888428
s2b_add99fd176431afb5a55ce08,106277,42475,83558,TEST,laion_clap__vs__mert_5120,A,True,1,0.83790409564971924,0.74100619554519653,0.096897900104522705,A,0.70552897453308105,0.82306158542633057,-0.11753261089324951,B,0.70096457004547119,0.61757826805114746,0.08338630199432373
s2b_ae8d5e47490e63db46b6c7ab,106277,9550,35543,TEST,laion_clap__vs__muq_mulan_large,Neither,False,,0.81196045875549316,0.7765878438949585,0.035372614860534668,A,0.68169683218002319,0.8302767276763916,-0.14857989549636841,B,0.90801572799682617,0.72488665580749512,0.18312907218933105
s2b_aeb34fc8a53aade4dd6b2ddd,113167,97211,138406,TRAIN,laion_clap__vs__mert_5120,B,True,0,0.8957371711730957,0.80292153358459473,0.092815637588500977,A,0.64523947238922119,0.85602748394012451,-0.21078801155090332,B,0.82707381248474121,0.61722898483276367,0.20984482765197754
s2b_b051b711d14dee714cb8fd13,149712,131984,110634,VALIDATION,laion_clap__vs__muq_mulan_large,B,True,0,0.91280907392501831,0.75485855340957642,0.15795052051544189,A,0.47093936800956726,0.81542336940765381,-0.34448400139808655,B,0.77111417055130005,0.4578012228012085,0.31331294775009155
s2b_b1abe27ccd9f8959d2fcbffc,75317,107613,29816,TRAIN,laion_clap__vs__mert_5120,B,True,0,0.76684856414794922,0.87653684616088867,-0.10968828201293945,B,0.51842081546783447,0.80576139688491821,-0.28734058141708374,B,0.69313549995422363,0.84583568572998047,-0.15270018577575684
s2b_b38a4584db2e084b0bf0db2e,20364,16743,84417,TEST,mert_5120__vs__muq_mulan_large,B,True,0,0.71439498662948608,0.75181567668914795,-0.037420690059661865,B,0.4542197585105896,0.62551522254943848,-0.17129546403884888,B,0.37231385707855225,0.91886609792709351,-0.54655224084854126
s2b_b42dda3519daf2fdfb4b7723,41605,127623,40654,TRAIN,laion_clap__vs__muq_mulan_large,A,True,1,0.85739552974700928,0.92041611671447754,-0.063020586967468262,B,0.60218733549118042,0.73069870471954346,-0.12851136922836304,B,0.94100147485733032,0.81600236892700195,0.12499910593032837
s2b_b6fb16c729ba5cb96f7cebfa,38896,38901,38907,VALIDATION,laion_clap__vs__mert_5120,B,True,0,0.70186805725097656,0.81384104490280151,-0.11197298765182495,B,0.86215686798095703,0.80491423606872559,0.057242631912231445,A,0.84777957201004028,0.84045398235321045,0.007325589656829834
s2b_ba0121de5f25c7a86d2a5a5c,134823,144214,86416,TRAIN,laion_clap__vs__mert_5120,Tie,False,,0.92301630973815918,0.94739294052124023,-0.024376630783081055,B,0.91561901569366455,0.74499768018722534,0.17062133550643921,A,0.73034226894378662,0.80889999866485596,-0.078557729721069336
s2b_ba43a66e71840ed8916ec971,43586,113697,43590,TRAIN,laion_clap__vs__mert_5120,Tie,False,,0.67666971683502197,0.96671122312545776,-0.29004150629043579,B,0.70615863800048828,0.8995739221572876,-0.19341528415679932,B,0.75483512878417969,0.86823564767837524,-0.11340051889419556
s2b_bb70d043252bf254295ed0ed,84095,114391,48437,TRAIN,laion_clap__vs__mert_5120,B,True,0,0.90641623735427856,0.93479478359222412,-0.028378546237945557,B,0.86082965135574341,0.79743534326553345,0.063394308090209961,A,0.82643038034439087,0.8869403600692749,-0.060509979724884033
s2b_c23e00152b7624ebd8337c41,125814,117170,125809,TRAIN,laion_clap__vs__muq_mulan_large,A,True,1,0.93692201375961304,0.87693780660629272,0.059984207153320312,A,0.92227625846862793,0.73842811584472656,0.18384814262390137,A,0.90135502815246582,0.91313302516937256,-0.011777997016906738
s2b_c25ccd886fff97bad0bdf6b2,11790,101893,26013,TRAIN,laion_clap__vs__mert_5120,B,True,0,0.85085546970367432,0.87728351354598999,-0.026428043842315674,B,0.71286904811859131,0.79452276229858398,-0.081653714179992676,B,0.66217184066772461,0.87497127056121826,-0.21279942989349365
s2b_c2e3200efe90bfed82dc379a,125193,126674,68354,VALIDATION,mert_5120__vs__muq_mulan_large,A,True,1,0.74919402599334717,0.71696627140045166,0.032227754592895508,A,0.81746470928192139,0.67562437057495117,0.14184033870697021,A,0.79375350475311279,0.92249035835266113,-0.12873685359954834
s2b_c49522b83069607bca127588,134930,134951,134940,VALIDATION,laion_clap__vs__muq_mulan_large,Tie,False,,0.93810969591140747,0.96210145950317383,-0.023991763591766357,B,0.8736606240272522,0.93060106039047241,-0.056940436363220215,B,0.9452812671661377,0.92617583274841309,0.019105434417724609
s2b_c5bbd3f06c3b00cda5d89132,149712,20376,44798,VALIDATION,mert_5120__vs__muq_mulan_large,A,True,1,0.8841056227684021,0.86513316631317139,0.018972456455230713,A,0.56380093097686768,0.55930101871490479,0.0044999122619628906,A,0.17187216877937317,0.74605143070220947,-0.5741792619228363
s2b_c678e6ab5b9e8987a5f9a274,64567,41961,111389,TEST,laion_clap__vs__mert_5120,A,True,1,0.89512002468109131,0.89246678352355957,0.0026532411575317383,A,0.88395917415618896,0.76981031894683838,0.11414885520935059,A,0.86372244358062744,0.83565056324005127,0.028071880340576172
s2b_c6eec90a5913839296b642cf,149712,71622,131984,VALIDATION,laion_clap__vs__muq_mulan_large,B,True,0,0.82593417167663574,0.91280907392501831,-0.086874902248382568,B,0.82793158292770386,0.47093936800956726,0.3569922149181366,A,0.51249843835830688,0.77111417055130005,-0.25861573219299316
s2b_c96db2e905b5f7c46163f5b4,106277,42475,9550,TEST,mert_5120__vs__muq_mulan_large,A,True,1,0.83790409564971924,0.81196045875549316,0.025943636894226074,A,0.70552897453308105,0.68169683218002319,0.023832142353057861,A,0.70096457004547119,0.90801572799682617,-0.20705115795135498
s2b_c9dce7785c3326c933ffa27c,10435,29128,98301,TEST,mert_5120__vs__muq_mulan_large,A,True,1,0.78704017400741577,0.79036402702331543,-0.0033238530158996582,B,0.7114519476890564,0.46805357933044434,0.24339836835861206,A,0.85421830415725708,0.45506966114044189,0.39914864301681519
s2b_c9de017df9d6ff1bcfaf0677,125814,117170,126717,TRAIN,laion_clap__vs__mert_5120,A,True,1,0.93692201375961304,0.83612072467803955,0.10080128908157349,A,0.92227625846862793,0.84324938058853149,0.079026877880096436,A,0.90135502815246582,0.79754239320755005,0.10381263494491577
s2b_ccb45cfc629f36a7fe4d6bee,62450,75925,11019,VALIDATION,mert_5120__vs__muq_mulan_large,B,True,0,0.57343780994415283,0.80200564861297607,-0.22856783866882324,B,0.41383281350135803,0.50473517179489136,-0.090902358293533325,B,0.29908668994903564,0.72724032402038574,-0.4281536340713501
s2b_cd9348d79cb5ecd70024e779,114223,126242,115293,TRAIN,laion_clap__vs__muq_mulan_large,B,True,0,0.86391222476959229,0.88765394687652588,-0.023741722106933594,B,0.87787353992462158,0.94195318222045898,-0.064079642295837402,B,0.87364006042480469,0.70608508586883545,0.16755497455596924
s2b_cef8a47f5e20328a843a7838,113284,40844,53160,TEST,laion_clap__vs__mert_5120,A,True,1,0.92693495750427246,0.94852966070175171,-0.021594703197479248,B,0.82210803031921387,0.85780173540115356,-0.035693705081939697,B,0.86607378721237183,0.76998800039291382,0.096085786819458008
s2b_cf6e6acc52d55ab1c52b076b,113167,57640,125183,TRAIN,laion_clap__vs__muq_mulan_large,B,True,0,0.78402727842330933,0.83919662237167358,-0.055169343948364258,B,0.5968593955039978,0.84529685974121094,-0.24843746423721313,B,0.83271002769470215,0.65936160087585449,0.17334842681884766
s2b_cffbe4c2aa0e242a6e1668bb,134823,84111,86416,TRAIN,mert_5120__vs__muq_mulan_large,Tie,False,,0.95169448852539062,0.94739294052124023,0.0043015480041503906,A,0.88129007816314697,0.74499768018722534,0.13629239797592163,A,0.9192841649055481,0.80889999866485596,0.11038416624069214
s2b_d0678bf47d1a0f9d90efe0a8,143098,62655,49817,VALIDATION,laion_clap__vs__muq_mulan_large,Tie,False,,0.90003740787506104,0.89109218120574951,0.0089452266693115234,A,0.74937939643859863,0.88564050197601318,-0.13626110553741455,B,0.95149850845336914,0.75662559270858765,0.19487291574478149
s2b_d2045d5bb083561af1be47cd,42844,137715,35543,TRAIN,mert_5120__vs__muq_mulan_large,A,True,1,0.79198867082595825,0.77340936660766602,0.018579304218292236,A,0.69603699445724487,0.5493462085723877,0.14669078588485718,A,0.93153774738311768,0.48742151260375977,0.44411623477935791
s2b_d2a7e2b99f8ada82198ee6ea,127359,129397,129403,TRAIN,mert_5120__vs__muq_mulan_large,Tie,False,,0.78336232900619507,0.85593855381011963,-0.072576224803924561,B,0.76401537656784058,0.86104953289031982,-0.097034156322479248,B,0.95315742492675781,0.97027623653411865,-0.01711881160736084
s2b_d3921ae3dd595c720398e05d,43586,60873,43585,TRAIN,mert_5120__vs__muq_mulan_large,Tie,False,,0.85468220710754395,0.94858622550964355,-0.093904018402099609,B,0.8099663257598877,0.84956789016723633,-0.039601564407348633,B,0.65331947803497314,0.9232180118560791,-0.26989853382110596
s2b_d461af19d47b11c7bf53d86d,48442,54437,42014,TEST,laion_clap__vs__mert_5120,A,True,1,0.88894736766815186,0.91868144273757935,-0.02973407506942749,B,0.84154820442199707,0.59138834476470947,0.2501598596572876,A,0.79619723558425903,0.59329766035079956,0.20289957523345947
s2b_d665810c987729fdf04a66c1,125814,126520,125812,TRAIN,mert_5120__vs__muq_mulan_large,B,True,0,0.80011248588562012,0.90304219722747803,-0.10292971134185791,B,0.57237380743026733,0.88717687129974365,-0.31480306386947632,B,0.71109271049499512,0.92004978656768799,-0.20895707607269287
s2b_d6eedfbd3de57320f2668934,87190,127184,40240,TRAIN,laion_clap__vs__mert_5120,Tie,False,,0.92854928970336914,0.86460268497467041,0.06394660472869873,A,0.80708962678909302,0.84132802486419678,-0.03423839807510376,B,0.83707165718078613,0.80059278011322021,0.036478877067565918
s2b_d73624bbd956e3696d923e0d,43586,43590,43585,TRAIN,laion_clap__vs__muq_mulan_large,Tie,False,,0.96671122312545776,0.94858622550964355,0.018124997615814209,A,0.8995739221572876,0.84956789016723633,0.05000603199005127,A,0.86823564767837524,0.9232180118560791,-0.054982364177703857
s2b_d7f6db43e9a4c1fdb75b5721,38896,38880,38908,VALIDATION,mert_5120__vs__muq_mulan_large,B,True,0,0.84389311075210571,0.79957139492034912,0.044321715831756592,A,0.79663646221160889,0.75238382816314697,0.044252634048461914,A,0.96007204055786133,0.8632509708404541,0.096821069717407227
s2b_d827fd0f2c8b958b25ae9998,38896,38907,38880,VALIDATION,mert_5120__vs__muq_mulan_large,A,True,1,0.81384104490280151,0.84389311075210571,-0.030052065849304199,B,0.80491423606872559,0.79663646221160889,0.0082777738571166992,A,0.84045398235321045,0.96007204055786133,-0.11961805820465088
s2b_d85b4bc41867b2cf5b268732,86441,4836,101951,TRAIN,laion_clap__vs__mert_5120,Tie,False,,0.86040675640106201,0.83877456188201904,0.021632194519042969,A,0.81422793865203857,0.67033731937408447,0.1438906192779541,A,0.86045300960540771,0.68215852975845337,0.17829447984695435
s2b_d98bf5d11ca984a294af1eeb,42844,35543,66535,TRAIN,laion_clap__vs__mert_5120,Tie,False,,0.77340936660766602,0.82137739658355713,-0.047968029975891113,B,0.5493462085723877,0.77529704570770264,-0.22595083713531494,B,0.48742151260375977,0.87133324146270752,-0.38391172885894775
s2b_da87af4069b68c19a350e05f,87190,127184,108298,TRAIN,mert_5120__vs__muq_mulan_large,A,True,1,0.92854928970336914,0.91244798898696899,0.016101300716400146,A,0.80708962678909302,0.71649456024169922,0.090595066547393799,A,0.83707165718078613,0.88721883296966553,-0.050147175788879395
s2b_db0cc315c3c0fff6c13a567f,110262,107181,107189,TEST,laion_clap__vs__mert_5120,Tie,False,,0.81976735591888428,0.89903855323791504,-0.079271197319030762,B,0.66966909170150757,0.82166802883148193,-0.15199893712997437,B,0.6218077540397644,0.6728438138961792,-0.051036059856414795
s2b_ddfedc4937838f08ecf3846c,41605,40654,68540,TRAIN,laion_clap__vs__muq_mulan_large,A,True,1,0.92041611671447754,0.81135737895965576,0.10905873775482178,A,0.73069870471954346,0.18031483888626099,0.55038386583328247,A,0.81600236892700195,0.93590807914733887,-0.11990571022033691
s2b_dee7a61d182f6337f074c31b,106277,35543,42475,TEST,laion_clap__vs__mert_5120,Tie,False,,0.7765878438949585,0.83790409564971924,-0.061316251754760742,B,0.8302767276763916,0.70552897453308105,0.12474775314331055,A,0.72488665580749512,0.70096457004547119,0.023922085762023926
s2b_df71384933cee93b33d8934f,68844,68842,87967,TEST,mert_5120__vs__muq_mulan_large,A,True,1,0.6367601752281189,0.57530146837234497,0.061458706855773926,A,0.8236040472984314,0.56685042381286621,0.25675362348556519,A,0.86371052265167236,0.87200331687927246,-0.0082927942276000977
s2b_e03d8a07ad7f341943b2a1d0,84095,48437,128668,TRAIN,mert_5120__vs__muq_mulan_large,A,True,1,0.93479478359222412,0.90548312664031982,0.029311656951904297,A,0.79743534326553345,0.62167090177536011,0.17576444149017334,A,0.8869403600692749,0.92480683326721191,-0.037866473197937012
s2b_e1a2d821c8652b0966ebe6c6,110262,107189,75383,TEST,laion_clap__vs__muq_mulan_large,A,True,1,0.89903855323791504,0.76954203844070435,0.12949651479721069,A,0.82166802883148193,0.66609340906143188,0.15557461977005005,A,0.6728438138961792,0.85264217853546143,-0.17979836463928223
s2b_e2c54f5defc2e4d6260bcd8a,52393,131439,107047,TEST,laion_clap__vs__muq_mulan_large,A,True,1,0.90388399362564087,0.7190932035446167,0.18479079008102417,A,0.86191189289093018,0.45580005645751953,0.40611183643341064,A,0.42115691304206848,0.90557503700256348,-0.484418123960495
s2b_e31d22422386a0312c1f34ff,94465,46840,108838,VALIDATION,laion_clap__vs__mert_5120,B,True,0,0.62092864513397217,0.88262403011322021,-0.26169538497924805,B,0.44883328676223755,0.90059351921081543,-0.45176023244857788,B,0.73908865451812744,0.85631781816482544,-0.117229163646698
s2b_e4f56bc33f90599bd6259a4c,134930,134931,134935,VALIDATION,laion_clap__vs__mert_5120,Tie,False,,0.95266908407211304,0.9510345458984375,0.0016345381736755371,A,0.91169428825378418,0.87336993217468262,0.038324356079101562,A,0.86723077297210693,0.90557771921157837,-0.038346946239471436
s2b_e535accd899744a70901f8f9,86441,101951,137740,TRAIN,laion_clap__vs__mert_5120,B,True,0,0.83877456188201904,0.84420132637023926,-0.0054267644882202148,B,0.67033731937408447,0.83015710115432739,-0.15981978178024292,B,0.68215852975845337,0.86389696598052979,-0.18173843622207642
s2b_e6ba7a0fa7332528b79f8d9d,32340,108060,80756,TEST,laion_clap__vs__mert_5120,Neither,False,,0.75127482414245605,0.81691747903823853,-0.065642654895782471,B,0.79757118225097656,0.46436613798141479,0.33320504426956177,A,0.62345743179321289,0.36903303861618042,0.25442439317703247
s2b_e6c69206ff2aefe3944df70a,125193,125182,85488,VALIDATION,laion_clap__vs__mert_5120,A,True,1,0.79215234518051147,0.75332760810852051,0.038824737071990967,A,0.89195096492767334,0.78970777988433838,0.10224318504333496,A,0.86809897422790527,0.83868080377578735,0.02941817045211792
s2b_e6fa2d1d32fc7240768eca7a,10435,53588,98301,TEST,laion_clap__vs__mert_5120,A,True,1,0.81829625368118286,0.79036402702331543,0.027932226657867432,A,0.79310405254364014,0.46805357933044434,0.3250504732131958,A,0.59167391061782837,0.45506966114044189,0.13660424947738647
s2b_ec1a056d94b2b658a58c1bac,143098,49817,126944,VALIDATION,laion_clap__vs__muq_mulan_large,Tie,False,,0.89109218120574951,0.77650052309036255,0.11459165811538696,A,0.88564050197601318,0.75961852073669434,0.12602198123931885,A,0.75662559270858765,0.96306693553924561,-0.20644134283065796
s2b_ec8b3bd2cb379f35e8a844e6,32340,98297,91228,TEST,laion_clap__vs__muq_mulan_large,B,True,0,0.74397367238998413,0.74405992031097412,-8.6247920989990234e-05,B,0.71173018217086792,0.77699220180511475,-0.065262019634246826,B,0.86718529462814331,0.42852848768234253,0.43865680694580078
s2b_eca3fda18150374d252c4920,87190,40240,97894,TRAIN,laion_clap__vs__muq_mulan_large,A,True,1,0.86460268497467041,0.8347284197807312,0.029874265193939209,A,0.84132802486419678,0.71072846651077271,0.13059955835342407,A,0.80059278011322021,0.88626748323440552,-0.085674703121185303
s2b_eebab5b9699984f6f0be4672,68844,87971,68842,TEST,mert_5120__vs__muq_mulan_large,Tie,False,,0.7202039361000061,0.6367601752281189,0.083443760871887207,A,0.80619591474533081,0.8236040472984314,-0.017408132553100586,B,0.91492348909378052,0.86371052265167236,0.051212966442108154
s2b_f0da95beedc77627ccd94b51,75317,83913,70879,TRAIN,mert_5120__vs__muq_mulan_large,Neither,False,,0.6899111270904541,0.72538995742797852,-0.035478830337524414,B,0.42971682548522949,0.56416040658950806,-0.13444358110427856,B,0.36072778701782227,0.93209993839263916,-0.57137215137481689
s2b_f21cf4def276166a66a08553,113167,97211,57640,TRAIN,mert_5120__vs__muq_mulan_large,A,True,1,0.8957371711730957,0.78402727842330933,0.11170989274978638,A,0.64523947238922119,0.5968593955039978,0.048380076885223389,A,0.82707381248474121,0.83271002769470215,-0.0056362152099609375
s2b_f24cd189c9e0307e8e99dfcb,94465,26020,108841,VALIDATION,laion_clap__vs__muq_mulan_large,A,True,1,0.86491525173187256,0.80539906024932861,0.059516191482543945,A,0.90154337882995605,0.75918805599212646,0.14235532283782959,A,0.85269320011138916,0.92716789245605469,-0.074474692344665527
s2b_f35829e97c3a1271e40cc67b,75317,70879,107613,TRAIN,mert_5120__vs__muq_mulan_large,Neither,False,,0.72538995742797852,0.76684856414794922,-0.041458606719970703,B,0.56416040658950806,0.51842081546783447,0.045739591121673584,A,0.93209993839263916,0.69313549995422363,0.23896443843841553
s2b_f4cae326a8d3bdea96597b14,134823,84111,144214,TRAIN,laion_clap__vs__muq_mulan_large,A,True,1,0.95169448852539062,0.92301630973815918,0.028678178787231445,A,0.88129007816314697,0.91561901569366455,-0.034328937530517578,B,0.9192841649055481,0.73034226894378662,0.18894189596176147
s2b_f5c65d68f0ed5cbeb42f7ad4,48442,42014,97841,TEST,mert_5120__vs__muq_mulan_large,B,True,0,0.91868144273757935,0.9627043604850769,-0.044022917747497559,B,0.59138834476470947,0.74462997913360596,-0.15324163436889648,B,0.59329766035079956,0.94037151336669922,-0.34707385301589966
s2b_f5f79a51a8f0c1cf6a8a3cd3,149712,71622,126241,VALIDATION,laion_clap__vs__mert_5120,B,True,0,0.82593417167663574,0.91711002588272095,-0.091175854206085205,B,0.82793158292770386,0.56697607040405273,0.26095551252365112,A,0.51249843835830688,0.44033581018447876,0.072162628173828125
s2b_f6c8bab27f2646870037a7e8,41605,83600,127623,TRAIN,mert_5120__vs__muq_mulan_large,B,True,0,0.76056599617004395,0.85739552974700928,-0.096829533576965332,B,0.45174336433410645,0.60218733549118042,-0.15044397115707397,B,0.72444057464599609,0.94100147485733032,-0.21656090021133423
s2b_f85fd3dd263cef72efa6b319,127359,127356,129403,TRAIN,laion_clap__vs__muq_mulan_large,Tie,False,,0.79471391439437866,0.85593855381011963,-0.061224639415740967,B,0.88231134414672852,0.86104953289031982,0.021261811256408691,A,0.92740428447723389,0.97027623653411865,-0.042871952056884766
s2b_f939186aba5baae8d1c38925,92885,68539,92889,TRAIN,mert_5120__vs__muq_mulan_large,B,True,0,0.70498877763748169,0.88954746723175049,-0.1845586895942688,B,0.35026097297668457,0.80788862705230713,-0.45762765407562256,B,0.60763376951217651,0.92082452774047852,-0.313190758228302
s2b_f97f3b3dd6ad29d622066079,124913,122456,144423,TEST,laion_clap__vs__muq_mulan_large,A,True,1,0.8963552713394165,0.93810850381851196,-0.041753232479095459,B,0.8692326545715332,0.86883878707885742,0.00039386749267578125,A,0.83983230590820312,0.91735553741455078,-0.077523231506347656
s2b_f9cc0b8ba97fbb02c406670f,107027,129396,108812,TEST,laion_clap__vs__mert_5120,Tie,False,,0.70749318599700928,0.82008308172225952,-0.11258989572525024,B,0.45195665955543518,0.84111899137496948,-0.3891623318195343,B,0.54065567255020142,0.8810276985168457,-0.34037202596664429
s2b_fb15ffc52051fa625789807a,11790,56686,72783,TRAIN,laion_clap__vs__muq_mulan_large,B,True,0,0.88382601737976074,0.83011424541473389,0.053711771965026855,A,0.78577429056167603,0.76123654842376709,0.024537742137908936,A,0.44659176468849182,0.92210114002227783,-0.47550937533378601
s2b_fc938b11deb9d022b8359a2b,105408,97845,22095,VALIDATION,laion_clap__vs__muq_mulan_large,Tie,False,,0.94091075658798218,0.91693377494812012,0.023976981639862061,A,0.82909733057022095,0.71787786483764648,0.11121946573257446,A,0.91503775119781494,0.93765795230865479,-0.022620201110839844
s2b_fcef2d8eb71763db90da232a,41605,83600,40654,TRAIN,laion_clap__vs__mert_5120,B,True,0,0.76056599617004395,0.92041611671447754,-0.15985012054443359,B,0.45174336433410645,0.73069870471954346,-0.27895534038543701,B,0.72444057464599609,0.81600236892700195,-0.091561794281005859
s2b_fdece5c2f6352bfdec9b7981,32340,108060,98297,TEST,laion_clap__vs__muq_mulan_large,Neither,False,,0.75127482414245605,0.74397367238998413,0.0073011517524719238,A,0.79757118225097656,0.71173018217086792,0.085841000080108643,A,0.62345743179321289,0.86718529462814331,-0.24372786283493042
s2b_fed0ad6e7e5c506141cf787c,107027,108812,45125,TEST,laion_clap__vs__mert_5120,B,True,0,0.82008308172225952,0.80660414695739746,0.013478934764862061,A,0.84111899137496948,0.68626487255096436,0.15485411882400513,A,0.8810276985168457,0.72708863019943237,0.15393906831741333
s2b_ff66aa961ee09beec88fb9ba,127359,127358,129403,TRAIN,laion_clap__vs__muq_mulan_large,A,True,1,0.88067150115966797,0.85593855381011963,0.02473294734954834,A,0.93301284313201904,0.86104953289031982,0.071963310241699219,A,0.97007942199707031,0.97027623653411865,-0.00019681453704833984
