"packet_id","pair_id","anchor","anchor_artists","candidate","candidate_artists","rating","note","save_status"
"2b5e466db3fa356a8eafb02a11606da6de4c5a7c686673408aa73f476b1619b1","75b8ec44e61a5df1ad5f98e6","Flash Forward","LE SSERAFIM","Heart","chicken97","3","","SUBMITTED"
"2b5e466db3fa356a8eafb02a11606da6de4c5a7c686673408aa73f476b1619b1","193211f90d32eac0dadcc912","Flash Forward","LE SSERAFIM","DANCING ALONE","KiiiKiii","4","","SUBMITTED"
"2b5e466db3fa356a8eafb02a11606da6de4c5a7c686673408aa73f476b1619b1","567d8d71b7be4a11f03c8706","Flash Forward","LE SSERAFIM","Top Secret","Weeekly","5","","SUBMITTED"
"2b5e466db3fa356a8eafb02a11606da6de4c5a7c686673408aa73f476b1619b1","7b40c2125851f0cc3b699ea0","Flash Forward","LE SSERAFIM","OMG","NewJeans","5","","SUBMITTED"
"2b5e466db3fa356a8eafb02a11606da6de4c5a7c686673408aa73f476b1619b1","2e0508522c790ef24704359d","Flash Forward","LE SSERAFIM","MOON","i-dle","4","","SUBMITTED"
"2b5e466db3fa356a8eafb02a11606da6de4c5a7c686673408aa73f476b1619b1","be5279b84587fadabf247569","Flash Forward","LE SSERAFIM","Smart","LE SSERAFIM","5","","SUBMITTED"
"2b5e466db3fa356a8eafb02a11606da6de4c5a7c686673408aa73f476b1619b1","45811df2dad92d2c749e4826","Flash Forward","LE SSERAFIM","Thirsty","aespa","5","","SUBMITTED"
"979f8351d18de8358d298e08c05f2437cf8ea745bee57ba62e71876a19e32efa","2641f9b2aaea091cee301fba","Panorama","IZ*ONE","Magnetic","ILLIT","5","","SUBMITTED"
"150ead7d2d25bf225f5fd59ecbe8ecdcaba8cbaeb67d3439226d97d1a11d932f","adb7fd4b62ba75c4d534767f","falling down","Nohidea","Wet Dreamz","J. Cole","2","","SUBMITTED"
"150ead7d2d25bf225f5fd59ecbe8ecdcaba8cbaeb67d3439226d97d1a11d932f","37dbf41c615586407afccf09","falling down","Nohidea","Tell Me","hyejin","3","","SUBMITTED"
"f540cef495be59df877812419dd2661ac2edf777ae38f6f7f80aa11a40d34c6c","f859d871c57a3e5b2ad428c4","Season of Memories","GFRIEND","Fall in love","Han Jihyo; Park Soeun","4","","SUBMITTED"
"f540cef495be59df877812419dd2661ac2edf777ae38f6f7f80aa11a40d34c6c","6399a09dba3f2c283073136a","Season of Memories","GFRIEND","Fresh Air","Maasho; Weston Estate","2","","SUBMITTED"
"f540cef495be59df877812419dd2661ac2edf777ae38f6f7f80aa11a40d34c6c","4dd15b06056ddf25584af6af","Season of Memories","GFRIEND","DANCING ALONE","KiiiKiii","5","","SUBMITTED"
"f540cef495be59df877812419dd2661ac2edf777ae38f6f7f80aa11a40d34c6c","3e3f86b3c3b31c6e714d1197","Season of Memories","GFRIEND","vampire","Olivia Rodrigo","3","","SUBMITTED"
"f540cef495be59df877812419dd2661ac2edf777ae38f6f7f80aa11a40d34c6c","f31d789fb0118a945ec31911","Season of Memories","GFRIEND","Stoked","Weston Estate","2","","SUBMITTED"
"1fc7462dab8e776efc8882fd8596baf941b078ca35504f66bcc0550c914cf111","c4b5ce81836c09ae759ec230","By My Side","JUNNY","Shouldn't Be","Luke Chiang","5","","SUBMITTED"
"1fc7462dab8e776efc8882fd8596baf941b078ca35504f66bcc0550c914cf111","9df21eac7a42ad8b69e4a872","By My Side","JUNNY","Fresh Air","Maasho; Weston Estate","3","","SUBMITTED"
"1fc7462dab8e776efc8882fd8596baf941b078ca35504f66bcc0550c914cf111","c2cc0c37e048ec8a0f907494","By My Side","JUNNY","11:11","TAEYEON","4","","SUBMITTED"
"1fc7462dab8e776efc8882fd8596baf941b078ca35504f66bcc0550c914cf111","f62fb4f3c349c3570df64de1","By My Side","JUNNY","Favorite Part","JO YURI","3","","SUBMITTED"
"1fc7462dab8e776efc8882fd8596baf941b078ca35504f66bcc0550c914cf111","099c5a38f5f2c60c9426386d","By My Side","JUNNY","Sunday (feat. HEIZE, Jay Park)","GroovyRoom; Heize; Jay Park","3","","SUBMITTED"
"1fc7462dab8e776efc8882fd8596baf941b078ca35504f66bcc0550c914cf111","6403965e0350089576d5d7c6","By My Side","JUNNY","1-4-3","Nana Ou-Yang","4","","SUBMITTED"
"b7e4d799cf24b824de20c8870942f702a65daf1e26771149bc3e08a2701e2bd3","001d89314d80b43d5fdf8563","m o v i e (Feat. Jade)","Stupinuts; Jade","Uncertainty","Chill Select; kretzschクレツ; Milkz","4","","SUBMITTED"
"b7e4d799cf24b824de20c8870942f702a65daf1e26771149bc3e08a2701e2bd3","53dba152b88e73fd7ebcf9e2","m o v i e (Feat. Jade)","Stupinuts; Jade","Lucid (feat. LILAC)","JIDA; Kate Kim","4","","SUBMITTED"
"b7e4d799cf24b824de20c8870942f702a65daf1e26771149bc3e08a2701e2bd3","4f8a5f8f1c09a23c8334e531","m o v i e (Feat. Jade)","Stupinuts; Jade","Favorite Part","JO YURI","3","","SUBMITTED"
"b7e4d799cf24b824de20c8870942f702a65daf1e26771149bc3e08a2701e2bd3","22a1eab1901fccba0b664a7d","m o v i e (Feat. Jade)","Stupinuts; Jade","We (OUI) (Feat. sogumm)","jeebanoff; sogumm","3","","SUBMITTED"
"b7e4d799cf24b824de20c8870942f702a65daf1e26771149bc3e08a2701e2bd3","a3780b0a9ef6b19790877452","m o v i e (Feat. Jade)","Stupinuts; Jade","1-4-3","Nana Ou-Yang","4","","SUBMITTED"
"b7e4d799cf24b824de20c8870942f702a65daf1e26771149bc3e08a2701e2bd3","08e6f4a0ab987a93b80874c5","m o v i e (Feat. Jade)","Stupinuts; Jade","You Are Enough",".Uzu; Clavita","4","","SUBMITTED"
"b7e4d799cf24b824de20c8870942f702a65daf1e26771149bc3e08a2701e2bd3","f4e45eaa6365e955ad193955","m o v i e (Feat. Jade)","Stupinuts; Jade","Look At Me Now","Yayyoung","4","","SUBMITTED"
"b7e4d799cf24b824de20c8870942f702a65daf1e26771149bc3e08a2701e2bd3","a8a62fdf2176b0db1c8c2a0e","m o v i e (Feat. Jade)","Stupinuts; Jade","The Hills","The Weeknd","1","","SUBMITTED"
"b7e4d799cf24b824de20c8870942f702a65daf1e26771149bc3e08a2701e2bd3","431c412b8a0a5f3c1c918e2b","m o v i e (Feat. Jade)","Stupinuts; Jade","CLOUT CHASER","Tiffany Day","2","","SUBMITTED"
"2b8de983220e955922bf9519831635a4291cd12c6867cc39f730a3cdc5a0a915","8d50ccfc4567549561840724","She loves the color green and I love her","City Girl","blue (with MINNIE)","yung kai; MINNIE","3","","SUBMITTED"
"2b8de983220e955922bf9519831635a4291cd12c6867cc39f730a3cdc5a0a915","18044fb066f5b0cb51df6d5f","She loves the color green and I love her","City Girl","m o v i e (Feat. Jade)","Stupinuts; Jade","4","","SUBMITTED"
"2b8de983220e955922bf9519831635a4291cd12c6867cc39f730a3cdc5a0a915","2ec4aeec666e0cdfef4a3dc7","She loves the color green and I love her","City Girl","Jocelyn Flores","Dontcry","5","","SUBMITTED"
"65e26f5945f30c25e1fb96a9342db0df0b9773c9d3f37d2a09046cdcaf8e5979","39dfb7881a9cd905bc8c758b","Fall in love","Han Jihyo; Park Soeun","Favorite Part","JO YURI","5","","SUBMITTED"
"65e26f5945f30c25e1fb96a9342db0df0b9773c9d3f37d2a09046cdcaf8e5979","f748ec5c176fab12120db9a9","Fall in love","Han Jihyo; Park Soeun","Die Right Here","david hugo","2","","SUBMITTED"
"65e26f5945f30c25e1fb96a9342db0df0b9773c9d3f37d2a09046cdcaf8e5979","237cf2f5c0bc5d5ac7f59680","Fall in love","Han Jihyo; Park Soeun","id T41104 (feat. 267)","W/N; 267","3","","SUBMITTED"
"65e26f5945f30c25e1fb96a9342db0df0b9773c9d3f37d2a09046cdcaf8e5979","f87f3dc05f8714353188d669","Fall in love","Han Jihyo; Park Soeun","Perfect Night","LE SSERAFIM","5","","SUBMITTED"
"65e26f5945f30c25e1fb96a9342db0df0b9773c9d3f37d2a09046cdcaf8e5979","068e953f3f42b50105d2a855","Fall in love","Han Jihyo; Park Soeun","DANCING ALONE","KiiiKiii","5","","SUBMITTED"
"be785949181befa672ee2674375cec368e6bb22285446cf1a71971c034825014","c4a7a2fe03caad7b502cdb4a","bamsopoong","ILLIT","2080","chicken97","4","","SUBMITTED"
"be785949181befa672ee2674375cec368e6bb22285446cf1a71971c034825014","49aea74e33e529626c8a9d59","bamsopoong","ILLIT","MOON","i-dle","4","","SUBMITTED"
"be785949181befa672ee2674375cec368e6bb22285446cf1a71971c034825014","53cff8e4f2d610b93d05085a","bamsopoong","ILLIT","Die Right Here","david hugo","2","","SUBMITTED"
"be785949181befa672ee2674375cec368e6bb22285446cf1a71971c034825014","911e2bf1e8abd645d78482b7","bamsopoong","ILLIT","Magnetic","ILLIT","4","","SUBMITTED"
"e370ca26b322c8cdf3821597bb8da5c3df69475fb6d0ca8902a62cbea252afc7","16f7f5678ab8f2870a6c84bf","Die Right Here","david hugo","MOON","i-dle","2","","SUBMITTED"
"e370ca26b322c8cdf3821597bb8da5c3df69475fb6d0ca8902a62cbea252afc7","07fd4e70a7bb3588743ba5bb","Die Right Here","david hugo","OMG","NewJeans","2","","SUBMITTED"
"e370ca26b322c8cdf3821597bb8da5c3df69475fb6d0ca8902a62cbea252afc7","5b9b8b4b7afb5bf63fce0cd7","Die Right Here","david hugo","Fall in love with you in every 4AM.","Friday Night Plans","4","","SUBMITTED"
"e370ca26b322c8cdf3821597bb8da5c3df69475fb6d0ca8902a62cbea252afc7","bb1a62be64ed7920ab6ec1a0","Die Right Here","david hugo","DANCING ALONE","KiiiKiii","2","","SUBMITTED"
"832dc4ac9614fe7ecbc8af7ca87b70693454de1b80d53bc807e023480e0f58d3","3d9128e6c69efc87062ce088","Don't","Colette Lush","1-4-3","Nana Ou-Yang","4","","SUBMITTED"
"832dc4ac9614fe7ecbc8af7ca87b70693454de1b80d53bc807e023480e0f58d3","de5f22cbee52a36286c495a2","Don't","Colette Lush","Favorite Part","JO YURI","3","","SUBMITTED"
"832dc4ac9614fe7ecbc8af7ca87b70693454de1b80d53bc807e023480e0f58d3","321bd2d62fa39a0e0b6e33a8","Don't","Colette Lush","Fall in love with you in every 4AM.","Friday Night Plans","4","","SUBMITTED"
"832dc4ac9614fe7ecbc8af7ca87b70693454de1b80d53bc807e023480e0f58d3","e65dabf6210d5c10ca190559","Don't","Colette Lush","We (OUI) (Feat. sogumm)","jeebanoff; sogumm","4","","SUBMITTED"
"832dc4ac9614fe7ecbc8af7ca87b70693454de1b80d53bc807e023480e0f58d3","ecdd16144a966bedd47b3f09","Don't","Colette Lush","strawberry moon","IU","3","","SUBMITTED"
"832dc4ac9614fe7ecbc8af7ca87b70693454de1b80d53bc807e023480e0f58d3","31fe41ccfc2aa6a7bd41b9c6","Don't","Colette Lush","Look At Me Now","Yayyoung","4","","SUBMITTED"
"bb0f287cfb27037ca4f4f9764bac8c599a117bf40b487503b0d025c8108288fd","e59c2d51bc154cf9950d14ec","The Way","Ariana Grande; Mac Miller","(empty)","OuiOui","3","","SUBMITTED"
"bb0f287cfb27037ca4f4f9764bac8c599a117bf40b487503b0d025c8108288fd","08038ce5bf6072dc70db8e27","The Way","Ariana Grande; Mac Miller","Stoked","Weston Estate","3","","SUBMITTED"
"bb0f287cfb27037ca4f4f9764bac8c599a117bf40b487503b0d025c8108288fd","e91850b3925a657b92b8a866","The Way","Ariana Grande; Mac Miller","Heart","chicken97","2","","SUBMITTED"
"bb0f287cfb27037ca4f4f9764bac8c599a117bf40b487503b0d025c8108288fd","131d01d062d9269398e123b6","The Way","Ariana Grande; Mac Miller","Perfect Night","LE SSERAFIM","4","","SUBMITTED"
"bb0f287cfb27037ca4f4f9764bac8c599a117bf40b487503b0d025c8108288fd","59f15ccd023436370f06b76f","The Way","Ariana Grande; Mac Miller","OMG","NewJeans","3","","SUBMITTED"
"bb0f287cfb27037ca4f4f9764bac8c599a117bf40b487503b0d025c8108288fd","c34b55a9c6188fb809152d08","The Way","Ariana Grande; Mac Miller","CLOUT CHASER","Tiffany Day","4","","SUBMITTED"
"f3fdef8f03355a14a4540d41fc717ec77e4fe2844e21b6d8ae2376d5252ee04c","b92e310a0819688b25d1f5af","Magnetic","ILLIT","No I Don't Want, Just Anyone","Unclenathannn; Shiloh Dynasty","2","","SUBMITTED"
"f3fdef8f03355a14a4540d41fc717ec77e4fe2844e21b6d8ae2376d5252ee04c","7d326e810ab79e737c953265","Magnetic","ILLIT","Jocelyn Flores","Dontcry","1","","SUBMITTED"
"f3fdef8f03355a14a4540d41fc717ec77e4fe2844e21b6d8ae2376d5252ee04c","7dac06eeab643b230ea59c88","Magnetic","ILLIT","Stoked","Weston Estate","2","","SUBMITTED"
"f3fdef8f03355a14a4540d41fc717ec77e4fe2844e21b6d8ae2376d5252ee04c","c120537408f7ea4caf5b0163","Magnetic","ILLIT","Fall in love","Han Jihyo; Park Soeun","5","","SUBMITTED"
"f3fdef8f03355a14a4540d41fc717ec77e4fe2844e21b6d8ae2376d5252ee04c","c936010b9b24d29d99d8cb95","Magnetic","ILLIT","Top Secret","Weeekly","5","","SUBMITTED"
"f3fdef8f03355a14a4540d41fc717ec77e4fe2844e21b6d8ae2376d5252ee04c","c6e45425d61de8061453a730","Magnetic","ILLIT","Die Right Here","david hugo","2","","SUBMITTED"
"fa5f14f90605fe6c2e419a37b27b922d3fdc2d30cb6e74f279ef1f8fbcdc835a","8716337735b891a7c92a03d1","GET IT","keshi","My Gamecube Broke.",".Uzu","2","","SUBMITTED"
"fa5f14f90605fe6c2e419a37b27b922d3fdc2d30cb6e74f279ef1f8fbcdc835a","de92de00a09041ce2b410db5","GET IT","keshi","CLOUT CHASER","Tiffany Day","4","","SUBMITTED"
"fa5f14f90605fe6c2e419a37b27b922d3fdc2d30cb6e74f279ef1f8fbcdc835a","ae94bbc680aeb5ce36978574","GET IT","keshi","Fresh Air","Maasho; Weston Estate","4","","SUBMITTED"
"fa5f14f90605fe6c2e419a37b27b922d3fdc2d30cb6e74f279ef1f8fbcdc835a","42d4178a32886044e973c0ef","GET IT","keshi","too afraid","hateful","2","","SUBMITTED"
"fa5f14f90605fe6c2e419a37b27b922d3fdc2d30cb6e74f279ef1f8fbcdc835a","0c350b5bce745d2da16c5958","GET IT","keshi","Cloudy Thoughts","HYEJIN","3","","SUBMITTED"
"fa5f14f90605fe6c2e419a37b27b922d3fdc2d30cb6e74f279ef1f8fbcdc835a","e32193a16a94489a4dcb13bf","GET IT","keshi","Saturation in Delay, Love in Anger","City Girl; tiffi","2","","SUBMITTED"
"fa5f14f90605fe6c2e419a37b27b922d3fdc2d30cb6e74f279ef1f8fbcdc835a","662ce9ac00cb509c53867db6","GET IT","keshi","TOUCH","keshi","4","","SUBMITTED"
"fa5f14f90605fe6c2e419a37b27b922d3fdc2d30cb6e74f279ef1f8fbcdc835a","33848297c1d058bea85ba4f8","GET IT","keshi","Tea Time","Disvstxr","3","","SUBMITTED"
"4fa8a6dc3fca96edc9f29de10ad4c1de56ce570b29ac927bd3cf56cb12256396","647b4add9a5d29d02ad459ca","You Might (Feat. SHIRT)","g0nny; SHIRT","Favorite Part","JO YURI","4","","SUBMITTED"
"dff76a71084bf179db631c60066879d528a49c2c45e8091af613ab2cdaa4588b","4b9f692efcc9da35f3d2c73a","Liability","Lorde","Temporary","Kiri T","4","","SUBMITTED"
"dff76a71084bf179db631c60066879d528a49c2c45e8091af613ab2cdaa4588b","082854cbee6080811bd0fd4a","Liability","Lorde","Hit the Wall","Gracie Abrams","5","","SUBMITTED"
"dff76a71084bf179db631c60066879d528a49c2c45e8091af613ab2cdaa4588b","47446daa4100c7c6781bf1a7","Liability","Lorde","If I Weren't Me","Katherine Li","4","","SUBMITTED"
"dff76a71084bf179db631c60066879d528a49c2c45e8091af613ab2cdaa4588b","0047d2fc0629e56c2f87c286","Liability","Lorde","1-4-3","Nana Ou-Yang","4","","SUBMITTED"
"dff76a71084bf179db631c60066879d528a49c2c45e8091af613ab2cdaa4588b","80c15d525db38fe52a579c6c","Liability","Lorde","It'll Be Ok","Yoandri","3","","SUBMITTED"
"2e936ed1e7fa7f0f3279d370d1ac79a386d87f17f2e0eb1414c2a4595aa2b0be","1ec321569c7885fa21b6dc41","DOWNPOUR (feat. Gliiico)","CHAEYOUNG; Gliiico","Fall in love with you in every 4AM.","Friday Night Plans","4","","SUBMITTED"
"2e936ed1e7fa7f0f3279d370d1ac79a386d87f17f2e0eb1414c2a4595aa2b0be","58184bfcf2bb1532c2ebf7aa","DOWNPOUR (feat. Gliiico)","CHAEYOUNG; Gliiico","Not Afraid","INTRN","2","","SUBMITTED"
"2e936ed1e7fa7f0f3279d370d1ac79a386d87f17f2e0eb1414c2a4595aa2b0be","732b32c2ee6b1dd99bd22eac","DOWNPOUR (feat. Gliiico)","CHAEYOUNG; Gliiico","Look At Me Now","Yayyoung","3","","SUBMITTED"
"2e936ed1e7fa7f0f3279d370d1ac79a386d87f17f2e0eb1414c2a4595aa2b0be","85cc57567fd90225e756eb3c","DOWNPOUR (feat. Gliiico)","CHAEYOUNG; Gliiico","Wet Dreamz","J. Cole","2","","SUBMITTED"
"2e936ed1e7fa7f0f3279d370d1ac79a386d87f17f2e0eb1414c2a4595aa2b0be","6ce64b007cf5a48f65c66ac2","DOWNPOUR (feat. Gliiico)","CHAEYOUNG; Gliiico","SATELLITE","City Girl; Kelsey Kuan","3","","SUBMITTED"
"2e936ed1e7fa7f0f3279d370d1ac79a386d87f17f2e0eb1414c2a4595aa2b0be","7687cb4c3fdb35a7dc335319","DOWNPOUR (feat. Gliiico)","CHAEYOUNG; Gliiico","OMG","NewJeans","4","","SUBMITTED"
"2e936ed1e7fa7f0f3279d370d1ac79a386d87f17f2e0eb1414c2a4595aa2b0be","e8843f8ecb8f0edc1c8cf571","DOWNPOUR (feat. Gliiico)","CHAEYOUNG; Gliiico","The Hills","The Weeknd","2","","SUBMITTED"
"2e936ed1e7fa7f0f3279d370d1ac79a386d87f17f2e0eb1414c2a4595aa2b0be","03f65606640efd41aa4ab069","DOWNPOUR (feat. Gliiico)","CHAEYOUNG; Gliiico","Lucid (feat. LILAC)","JIDA; Kate Kim","4","","SUBMITTED"
"dc3bb66f7bb7405d7842c6acd1ca0a904478752f3bb01b35f6b2c4d79f3c709b","40b9930d69aac5e5c6b740cd","Uncertainty","Chill Select; kretzschクレツ; Milkz","Phantom Embrace","City Girl","5","","SUBMITTED"
"dc3bb66f7bb7405d7842c6acd1ca0a904478752f3bb01b35f6b2c4d79f3c709b","52f15f1d612f0f3406f8e4db","Uncertainty","Chill Select; kretzschクレツ; Milkz","We (OUI) (Feat. sogumm)","jeebanoff; sogumm","3","","SUBMITTED"
"dc3bb66f7bb7405d7842c6acd1ca0a904478752f3bb01b35f6b2c4d79f3c709b","7c45e7b1e30eaf6477a899b3","Uncertainty","Chill Select; kretzschクレツ; Milkz","Saturation in Delay, Love in Anger","City Girl; tiffi","4","","SUBMITTED"
"dc3bb66f7bb7405d7842c6acd1ca0a904478752f3bb01b35f6b2c4d79f3c709b","2f39db8acfe0d5a164184439","Uncertainty","Chill Select; kretzschクレツ; Milkz","Stay With Me","Teqkoi; Mouse","4","","SUBMITTED"
"dc3bb66f7bb7405d7842c6acd1ca0a904478752f3bb01b35f6b2c4d79f3c709b","cc007bb58067fcaef8fd1390","Uncertainty","Chill Select; kretzschクレツ; Milkz","I'm Drunk And Confused","sagun","4","","SUBMITTED"
"30eb96b45763d8d2cf106cc5e0a2a11c8c3ef6c24f0312b87aa94d28fab1c1b0","8f8c0179e90eba5a974cb7c1","The Weekend","88rising; BIBI","We (OUI) (Feat. sogumm)","jeebanoff; sogumm","4","","SUBMITTED"
"30eb96b45763d8d2cf106cc5e0a2a11c8c3ef6c24f0312b87aa94d28fab1c1b0","427e269d0b448c7c74d28934","The Weekend","88rising; BIBI","You Might (Feat. SHIRT)","g0nny; SHIRT","4","","SUBMITTED"
"30eb96b45763d8d2cf106cc5e0a2a11c8c3ef6c24f0312b87aa94d28fab1c1b0","5e0cda4a6d975553ae6264cf","The Weekend","88rising; BIBI","MOON","i-dle","4","","SUBMITTED"
"30eb96b45763d8d2cf106cc5e0a2a11c8c3ef6c24f0312b87aa94d28fab1c1b0","1cb68196512ca34f5c6875bd","The Weekend","88rising; BIBI","Magnetic","ILLIT","3","","SUBMITTED"
"30eb96b45763d8d2cf106cc5e0a2a11c8c3ef6c24f0312b87aa94d28fab1c1b0","2c83e53ba73a1f557aee2590","The Weekend","88rising; BIBI","Thirsty","aespa","4","","SUBMITTED"
"8c9843095b2c613699099b77b4d490ba3ced800a25e6225bab9fbb86df44823c","aab2c3bbbc4b61b93a8a17d2","Favorite Part","JO YURI","Lucid (feat. LILAC)","JIDA; Kate Kim","3","","SUBMITTED"
"8c9843095b2c613699099b77b4d490ba3ced800a25e6225bab9fbb86df44823c","bb089728dbdf275745faf16f","Favorite Part","JO YURI","Perfect Night","LE SSERAFIM","4","","SUBMITTED"
"8c9843095b2c613699099b77b4d490ba3ced800a25e6225bab9fbb86df44823c","133f801c3f662c9f29287fe3","Favorite Part","JO YURI","Shoulder","Galdive","3","","SUBMITTED"
"8c9843095b2c613699099b77b4d490ba3ced800a25e6225bab9fbb86df44823c","2d4d54665ec4b1028f5a8a23","Favorite Part","JO YURI","Look At Me Now","Yayyoung","3","","SUBMITTED"
"353d5119b4c03c022bef818e407392fb042985f0cdbcce212badec98b25ab270","3b393bc224eb57a823e85697","(empty)","OuiOui","Shoulder","Galdive","4","","SUBMITTED"
"353d5119b4c03c022bef818e407392fb042985f0cdbcce212badec98b25ab270","fbc910c07e85eee010738f58","(empty)","OuiOui","Sunday (feat. HEIZE, Jay Park)","GroovyRoom; Heize; Jay Park","4","","SUBMITTED"
"353d5119b4c03c022bef818e407392fb042985f0cdbcce212badec98b25ab270","2bee5e526b797f4a8efeca1d","(empty)","OuiOui","Fall in love with you in every 4AM.","Friday Night Plans","4","","SUBMITTED"
"353d5119b4c03c022bef818e407392fb042985f0cdbcce212badec98b25ab270","71f670fde3213a77451d9f55","(empty)","OuiOui","idontwannabeyouanymore","Billie Eilish","3","","SUBMITTED"
"50d23c29d1b49b722961cbef7cfd79c688c3eb6208cd631f18b3e22be0fffa20","89dd5a7f1f73618109372111","Fall in love with you in every 4AM.","Friday Night Plans","Look At Me Now","Yayyoung","4","","SUBMITTED"
"50d23c29d1b49b722961cbef7cfd79c688c3eb6208cd631f18b3e22be0fffa20","5aa11a87143e039e540166a8","Fall in love with you in every 4AM.","Friday Night Plans","Stay With Me","Teqkoi; Mouse","2","","SUBMITTED"
"50d23c29d1b49b722961cbef7cfd79c688c3eb6208cd631f18b3e22be0fffa20","74d6e15535fa848ad5213317","Fall in love with you in every 4AM.","Friday Night Plans","Make the Move (feat. pH-1)","SOOVI; pH-1","4","","SUBMITTED"
"50d23c29d1b49b722961cbef7cfd79c688c3eb6208cd631f18b3e22be0fffa20","c6dd96534e22d4abffe0f60e","Fall in love with you in every 4AM.","Friday Night Plans","We (OUI) (Feat. sogumm)","jeebanoff; sogumm","4","","SUBMITTED"
"50d23c29d1b49b722961cbef7cfd79c688c3eb6208cd631f18b3e22be0fffa20","18dde567d0b967c6d783e24a","Fall in love with you in every 4AM.","Friday Night Plans","Sunday (feat. HEIZE, Jay Park)","GroovyRoom; Heize; Jay Park","4","","SUBMITTED"
"50d23c29d1b49b722961cbef7cfd79c688c3eb6208cd631f18b3e22be0fffa20","c935c0be9c4b6140cded57c1","Fall in love with you in every 4AM.","Friday Night Plans","Lucid (feat. LILAC)","JIDA; Kate Kim","4","","SUBMITTED"
"ce31682686f0f84425b42d9bf7748d88b2cafc7ec23e36d00a94fb592ced48f2","4c945edd24fdc8e9b89ad426","No I Don't Want, Just Anyone","Unclenathannn; Shiloh Dynasty","The Hills","The Weeknd","2","","SUBMITTED"
"ce31682686f0f84425b42d9bf7748d88b2cafc7ec23e36d00a94fb592ced48f2","ef0823abebcc436a7181a867","No I Don't Want, Just Anyone","Unclenathannn; Shiloh Dynasty","too afraid","hateful","4","","SUBMITTED"
"ce31682686f0f84425b42d9bf7748d88b2cafc7ec23e36d00a94fb592ced48f2","4039856f9e0abf9b3cf72a10","No I Don't Want, Just Anyone","Unclenathannn; Shiloh Dynasty","summer","raph; EJEAN","3","","SUBMITTED"
"f79e02ae326e80953158806b03bf1bae79892f89ffba40be72f035eb3f1c22fa","1b3e7e4c41f365282de8f690","Fade (Feat. Rachel Lim)","JIDA; Rachel Lim","1-4-3","Nana Ou-Yang","4","","SUBMITTED"
"f79e02ae326e80953158806b03bf1bae79892f89ffba40be72f035eb3f1c22fa","9ca52b5e03e0186a4be32806","Fade (Feat. Rachel Lim)","JIDA; Rachel Lim","Hit the Wall","Gracie Abrams","3","","SUBMITTED"
"f79e02ae326e80953158806b03bf1bae79892f89ffba40be72f035eb3f1c22fa","be239fd5fe86356a5d85a4b8","Fade (Feat. Rachel Lim)","JIDA; Rachel Lim","Fall in love with you in every 4AM.","Friday Night Plans","4","","SUBMITTED"
"f79e02ae326e80953158806b03bf1bae79892f89ffba40be72f035eb3f1c22fa","a048b436f4678c56c50ae184","Fade (Feat. Rachel Lim)","JIDA; Rachel Lim","Favorite Part","JO YURI","3","","SUBMITTED"
"f79e02ae326e80953158806b03bf1bae79892f89ffba40be72f035eb3f1c22fa","bb4465cb403e895719051bbd","Fade (Feat. Rachel Lim)","JIDA; Rachel Lim","idontwannabeyouanymore","Billie Eilish","3","","SUBMITTED"
"f79e02ae326e80953158806b03bf1bae79892f89ffba40be72f035eb3f1c22fa","e6b1f80280fe00581f794793","Fade (Feat. Rachel Lim)","JIDA; Rachel Lim","We (OUI) (Feat. sogumm)","jeebanoff; sogumm","4","","SUBMITTED"
"f79e02ae326e80953158806b03bf1bae79892f89ffba40be72f035eb3f1c22fa","28829be8e440a2a0735b5cf2","Fade (Feat. Rachel Lim)","JIDA; Rachel Lim","You Are Enough",".Uzu; Clavita","3","","SUBMITTED"
"8d12b6c42100afd28bebe38377c59260db58e2411416429d96f72bf6f3ee36e7","685ef380c9cdc1b01308102b","The Color Violet","Tory Lanez","Hit the Wall","Gracie Abrams","2","","SUBMITTED"
"8d12b6c42100afd28bebe38377c59260db58e2411416429d96f72bf6f3ee36e7","8427115e7bde27dd084e39f4","The Color Violet","Tory Lanez","Thirsty","aespa","3","","SUBMITTED"
"8d12b6c42100afd28bebe38377c59260db58e2411416429d96f72bf6f3ee36e7","3aa3477855cf52179d7f581f","The Color Violet","Tory Lanez","TOUCH","keshi","5","","SUBMITTED"
"8d12b6c42100afd28bebe38377c59260db58e2411416429d96f72bf6f3ee36e7","683d561aca8a715d302b847a","The Color Violet","Tory Lanez","SATELLITE","City Girl; Kelsey Kuan","2","","SUBMITTED"
"8d12b6c42100afd28bebe38377c59260db58e2411416429d96f72bf6f3ee36e7","9324be062e784fab355cf78e","The Color Violet","Tory Lanez","You Never Know","BLACKPINK","2","","SUBMITTED"
"8d12b6c42100afd28bebe38377c59260db58e2411416429d96f72bf6f3ee36e7","69d4a7c9d715779e498c8ebc","The Color Violet","Tory Lanez","The Hills","The Weeknd","5","","SUBMITTED"
"da2a575ae2c07cf35d0630ef45cdb507c906788dc43258f0835232a07a282080","61e633d47f97a0cc439b2c15","You Are Enough",".Uzu; Clavita","Don't","Colette Lush","3","","SUBMITTED"
"da2a575ae2c07cf35d0630ef45cdb507c906788dc43258f0835232a07a282080","88306e9b320b7ae7e5006310","You Are Enough",".Uzu; Clavita","for what","potsu","4","","SUBMITTED"
"da2a575ae2c07cf35d0630ef45cdb507c906788dc43258f0835232a07a282080","ccc31b8ea0ebcbee9b631383","You Are Enough",".Uzu; Clavita","Favorite Part","JO YURI","3","","SUBMITTED"
"da2a575ae2c07cf35d0630ef45cdb507c906788dc43258f0835232a07a282080","b6ea409a5128104165d2c0e0","You Are Enough",".Uzu; Clavita","strawberry moon","IU","3","","SUBMITTED"
"261835fe77748cacd73f9ed1ed7954d0f4fcf7b6aa4e470e0e5d21a29c86f627","a3348c76bc24a8fe8cd4dae6","The Hills","The Weeknd","Don't","Colette Lush","3","","SUBMITTED"
"261835fe77748cacd73f9ed1ed7954d0f4fcf7b6aa4e470e0e5d21a29c86f627","87a985d1765c77116f6afbc6","The Hills","The Weeknd","Favorite Part","JO YURI","1","","SUBMITTED"
"261835fe77748cacd73f9ed1ed7954d0f4fcf7b6aa4e470e0e5d21a29c86f627","17e3c39ad1c54ad68d345ca0","The Hills","The Weeknd","Fade (Feat. Rachel Lim)","JIDA; Rachel Lim","1","","SUBMITTED"
"261835fe77748cacd73f9ed1ed7954d0f4fcf7b6aa4e470e0e5d21a29c86f627","e3a11eaa607dbefa91a9efe0","The Hills","The Weeknd","Not Afraid","INTRN","2","","SUBMITTED"
"4e46a64226751b60ec0e7c3afb54b9106a591b426c0823db3a9ad790a614c48f","418ce4bbe0f037a993016f83","Jocelyn Flores","Dontcry","I'm Drunk And Confused","sagun","5","","SUBMITTED"
"4e46a64226751b60ec0e7c3afb54b9106a591b426c0823db3a9ad790a614c48f","16d2b8c344eceaa3a1fc6d75","Jocelyn Flores","Dontcry","Fresh Air","Maasho; Weston Estate","2","","SUBMITTED"
"4e46a64226751b60ec0e7c3afb54b9106a591b426c0823db3a9ad790a614c48f","bcc50d1d1faf421b1ea115df","Jocelyn Flores","Dontcry","Stay With Me","Teqkoi; Mouse","4","","SUBMITTED"
"4e46a64226751b60ec0e7c3afb54b9106a591b426c0823db3a9ad790a614c48f","d375c6d250b5923fa010727c","Jocelyn Flores","Dontcry","falling down","Nohidea","5","","SUBMITTED"
"d70f5048f2834f77c9cfff80155b679c70e5f56862adfcb9882ce301ba9af572","a98941fb41b807e6de6b5d2f","TOUCH","keshi","Fall in love with you in every 4AM.","Friday Night Plans","4","","SUBMITTED"
"d70f5048f2834f77c9cfff80155b679c70e5f56862adfcb9882ce301ba9af572","1bb28b0c4af5d9586e0bb505","TOUCH","keshi","SATELLITE","City Girl; Kelsey Kuan","3","","SUBMITTED"
"d70f5048f2834f77c9cfff80155b679c70e5f56862adfcb9882ce301ba9af572","b39505e4567e18c2c7bcfa47","TOUCH","keshi","You Are Enough",".Uzu; Clavita","3","","SUBMITTED"
"d70f5048f2834f77c9cfff80155b679c70e5f56862adfcb9882ce301ba9af572","bb6829bf9163154ca9a560fa","TOUCH","keshi","No I Don't Want, Just Anyone","Unclenathannn; Shiloh Dynasty","3","","SUBMITTED"
"5d0506b224823d854e3b3f50e4c8e5e90d99cf0ae46a2c8603cf954acec6362e","84d107adb6753450ca3f6382","Hit the Wall","Gracie Abrams","vampire","Olivia Rodrigo","4","","SUBMITTED"
"5d0506b224823d854e3b3f50e4c8e5e90d99cf0ae46a2c8603cf954acec6362e","8affe9785d282bc47714048c","Hit the Wall","Gracie Abrams","m o v i e (Feat. Jade)","Stupinuts; Jade","3","","SUBMITTED"
"5d0506b224823d854e3b3f50e4c8e5e90d99cf0ae46a2c8603cf954acec6362e","01f02cd46799e7c0724a0a0e","Hit the Wall","Gracie Abrams","The Bottom","Gracie Abrams","5","","SUBMITTED"
"5d0506b224823d854e3b3f50e4c8e5e90d99cf0ae46a2c8603cf954acec6362e","3459ebc6a0e4f98f11c8acdf","Hit the Wall","Gracie Abrams","idontwannabeyouanymore","Billie Eilish","4","","SUBMITTED"
"5d0506b224823d854e3b3f50e4c8e5e90d99cf0ae46a2c8603cf954acec6362e","f9b7ca8016628a5f98d58553","Hit the Wall","Gracie Abrams","DINOSAUR","AKMU","3","","SUBMITTED"
"97c702aaddd6907a18a3388d4d5411be3296af311daf0c226cf37c1420dc7bba","d8e2cbfa735c8b95a6757be7","risk","lace","Phantom Embrace","City Girl","4","","SUBMITTED"
"97c702aaddd6907a18a3388d4d5411be3296af311daf0c226cf37c1420dc7bba","128a3a24b04a722665e1fb64","risk","lace","idontwannabeyouanymore","Billie Eilish","3","","SUBMITTED"
"97c702aaddd6907a18a3388d4d5411be3296af311daf0c226cf37c1420dc7bba","dfaa8d8e883fc2348715792e","risk","lace","Sit Around","City Girl; tiffi","4","","SUBMITTED"
"97c702aaddd6907a18a3388d4d5411be3296af311daf0c226cf37c1420dc7bba","10201d0e0447800034c0a4b5","risk","lace","Not Afraid","INTRN","3","","SUBMITTED"
"97c702aaddd6907a18a3388d4d5411be3296af311daf0c226cf37c1420dc7bba","45692b24450de07fc6e125e1","risk","lace","blue (with MINNIE)","yung kai; MINNIE","4","","SUBMITTED"
"f543839cdd3f81656a01b68a2a9c4139c13f3b0d38df40dd0236f98335dac637","b2697c45370c412896a128cd","Sit Around","City Girl; tiffi","Cloudy Thoughts","HYEJIN","4","","SUBMITTED"
"f543839cdd3f81656a01b68a2a9c4139c13f3b0d38df40dd0236f98335dac637","78228b72fde7c5586d53ada7","Sit Around","City Girl; tiffi","Wet Dreamz","J. Cole","1","","SUBMITTED"
"f543839cdd3f81656a01b68a2a9c4139c13f3b0d38df40dd0236f98335dac637","94d833dd57e4e892f631c779","Sit Around","City Girl; tiffi","Tea Time","Disvstxr","4","","SUBMITTED"
"f543839cdd3f81656a01b68a2a9c4139c13f3b0d38df40dd0236f98335dac637","a6591e3ce036f742e2f82ccd","Sit Around","City Girl; tiffi","2080","chicken97","4","","SUBMITTED"
"f543839cdd3f81656a01b68a2a9c4139c13f3b0d38df40dd0236f98335dac637","79e684cfc360c2492cb00016","Sit Around","City Girl; tiffi","1-4-3","Nana Ou-Yang","4","","SUBMITTED"
"f543839cdd3f81656a01b68a2a9c4139c13f3b0d38df40dd0236f98335dac637","2f183871167224bf2b762e3f","Sit Around","City Girl; tiffi","idontwannabeyouanymore","Billie Eilish","3","","SUBMITTED"
"14fce2152d2c375094be0471cdba22cf5329fc786ff5c1d2d7c36eda20e91b0a","82f00bd962f0fcd721804f3b","Shoota (feat. Lil Uzi Vert)","Playboi Carti; Lil Uzi Vert","Stay With Me","Teqkoi; Mouse","1","not matching with shoota at all ","SUBMITTED"
"14fce2152d2c375094be0471cdba22cf5329fc786ff5c1d2d7c36eda20e91b0a","31800d4ae76e22af71e3ee25","Shoota (feat. Lil Uzi Vert)","Playboi Carti; Lil Uzi Vert","The Hills","The Weeknd","4","","SUBMITTED"
"14fce2152d2c375094be0471cdba22cf5329fc786ff5c1d2d7c36eda20e91b0a","1df4383d3df854e5db21a6e6","Shoota (feat. Lil Uzi Vert)","Playboi Carti; Lil Uzi Vert","boys dont cry","sysmint","4","","SUBMITTED"
"1a016075ef8b5eb7534f75214fa6c629e842d195d18731072ebeb8e4fe4a682d","7220f3c5a968211ac6ac2ba3","Soft Static Sky on Early Mornings","City Girl","Shiawase no Monosashi","Pokke","5","","SUBMITTED"
"1a016075ef8b5eb7534f75214fa6c629e842d195d18731072ebeb8e4fe4a682d","1b4c1b56281e4b66b2b9b434","Soft Static Sky on Early Mornings","City Girl","blue (with MINNIE)","yung kai; MINNIE","4","","SUBMITTED"
"7a9c5f070f85e6fad63b7bc79b58bbd0a4de04a34d5640bb07993a97993a4a7b","2da2ea42750af5b42b514539","blue (with MINNIE)","yung kai; MINNIE","Fall in love with you in every 4AM.","Friday Night Plans","4","","SUBMITTED"
"7a9c5f070f85e6fad63b7bc79b58bbd0a4de04a34d5640bb07993a97993a4a7b","025eed5247ec3187b47be43a","blue (with MINNIE)","yung kai; MINNIE","Dear My All","Mingginyu","4","","SUBMITTED"
"7a9c5f070f85e6fad63b7bc79b58bbd0a4de04a34d5640bb07993a97993a4a7b","6cad14fd02cb9f12b8311597","blue (with MINNIE)","yung kai; MINNIE","慢冷","Ren Ran","4","","SUBMITTED"
"7a9c5f070f85e6fad63b7bc79b58bbd0a4de04a34d5640bb07993a97993a4a7b","57d98859f5d47c7592434894","blue (with MINNIE)","yung kai; MINNIE","for what","potsu","3","","SUBMITTED"
"7a9c5f070f85e6fad63b7bc79b58bbd0a4de04a34d5640bb07993a97993a4a7b","f214467f12ae2de458761b32","blue (with MINNIE)","yung kai; MINNIE","2080","chicken97","4","","SUBMITTED"
"7a9c5f070f85e6fad63b7bc79b58bbd0a4de04a34d5640bb07993a97993a4a7b","487c7e71390db90a7bafc3cb","blue (with MINNIE)","yung kai; MINNIE","idontwannabeyouanymore","Billie Eilish","4","","SUBMITTED"
"7a9c5f070f85e6fad63b7bc79b58bbd0a4de04a34d5640bb07993a97993a4a7b","39b136abf48b77b9a666a545","blue (with MINNIE)","yung kai; MINNIE","me2urs2ours","Yayyoung; Sojou Kim","4","","SUBMITTED"
"d5c73c6e02c4835561f5a55c950945982216d5168e93b590ef7716d32b76412c","90eebca3c228e612c3fbaff5","Thirsty","aespa","Ever2Late!","KiiiKiii","4","","SUBMITTED"
"d5c73c6e02c4835561f5a55c950945982216d5168e93b590ef7716d32b76412c","bff07511ae17b9e88dc16c4c","Thirsty","aespa","You Never Know","BLACKPINK","4","","SUBMITTED"
"d5c73c6e02c4835561f5a55c950945982216d5168e93b590ef7716d32b76412c","00dc2d66f478ebac68177909","Thirsty","aespa","Fall in love","Han Jihyo; Park Soeun","4","","SUBMITTED"
"d5c73c6e02c4835561f5a55c950945982216d5168e93b590ef7716d32b76412c","5a190cab364f1201a32bc21e","Thirsty","aespa","(empty)","OuiOui","3","","SUBMITTED"
"207fc2d43140ae6c6bc199305a7ae8b108e81848073e90b1519c6a6a82d4b109","2f86f7782763ac718d50d176","慢冷","Ren Ran","Lucid (feat. LILAC)","JIDA; Kate Kim","4","","SUBMITTED"
"207fc2d43140ae6c6bc199305a7ae8b108e81848073e90b1519c6a6a82d4b109","edbaf92d13e44571106f2d8d","慢冷","Ren Ran","Morning Walk","Park Bird","3","","SUBMITTED"
"207fc2d43140ae6c6bc199305a7ae8b108e81848073e90b1519c6a6a82d4b109","860564c61b2be7333f2b0821","慢冷","Ren Ran","Love Always Leaves Me","오안과 편견; Lee Yerin","5","","SUBMITTED"
"207fc2d43140ae6c6bc199305a7ae8b108e81848073e90b1519c6a6a82d4b109","9eac888f2f824c8f4bc51543","慢冷","Ren Ran","1-4-3","Nana Ou-Yang","4","","SUBMITTED"
"207fc2d43140ae6c6bc199305a7ae8b108e81848073e90b1519c6a6a82d4b109","429ed2e42ebb8f252edd89f4","慢冷","Ren Ran","Fade (Feat. Rachel Lim)","JIDA; Rachel Lim","4","","SUBMITTED"
"9ec906c8cf2c1ef9eaaa91d8c236652d0318e7638b52766461319067b9788fed","5ddc68328f8cbf0305fefc2c","The Peace","underscores","DANCING ALONE","KiiiKiii","4","","SUBMITTED"
"9ec906c8cf2c1ef9eaaa91d8c236652d0318e7638b52766461319067b9788fed","4f0a6e92043c3aa1f4b7e96b","The Peace","underscores","GANADARA (Feat. IU)","Jay Park; IU","3","","SUBMITTED"
"9ec906c8cf2c1ef9eaaa91d8c236652d0318e7638b52766461319067b9788fed","f1da62c6f09fde0ccf1531a2","The Peace","underscores","The Bottom","Gracie Abrams","2","","SUBMITTED"
"9ec906c8cf2c1ef9eaaa91d8c236652d0318e7638b52766461319067b9788fed","c378a19f52bb87005a86e113","The Peace","underscores","Magnetic","ILLIT","3","","SUBMITTED"
"9ec906c8cf2c1ef9eaaa91d8c236652d0318e7638b52766461319067b9788fed","6000062a448b766bc778e0e4","The Peace","underscores","Sunday (feat. HEIZE, Jay Park)","GroovyRoom; Heize; Jay Park","2","","SUBMITTED"
"9ec906c8cf2c1ef9eaaa91d8c236652d0318e7638b52766461319067b9788fed","45d0d4beb993663b37273778","The Peace","underscores","Perfect Night","LE SSERAFIM","2","","SUBMITTED"
"9ec906c8cf2c1ef9eaaa91d8c236652d0318e7638b52766461319067b9788fed","6d870cffbe333d887271abc8","The Peace","underscores","Ever2Late!","KiiiKiii","4","","SUBMITTED"
"a4f31e06762e759a86c79614a45d4cd66482cc95975094340af9bd35e7483773","3e4870bc116648636be7d31c","Love Always Leaves Me","오안과 편견; Lee Yerin","Don't","Colette Lush","4","","SUBMITTED"
"a4f31e06762e759a86c79614a45d4cd66482cc95975094340af9bd35e7483773","6651c37d67a971ced24f5d78","Love Always Leaves Me","오안과 편견; Lee Yerin","To My Youth","BOL4","4","","SUBMITTED"
"a4f31e06762e759a86c79614a45d4cd66482cc95975094340af9bd35e7483773","af2fe936575b0b113bf5588d","Love Always Leaves Me","오안과 편견; Lee Yerin","Fade (Feat. Rachel Lim)","JIDA; Rachel Lim","4","","SUBMITTED"
"f2a90a78452b4d952f499fe3cb883017d7aa19d1a3690bfd44f70c621442c80d","b752eb9a0a01f517632957b1","I'm Not Enough and I'm Sorry","Teqkoi; Snøw","Tell Me","hyejin","3","","SUBMITTED"
"f2a90a78452b4d952f499fe3cb883017d7aa19d1a3690bfd44f70c621442c80d","d7d5c92cc18bf8cd23cd9a8f","I'm Not Enough and I'm Sorry","Teqkoi; Snøw","too afraid","hateful","4","","SUBMITTED"
"f2a90a78452b4d952f499fe3cb883017d7aa19d1a3690bfd44f70c621442c80d","1c4487aa949aa378a418177a","I'm Not Enough and I'm Sorry","Teqkoi; Snøw","GET IT","keshi","2","","SUBMITTED"
"f2a90a78452b4d952f499fe3cb883017d7aa19d1a3690bfd44f70c621442c80d","a8f54e7c834adb8903d23752","I'm Not Enough and I'm Sorry","Teqkoi; Snøw","m o v i e (Feat. Jade)","Stupinuts; Jade","4","","SUBMITTED"
"f1bec4ff0862b544e3dcae1b14cb2a0350b7bcbce0e5d4a6e6ffc1ecf2956eda","9ea78093463e8ad1e9082798","Stay With Me","jrd.","falling down","Nohidea","4","","SUBMITTED"
"f1bec4ff0862b544e3dcae1b14cb2a0350b7bcbce0e5d4a6e6ffc1ecf2956eda","93d9509922dc4cef09bf5dbb","Stay With Me","jrd.","Soft Static Sky on Early Mornings","City Girl","5","","SUBMITTED"
"f1bec4ff0862b544e3dcae1b14cb2a0350b7bcbce0e5d4a6e6ffc1ecf2956eda","9a16d30a7f0aa0d3bcd66953","Stay With Me","jrd.","Phantom Embrace","City Girl","5","","SUBMITTED"
"f1bec4ff0862b544e3dcae1b14cb2a0350b7bcbce0e5d4a6e6ffc1ecf2956eda","809031e1813b9e21645bf2a7","Stay With Me","jrd.","Tea Time","Disvstxr","4","","SUBMITTED"
"bcc8e675f9301c7ae07417ebb922acd7df4f1e2bdb957166baf80142cb13299a","1d284038e8d170f157b0b911","boys dont cry","sysmint","vampire","Olivia Rodrigo","3","","SUBMITTED"
"bcc8e675f9301c7ae07417ebb922acd7df4f1e2bdb957166baf80142cb13299a","8b4c856cc105d08b910108e6","boys dont cry","sysmint","Sit Around","City Girl; tiffi","1","these songs are very different boys dont cry is hyperpop ish and this is lofi something like the peace by underscores would fit much better here","SUBMITTED"
"bcc8e675f9301c7ae07417ebb922acd7df4f1e2bdb957166baf80142cb13299a","c78f2fcff0b5c7208167123e","boys dont cry","sysmint","The Way","Ariana Grande; Mac Miller","3","","SUBMITTED"
"bcc8e675f9301c7ae07417ebb922acd7df4f1e2bdb957166baf80142cb13299a","4ed548b66cc87043c3bd9547","boys dont cry","sysmint","The Color Violet","Tory Lanez","3","","SUBMITTED"
"bcc8e675f9301c7ae07417ebb922acd7df4f1e2bdb957166baf80142cb13299a","7bfbcd6087ff88b41e7cace7","boys dont cry","sysmint","The Bottom","Gracie Abrams","2","","SUBMITTED"
"bcc8e675f9301c7ae07417ebb922acd7df4f1e2bdb957166baf80142cb13299a","a9d95278c2d64adab66c2448","boys dont cry","sysmint","MOON","i-dle","2","","SUBMITTED"
"3d159b5b4510814db5fdfa13792dd616fcfe6fdd67a515a162a318cd2f7c2bd2","cab5a60be6235b3634800bce","Not Afraid","INTRN","Celestial Angel","City Girl","5","","SUBMITTED"
"3d159b5b4510814db5fdfa13792dd616fcfe6fdd67a515a162a318cd2f7c2bd2","b8f667b18cc73c54ff5a4d3d","Not Afraid","INTRN","idontwannabeyouanymore","Billie Eilish","3","","SUBMITTED"
"3d159b5b4510814db5fdfa13792dd616fcfe6fdd67a515a162a318cd2f7c2bd2","efcabe1eec28ab0462762d91","Not Afraid","INTRN","Stay With Me","jrd.","4","","SUBMITTED"
"3d159b5b4510814db5fdfa13792dd616fcfe6fdd67a515a162a318cd2f7c2bd2","8d6d2ca6ba98a429e4efa189","Not Afraid","INTRN","Daydreaming","Chevy; City Girl","4","","SUBMITTED"
"4b279af7c254ced90a8c23b401f2d1d6f52cf09ebae46e28a24cc426a9f02d32","ab5548cb1096d91dbc8134bc","Daydreaming","Chevy; City Girl","Temporary","Kiri T","4","","SUBMITTED"
"4b279af7c254ced90a8c23b401f2d1d6f52cf09ebae46e28a24cc426a9f02d32","87984974390b973b7ccfdd98","Daydreaming","Chevy; City Girl","Tell Me","hyejin","4","","SUBMITTED"
"4b279af7c254ced90a8c23b401f2d1d6f52cf09ebae46e28a24cc426a9f02d32","b99caeb822998e2fe5c30725","Daydreaming","Chevy; City Girl","By My Side","JUNNY","3","","SUBMITTED"
"4b279af7c254ced90a8c23b401f2d1d6f52cf09ebae46e28a24cc426a9f02d32","7047be5af56055328be245a7","Daydreaming","Chevy; City Girl","me2urs2ours","Yayyoung; Sojou Kim","4","","SUBMITTED"
"285751630cab6c53782e407efc28b378c77a3bf92b16a6e8f5205a64bb3a5a35","1f259a3ce1d2716ed35bb229","Ever2Late!","KiiiKiii","OMG","NewJeans","4","","SUBMITTED"
"285751630cab6c53782e407efc28b378c77a3bf92b16a6e8f5205a64bb3a5a35","d43b21aae0e5eea2bb5e958d","Ever2Late!","KiiiKiii","Smart","LE SSERAFIM","5","","SUBMITTED"
"285751630cab6c53782e407efc28b378c77a3bf92b16a6e8f5205a64bb3a5a35","15f4481b4f5e2a07349fae49","Ever2Late!","KiiiKiii","Fall in love","Han Jihyo; Park Soeun","4","","SUBMITTED"
"51bccfaba0864a5961a6647c27646e4baddc1336e2df1e8c60cd5cf5162c4ca9","a366590334ca132bc153c0a2","DANCING ALONE","KiiiKiii","Smart","LE SSERAFIM","5","","SUBMITTED"
"51bccfaba0864a5961a6647c27646e4baddc1336e2df1e8c60cd5cf5162c4ca9","d487b098994c4ab5d03dd344","DANCING ALONE","KiiiKiii","The Bottom","Gracie Abrams","3","","SUBMITTED"
"51bccfaba0864a5961a6647c27646e4baddc1336e2df1e8c60cd5cf5162c4ca9","113b9b554313ae1fa584d85f","DANCING ALONE","KiiiKiii","Thirsty","aespa","5","","SUBMITTED"
"cf380dc1ee5eb6bb0764c104bc0b4f7d423ef98082c6aa3aa020e5f06176e880","b629bcd03e676b6d9b10cf0e","Perfect Night","LE SSERAFIM","The Bottom","Gracie Abrams","3","","SUBMITTED"
"cf380dc1ee5eb6bb0764c104bc0b4f7d423ef98082c6aa3aa020e5f06176e880","a827339d1255574007fb81ce","Perfect Night","LE SSERAFIM","GANADARA (Feat. IU)","Jay Park; IU","4","","SUBMITTED"
"cf380dc1ee5eb6bb0764c104bc0b4f7d423ef98082c6aa3aa020e5f06176e880","2b8209ff339c02da9785fd7b","Perfect Night","LE SSERAFIM","MOON","i-dle","4","","SUBMITTED"
"f1930725b5bf40c9bc5408560e25229bef9ff2628e95a73a38e5bfbc8e1876aa","69cc2d67a981c6ccf41b2090","Phantom Embrace","City Girl","Shiawase no Monosashi","Pokke","5","","SUBMITTED"
"f1930725b5bf40c9bc5408560e25229bef9ff2628e95a73a38e5bfbc8e1876aa","9767d12830a08e831eed94bf","Phantom Embrace","City Girl","You Are Enough",".Uzu; Clavita","3","","SUBMITTED"
"bab4673566e70a85440c85fbfa27f45a61ab835e31ad22a35b7e8d53b8155bb2","d72c1a2cc2f44197753ca1e9","vampire","Olivia Rodrigo","summer","raph; EJEAN","3","","SUBMITTED"
"bab4673566e70a85440c85fbfa27f45a61ab835e31ad22a35b7e8d53b8155bb2","4eb71d89fd07dc0ca5952110","vampire","Olivia Rodrigo","Fall in love","Han Jihyo; Park Soeun","3","","SUBMITTED"
"bab4673566e70a85440c85fbfa27f45a61ab835e31ad22a35b7e8d53b8155bb2","ec259595f0f83131c98aafad","vampire","Olivia Rodrigo","2080","chicken97","3","","SUBMITTED"
"7ad4cd6d8befaa540d5d7b544adf1bb52eefbaaff8e38e7f2a4a07dbd8145634","95b1ce098664d03b6debddab","Sunday (feat. HEIZE, Jay Park)","GroovyRoom; Heize; Jay Park","Heart","chicken97","4","","SUBMITTED"
"7ad4cd6d8befaa540d5d7b544adf1bb52eefbaaff8e38e7f2a4a07dbd8145634","88640032af93f79fac788194","Sunday (feat. HEIZE, Jay Park)","GroovyRoom; Heize; Jay Park","MOON","i-dle","3","","SUBMITTED"
"cb22ee6015c951a2d417099278800b2f7e4d44b047f06b7d908687d79a4d5ae7","3732fa7c09ee81b88f383aa7","Temporary","Kiri T","By My Side","JUNNY","4","","SUBMITTED"
"cb22ee6015c951a2d417099278800b2f7e4d44b047f06b7d908687d79a4d5ae7","b34a80d37a53a8bf90dda97a","Temporary","Kiri T","Lucid (feat. LILAC)","JIDA; Kate Kim","4","","SUBMITTED"
"cb22ee6015c951a2d417099278800b2f7e4d44b047f06b7d908687d79a4d5ae7","70b00ab8ac7deb37b1ea62e2","Temporary","Kiri T","Look At Me Now","Yayyoung","4","","SUBMITTED"
"cb22ee6015c951a2d417099278800b2f7e4d44b047f06b7d908687d79a4d5ae7","00112d58aa827d858ab19a4b","Temporary","Kiri T","1-4-3","Nana Ou-Yang","5","","SUBMITTED"
"cb22ee6015c951a2d417099278800b2f7e4d44b047f06b7d908687d79a4d5ae7","54eff4342c8a07e39782bb80","Temporary","Kiri T","Shoulder","Galdive","4","","SUBMITTED"
"cb22ee6015c951a2d417099278800b2f7e4d44b047f06b7d908687d79a4d5ae7","f1467ba966cf4b35d0c4085b","Temporary","Kiri T","You Never Know","BLACKPINK","3","","SUBMITTED"
"cb22ee6015c951a2d417099278800b2f7e4d44b047f06b7d908687d79a4d5ae7","80a95532388c1807be4045e7","Temporary","Kiri T","Not Afraid","INTRN","2","","SUBMITTED"
"3f9d5656987788908b7de73c4f17bc8320e34a818783f47946854dd451e20969","38868ba0d28d02825d5c2679","Morning Walk","Park Bird","strawberry moon","IU","2","","SUBMITTED"
"3f9d5656987788908b7de73c4f17bc8320e34a818783f47946854dd451e20969","a4336f67b640c91b41c8ea3d","Morning Walk","Park Bird","She loves the color green and I love her","City Girl","5","","SUBMITTED"
"3f9d5656987788908b7de73c4f17bc8320e34a818783f47946854dd451e20969","e91b3729d1f63dfa07a6e065","Morning Walk","Park Bird","m o v i e (Feat. Jade)","Stupinuts; Jade","4","","SUBMITTED"
"3f9d5656987788908b7de73c4f17bc8320e34a818783f47946854dd451e20969","acd3e48e8257b03e9eb72e3d","Morning Walk","Park Bird","we used to talk every night","Elijah Who","5","","SUBMITTED"
"3f9d5656987788908b7de73c4f17bc8320e34a818783f47946854dd451e20969","70774ef69838bc0994bbf449","Morning Walk","Park Bird","Celestial Angel","City Girl","5","","SUBMITTED"
"3f9d5656987788908b7de73c4f17bc8320e34a818783f47946854dd451e20969","0a601fc17d584b69d336cdcb","Morning Walk","Park Bird","too afraid","hateful","4","","SUBMITTED"
"d82ad1faf7a5b8cda647402cbfbdee5e674d3f5de57b07cba9dfe6a319f104c7","1840ab021a01ca0222465cae","Do We Start to Like Each Other ?","Jordy Chandra","Make the Move (feat. pH-1)","SOOVI; pH-1","3","","SUBMITTED"
"d82ad1faf7a5b8cda647402cbfbdee5e674d3f5de57b07cba9dfe6a319f104c7","8090b5f95d1f55e3c017534c","Do We Start to Like Each Other ?","Jordy Chandra","for what","potsu","5","","SUBMITTED"
"d82ad1faf7a5b8cda647402cbfbdee5e674d3f5de57b07cba9dfe6a319f104c7","3513c25e1e3325b1b9dc5e12","Do We Start to Like Each Other ?","Jordy Chandra","Celestial Angel","City Girl","5","","SUBMITTED"
"d82ad1faf7a5b8cda647402cbfbdee5e674d3f5de57b07cba9dfe6a319f104c7","cc25101e30392163be5fdaac","Do We Start to Like Each Other ?","Jordy Chandra","Saturation in Delay, Love in Anger","City Girl; tiffi","5","","SUBMITTED"
"d82ad1faf7a5b8cda647402cbfbdee5e674d3f5de57b07cba9dfe6a319f104c7","1ee439e08ff65ae8ed8b628a","Do We Start to Like Each Other ?","Jordy Chandra","Shiawase no Monosashi","Pokke","5","","SUBMITTED"
"4870f024aa58d23ccffdc1b36f5d807e39f239a51604923c785907a966d73c27","9accec8497533ddcb93b8d6b","Make the Move (feat. pH-1)","SOOVI; pH-1","OMG","NewJeans","4","","SUBMITTED"
"4870f024aa58d23ccffdc1b36f5d807e39f239a51604923c785907a966d73c27","6cecdb1c5c339f17a1b3b6c0","Make the Move (feat. pH-1)","SOOVI; pH-1","Fall in love","Han Jihyo; Park Soeun","3","","SUBMITTED"
"4870f024aa58d23ccffdc1b36f5d807e39f239a51604923c785907a966d73c27","f7b7b2bdfe55d86831421109","Make the Move (feat. pH-1)","SOOVI; pH-1","Sunday (feat. HEIZE, Jay Park)","GroovyRoom; Heize; Jay Park","4","","SUBMITTED"
"4870f024aa58d23ccffdc1b36f5d807e39f239a51604923c785907a966d73c27","25761f4e148e6dff7a5b200f","Make the Move (feat. pH-1)","SOOVI; pH-1","The Bottom","Gracie Abrams","3","","SUBMITTED"
"6f3524e509c761a9635b6698e8136d444b0fdfd96a3f69a4bb46bc2a4c9ae6aa","fae741ce34fae9e485ed15d1","MOON","i-dle","We (OUI) (Feat. sogumm)","jeebanoff; sogumm","3","","SUBMITTED"
"bca505483b169a2587be7484f2a1a6aa3dd66eb7eaf5c92a3b369da66210f369","47b3a709f87de07ea98337f2","Saturation in Delay, Love in Anger","City Girl; tiffi","Sit Around","City Girl; tiffi","4","","SUBMITTED"
"bca505483b169a2587be7484f2a1a6aa3dd66eb7eaf5c92a3b369da66210f369","af0ec6a4fd62a78f8d90eaeb","Saturation in Delay, Love in Anger","City Girl; tiffi","Lucid (feat. LILAC)","JIDA; Kate Kim","3","","SUBMITTED"
"bca505483b169a2587be7484f2a1a6aa3dd66eb7eaf5c92a3b369da66210f369","f1e4c3040ee2b8fbe0dbc824","Saturation in Delay, Love in Anger","City Girl; tiffi","Cloudy Thoughts","HYEJIN","4","","SUBMITTED"
"bca505483b169a2587be7484f2a1a6aa3dd66eb7eaf5c92a3b369da66210f369","6e2e1c9abae1fc6f7ae86a11","Saturation in Delay, Love in Anger","City Girl; tiffi","Tea Time","Disvstxr","5","","SUBMITTED"
"bca505483b169a2587be7484f2a1a6aa3dd66eb7eaf5c92a3b369da66210f369","2cb0a662cf0822f4d745342a","Saturation in Delay, Love in Anger","City Girl; tiffi","too afraid","hateful","4","","SUBMITTED"
"fb5d8e7e5a6d07e38fd1c0459741a3f7668b0b05b1c64e2ef9fc3d80f2fd8a82","8b58ebe9010f70d48e21c09a","Shoulder","Galdive","We (OUI) (Feat. sogumm)","jeebanoff; sogumm","4","","SUBMITTED"
"fb5d8e7e5a6d07e38fd1c0459741a3f7668b0b05b1c64e2ef9fc3d80f2fd8a82","60bc96fd265366ee1dada0d0","Shoulder","Galdive","My Gamecube Broke.",".Uzu","3","","SUBMITTED"
"fb5d8e7e5a6d07e38fd1c0459741a3f7668b0b05b1c64e2ef9fc3d80f2fd8a82","03b4f6e15aa4288c9ad276ac","Shoulder","Galdive","1-4-3","Nana Ou-Yang","5","","SUBMITTED"
"fb5d8e7e5a6d07e38fd1c0459741a3f7668b0b05b1c64e2ef9fc3d80f2fd8a82","b4494b24f08ecf38b81ccb4f","Shoulder","Galdive","Heart","chicken97","4","","SUBMITTED"
"fb5d8e7e5a6d07e38fd1c0459741a3f7668b0b05b1c64e2ef9fc3d80f2fd8a82","b3579ab4dd7e0418f3a8102d","Shoulder","Galdive","The Bottom","Gracie Abrams","3","","SUBMITTED"
"fb5d8e7e5a6d07e38fd1c0459741a3f7668b0b05b1c64e2ef9fc3d80f2fd8a82","7ee5c903d9deebdd04eeeb70","Shoulder","Galdive","Look At Me Now","Yayyoung","4","","SUBMITTED"
"4eeb9cbcb226d9d62cfa6bb75e9b31fb49ce963f99c60fdac39f709b294400d5","c3ecdc024b8516436b83348c","To My Youth","BOL4","Season of Memories","GFRIEND","4","","SUBMITTED"
"4eeb9cbcb226d9d62cfa6bb75e9b31fb49ce963f99c60fdac39f709b294400d5","2f319779fb314b0d170538ba","To My Youth","BOL4","11:11","TAEYEON","5","","SUBMITTED"
"4eeb9cbcb226d9d62cfa6bb75e9b31fb49ce963f99c60fdac39f709b294400d5","3d93a76faa28ca4562ebe4e9","To My Youth","BOL4","id T41104 (feat. 267)","W/N; 267","4","","SUBMITTED"
"4eeb9cbcb226d9d62cfa6bb75e9b31fb49ce963f99c60fdac39f709b294400d5","5aa5f4ec381461c2716bc83c","To My Youth","BOL4","bamsopoong","ILLIT","5","","SUBMITTED"
"4eeb9cbcb226d9d62cfa6bb75e9b31fb49ce963f99c60fdac39f709b294400d5","2b90d33fb739514a81ce490b","To My Youth","BOL4","vampire","Olivia Rodrigo","3","","SUBMITTED"
"4eeb9cbcb226d9d62cfa6bb75e9b31fb49ce963f99c60fdac39f709b294400d5","7c65f8d7bcd8704ae0b7a880","To My Youth","BOL4","Favorite Part","JO YURI","4","","SUBMITTED"
"4eeb9cbcb226d9d62cfa6bb75e9b31fb49ce963f99c60fdac39f709b294400d5","d8f44555c688a63e3e979df8","To My Youth","BOL4","Shouldn't Be","Luke Chiang","3","","SUBMITTED"
"4eeb9cbcb226d9d62cfa6bb75e9b31fb49ce963f99c60fdac39f709b294400d5","227d9fea8ba4f51012baf719","To My Youth","BOL4","If I Weren't Me","Katherine Li","4","","SUBMITTED"
"4248d24c98e2807e95b1d6d15403d705869c1cb6a0b89f8d21010f7dda44fdcb","c2bcad688779d29872472876","me2urs2ours","Yayyoung; Sojou Kim","for what","potsu","3","","SUBMITTED"
"4248d24c98e2807e95b1d6d15403d705869c1cb6a0b89f8d21010f7dda44fdcb","a9d4af3232dad0f94425b062","me2urs2ours","Yayyoung; Sojou Kim","Look At Me Now","Yayyoung","5","","SUBMITTED"
"4248d24c98e2807e95b1d6d15403d705869c1cb6a0b89f8d21010f7dda44fdcb","cda375729bd617b7cff39779","me2urs2ours","Yayyoung; Sojou Kim","Lucid (feat. LILAC)","JIDA; Kate Kim","4","","SUBMITTED"
"4248d24c98e2807e95b1d6d15403d705869c1cb6a0b89f8d21010f7dda44fdcb","fa89066154952a943b98056e","me2urs2ours","Yayyoung; Sojou Kim","My Gamecube Broke.",".Uzu","3","","SUBMITTED"
"4248d24c98e2807e95b1d6d15403d705869c1cb6a0b89f8d21010f7dda44fdcb","0ed43e7526bff230dac44f49","me2urs2ours","Yayyoung; Sojou Kim","门没锁","我是土豆","3","","SUBMITTED"
"4248d24c98e2807e95b1d6d15403d705869c1cb6a0b89f8d21010f7dda44fdcb","1a35b1c54cac0364d5a73de2","me2urs2ours","Yayyoung; Sojou Kim","2080","chicken97","4","","SUBMITTED"
"3de4506f139628aca0e551ac78fa3c24234c04135ec3ff3eb133375f3dd22a40","76704bb299616fd27eabd35c","11:11","TAEYEON","strawberry moon","IU","4","","SUBMITTED"
"3de4506f139628aca0e551ac78fa3c24234c04135ec3ff3eb133375f3dd22a40","290041b5c8d1b4d93e23000d","11:11","TAEYEON","Sunday (feat. HEIZE, Jay Park)","GroovyRoom; Heize; Jay Park","5","","SUBMITTED"
"3de4506f139628aca0e551ac78fa3c24234c04135ec3ff3eb133375f3dd22a40","c86432b453e24420d6989105","11:11","TAEYEON","Thirsty","aespa","4","","SUBMITTED"
"3de4506f139628aca0e551ac78fa3c24234c04135ec3ff3eb133375f3dd22a40","16853494cd238c0dfb7a8f71","11:11","TAEYEON","You Might (Feat. SHIRT)","g0nny; SHIRT","5","","SUBMITTED"
"3de4506f139628aca0e551ac78fa3c24234c04135ec3ff3eb133375f3dd22a40","026f87abdee08a81bb7b5e46","11:11","TAEYEON","SATELLITE","City Girl; Kelsey Kuan","3","","SUBMITTED"
"3de4506f139628aca0e551ac78fa3c24234c04135ec3ff3eb133375f3dd22a40","8a2577c7cb2668a5c748cff9","11:11","TAEYEON","Dear My All","Mingginyu","4","","SUBMITTED"
"80a1dbc43a2eee30189fc25c069e4bd1f5397cb8135508e8ae184efb146030d5","0c5936c926b05b48e671b3fa","Fresh Air","Maasho; Weston Estate","Look At Me Now","Yayyoung","2","","SUBMITTED"
"80a1dbc43a2eee30189fc25c069e4bd1f5397cb8135508e8ae184efb146030d5","6ffab14d2f1afcc5f8bd8f72","Fresh Air","Maasho; Weston Estate","Perfect Night","LE SSERAFIM","2","","SUBMITTED"
"80a1dbc43a2eee30189fc25c069e4bd1f5397cb8135508e8ae184efb146030d5","45eea3bab8a7c371a6229b51","Fresh Air","Maasho; Weston Estate","Make the Move (feat. pH-1)","SOOVI; pH-1","3","","SUBMITTED"
"80a1dbc43a2eee30189fc25c069e4bd1f5397cb8135508e8ae184efb146030d5","8c70e29ee56097c64a585a6b","Fresh Air","Maasho; Weston Estate","Die Right Here","david hugo","5","","SUBMITTED"
"3681cc7f614de3bd27d89265fc32067959cd3e429a66568cce6ac38e6ec7fd2e","952a27841b18e30b360acae1","DINOSAUR","AKMU","Flash Forward","LE SSERAFIM","4","","SUBMITTED"
"3681cc7f614de3bd27d89265fc32067959cd3e429a66568cce6ac38e6ec7fd2e","b7b2cb46c4d97508fe64f44e","DINOSAUR","AKMU","2080","chicken97","3","","SUBMITTED"
"3681cc7f614de3bd27d89265fc32067959cd3e429a66568cce6ac38e6ec7fd2e","4dc61134e0e7d3735a83d2f8","DINOSAUR","AKMU","You Never Know","BLACKPINK","4","","SUBMITTED"
"3681cc7f614de3bd27d89265fc32067959cd3e429a66568cce6ac38e6ec7fd2e","5701870e0cbedfd44fa41db8","DINOSAUR","AKMU","Smart","LE SSERAFIM","4","","SUBMITTED"
"64d83f237b4737e085854d15bcba58b673e362118078bd919b1aa36fc45124b3","e3cd901d48c27fa2ae9d6f00","CLOUT CHASER","Tiffany Day","Favorite Part","JO YURI","3","","SUBMITTED"
"64d83f237b4737e085854d15bcba58b673e362118078bd919b1aa36fc45124b3","487c9025a39c1215ddb779cf","CLOUT CHASER","Tiffany Day","Look At Me Now","Yayyoung","3","","SUBMITTED"
"8fcd23d21fcd8af060dd0ad0dce7d5277f11848c0d38b1c36214f9bfb3597f91","c595e35533c3833381a52cda","Wet Dreamz","J. Cole","Saturation in Delay, Love in Anger","City Girl; tiffi","1","this song is lofi and wet dreamz is like old school slow rap","SUBMITTED"
"8fcd23d21fcd8af060dd0ad0dce7d5277f11848c0d38b1c36214f9bfb3597f91","74fe2764363673c6932459dc","Wet Dreamz","J. Cole","You Are Enough",".Uzu; Clavita","1","same as before","SUBMITTED"
"8fcd23d21fcd8af060dd0ad0dce7d5277f11848c0d38b1c36214f9bfb3597f91","aeca238c359f437fce0ba6c9","Wet Dreamz","J. Cole","CLOUT CHASER","Tiffany Day","2","","SUBMITTED"
"8fcd23d21fcd8af060dd0ad0dce7d5277f11848c0d38b1c36214f9bfb3597f91","8bf63252627a9df29b0196f0","Wet Dreamz","J. Cole","Stoked","Weston Estate","3","","SUBMITTED"
"8fcd23d21fcd8af060dd0ad0dce7d5277f11848c0d38b1c36214f9bfb3597f91","98804bb658f81f3e6c972321","Wet Dreamz","J. Cole","Cloudy Thoughts","HYEJIN","1","same as ebfore","SUBMITTED"
"8fcd23d21fcd8af060dd0ad0dce7d5277f11848c0d38b1c36214f9bfb3597f91","86b23dea003b99361025d7ed","Wet Dreamz","J. Cole","Stay With Me","Teqkoi; Mouse","1","this is also lofi","SUBMITTED"
"f2e8e3f78cd7a430c5ac2b70561d9e561fe987cdc3e77903f53d6ea39a95ba11","8e0ee6a6cad5e8cec2106f56","Cloudy Thoughts","HYEJIN","Shoulder","Galdive","4","","SUBMITTED"
"f2e8e3f78cd7a430c5ac2b70561d9e561fe987cdc3e77903f53d6ea39a95ba11","ecc6d1710e767256aec1ba8c","Cloudy Thoughts","HYEJIN","(empty)","OuiOui","4","","SUBMITTED"
"f2e8e3f78cd7a430c5ac2b70561d9e561fe987cdc3e77903f53d6ea39a95ba11","1f4ae2e39fc7e86282f5b548","Cloudy Thoughts","HYEJIN","Look At Me Now","Yayyoung","4","","SUBMITTED"
"f2e8e3f78cd7a430c5ac2b70561d9e561fe987cdc3e77903f53d6ea39a95ba11","c4ae4a33ad52423109f4214d","Cloudy Thoughts","HYEJIN","1-4-3","Nana Ou-Yang","4","","SUBMITTED"
"f2e8e3f78cd7a430c5ac2b70561d9e561fe987cdc3e77903f53d6ea39a95ba11","b6319f2db99b0ce622175b7e","Cloudy Thoughts","HYEJIN","CLOUT CHASER","Tiffany Day","3","","SUBMITTED"
"1d98d120557a18a395fc662ed9abfdd08cd3eac882d5829b319ac84655951ee6","782a02401359e2bc56bd1d1e","strawberry moon","IU","Sunday (feat. HEIZE, Jay Park)","GroovyRoom; Heize; Jay Park","4","","SUBMITTED"
"1d98d120557a18a395fc662ed9abfdd08cd3eac882d5829b319ac84655951ee6","80e8aec1d4b828d5e8ba71b4","strawberry moon","IU","Heart","chicken97","3","","SUBMITTED"
"b40df052f7ae3eee8c3335bb16aa283e84a2d7238023967d2e8db7e8ab69b821","5ddc043cc6bf6cfc6eb82444","GANADARA (Feat. IU)","Jay Park; IU","Sunday (feat. HEIZE, Jay Park)","GroovyRoom; Heize; Jay Park","5","","SUBMITTED"
"b40df052f7ae3eee8c3335bb16aa283e84a2d7238023967d2e8db7e8ab69b821","d75fb4cfc12d1d2546725f96","GANADARA (Feat. IU)","Jay Park; IU","We (OUI) (Feat. sogumm)","jeebanoff; sogumm","4","","SUBMITTED"
"b40df052f7ae3eee8c3335bb16aa283e84a2d7238023967d2e8db7e8ab69b821","c33b04bd7e544e6fd6379374","GANADARA (Feat. IU)","Jay Park; IU","Look At Me Now","Yayyoung","3","","SUBMITTED"
"b40df052f7ae3eee8c3335bb16aa283e84a2d7238023967d2e8db7e8ab69b821","3c57c231e260ba55594003f2","GANADARA (Feat. IU)","Jay Park; IU","Thirsty","aespa","4","","SUBMITTED"
"1ef64124846748505547d02ea88edbf1c03f153d3ff1bb36d1e54db5acd4add2","2182483a541332a6ee98b505","It'll Be Ok","Yoandri","Lucid (feat. LILAC)","JIDA; Kate Kim","4","","SUBMITTED"
"1ef64124846748505547d02ea88edbf1c03f153d3ff1bb36d1e54db5acd4add2","47394d2f717241f49f7d4e33","It'll Be Ok","Yoandri","(empty)","OuiOui","4","","SUBMITTED"
"1ef64124846748505547d02ea88edbf1c03f153d3ff1bb36d1e54db5acd4add2","1adba794bae6fc811cb7973d","It'll Be Ok","Yoandri","We (OUI) (Feat. sogumm)","jeebanoff; sogumm","4","","SUBMITTED"
"1ef64124846748505547d02ea88edbf1c03f153d3ff1bb36d1e54db5acd4add2","1560071135e935e43080524f","It'll Be Ok","Yoandri","1-4-3","Nana Ou-Yang","4","","SUBMITTED"
"832a58741e1c2f73c730b6d3da0fdc4f74255829b442ff3f7d126a2b0ed03483","98a379352b6f15254514394d","If I Weren't Me","Katherine Li","1-4-3","Nana Ou-Yang","5","","SUBMITTED"
"832a58741e1c2f73c730b6d3da0fdc4f74255829b442ff3f7d126a2b0ed03483","fcd2cdc0974874e865298f94","If I Weren't Me","Katherine Li","慢冷","Ren Ran","4","","SUBMITTED"
"18fe4b64b066a91c76fd4f5fc90185745495346a9f5c1d4d7521bf86207fe9b2","98fd519cd2768c16fd4e8630","id T41104 (feat. 267)","W/N; 267","Tell Me","hyejin","4","","SUBMITTED"
"18fe4b64b066a91c76fd4f5fc90185745495346a9f5c1d4d7521bf86207fe9b2","55daae799541dacdc3c27d10","id T41104 (feat. 267)","W/N; 267","Shoulder","Galdive","4","","SUBMITTED"
"18fe4b64b066a91c76fd4f5fc90185745495346a9f5c1d4d7521bf86207fe9b2","d96e91365b0692631bf2fa85","id T41104 (feat. 267)","W/N; 267","(empty)","OuiOui","4","","SUBMITTED"
"18fe4b64b066a91c76fd4f5fc90185745495346a9f5c1d4d7521bf86207fe9b2","7b2d5b68830818e81a36b574","id T41104 (feat. 267)","W/N; 267","11:11","TAEYEON","4","","SUBMITTED"
"18fe4b64b066a91c76fd4f5fc90185745495346a9f5c1d4d7521bf86207fe9b2","c2067a2977863fc57f5e26af","id T41104 (feat. 267)","W/N; 267","Fade (Feat. Rachel Lim)","JIDA; Rachel Lim","4","","SUBMITTED"
"18fe4b64b066a91c76fd4f5fc90185745495346a9f5c1d4d7521bf86207fe9b2","aaf51ab5a2c28f0bc4229c0e","id T41104 (feat. 267)","W/N; 267","SATELLITE","City Girl; Kelsey Kuan","3","","SUBMITTED"
"18fe4b64b066a91c76fd4f5fc90185745495346a9f5c1d4d7521bf86207fe9b2","b5645c5a5d6c785ffd9f6dce","id T41104 (feat. 267)","W/N; 267","Love Always Leaves Me","오안과 편견; Lee Yerin","5","","SUBMITTED"
"18fe4b64b066a91c76fd4f5fc90185745495346a9f5c1d4d7521bf86207fe9b2","6e7f29d6e3bc73194e8a340e","id T41104 (feat. 267)","W/N; 267","Look At Me Now","Yayyoung","4","","SUBMITTED"
"18fe4b64b066a91c76fd4f5fc90185745495346a9f5c1d4d7521bf86207fe9b2","a82b810e61117c7e734f4871","id T41104 (feat. 267)","W/N; 267","1-4-3","Nana Ou-Yang","4","","SUBMITTED"
"35701814282faa0977fe9745e64e617a9a0c16f609777952a9f120d5d82ffb99","f9a9f6b46366824983af10d2","门没锁","我是土豆","Tell Me","hyejin","4","","SUBMITTED"
"35701814282faa0977fe9745e64e617a9a0c16f609777952a9f120d5d82ffb99","33d65b957f7130db56ca53a1","门没锁","我是土豆","2080","chicken97","4","","SUBMITTED"
"35701814282faa0977fe9745e64e617a9a0c16f609777952a9f120d5d82ffb99","8294544ac262180945001e47","门没锁","我是土豆","strawberry moon","IU","3","","SUBMITTED"
"80014e1012b0bfd558749cdf7ae78ea291cd3ed3dff1fc50495488f5634d3dc0","e74d31dc7fbf72472f729a5b","My Gamecube Broke.",".Uzu","Morning Walk","Park Bird","4","","SUBMITTED"
"80014e1012b0bfd558749cdf7ae78ea291cd3ed3dff1fc50495488f5634d3dc0","48a01903c65059f137cd7258","My Gamecube Broke.",".Uzu","Tea Time","Disvstxr","4","","SUBMITTED"
"80014e1012b0bfd558749cdf7ae78ea291cd3ed3dff1fc50495488f5634d3dc0","65f5bce08ded093c7e51d03c","My Gamecube Broke.",".Uzu","I'm Drunk And Confused","sagun","4","","SUBMITTED"
"80014e1012b0bfd558749cdf7ae78ea291cd3ed3dff1fc50495488f5634d3dc0","42c9b28bc379f5d85b468f37","My Gamecube Broke.",".Uzu","Pray","City Girl; tiffi","5","","SUBMITTED"
"80014e1012b0bfd558749cdf7ae78ea291cd3ed3dff1fc50495488f5634d3dc0","d0e924b48470808010b238e7","My Gamecube Broke.",".Uzu","Stay With Me","jrd.","4","","SUBMITTED"
"80014e1012b0bfd558749cdf7ae78ea291cd3ed3dff1fc50495488f5634d3dc0","9583cf2e64ccbac6ceb3d088","My Gamecube Broke.",".Uzu","Phantom Embrace","City Girl","5","","SUBMITTED"
"f8fcef6474d9aec16835df957c570d981ad2fe40a15b20aaaf1f7098b6801088","2b8c45a85f795b974eb906a2","You Never Know","BLACKPINK","SATELLITE","City Girl; Kelsey Kuan","2","","SUBMITTED"
"f8fcef6474d9aec16835df957c570d981ad2fe40a15b20aaaf1f7098b6801088","8c25bcf8e50c343c94e4848a","You Never Know","BLACKPINK","OMG","NewJeans","4","","SUBMITTED"
"f8fcef6474d9aec16835df957c570d981ad2fe40a15b20aaaf1f7098b6801088","0237a21c4b10bae2c751a4c5","You Never Know","BLACKPINK","MOON","i-dle","4","","SUBMITTED"
"f8fcef6474d9aec16835df957c570d981ad2fe40a15b20aaaf1f7098b6801088","af3ec159cf70161da0cc5c6b","You Never Know","BLACKPINK","DANCING ALONE","KiiiKiii","4","","SUBMITTED"
"3be7fee3323d95f512a4559edbf716374fe06d25a813bb879caaef7f58621fca","8418f662fbbfe10b180c713d","I'm Drunk And Confused","sagun","Saturation in Delay, Love in Anger","City Girl; tiffi","5","","SUBMITTED"
"3be7fee3323d95f512a4559edbf716374fe06d25a813bb879caaef7f58621fca","376f08f40da0a5c8d78a25a1","I'm Drunk And Confused","sagun","It'll Be Ok","Yoandri","3","","SUBMITTED"
"3be7fee3323d95f512a4559edbf716374fe06d25a813bb879caaef7f58621fca","b8d376716675aba9a5a8cea1","I'm Drunk And Confused","sagun","She loves the color green and I love her","City Girl","5","","SUBMITTED"
"c648344fd10017ba3ed9a7bf75abb0adc86e623f1660f778ec830fa1f216af13","888d63ef46b594831ebab7ed","Tea Time","Disvstxr","Fade (Feat. Rachel Lim)","JIDA; Rachel Lim","3","","SUBMITTED"
"c648344fd10017ba3ed9a7bf75abb0adc86e623f1660f778ec830fa1f216af13","81e44831099729f0e6b01c12","Tea Time","Disvstxr","Cloudy Thoughts","HYEJIN","4","","SUBMITTED"
"c648344fd10017ba3ed9a7bf75abb0adc86e623f1660f778ec830fa1f216af13","fb8f9c9d725b08c343569abf","Tea Time","Disvstxr","we used to talk every night","Elijah Who","5","","SUBMITTED"
"9578db334e29fb9611b16637e4a24a60ef739ab8f6ae36f4b0450875d6704ccf","fc27f0cc2b76573b1ed78f77","1-4-3","Nana Ou-Yang","Morning Walk","Park Bird","3","","SUBMITTED"
"9578db334e29fb9611b16637e4a24a60ef739ab8f6ae36f4b0450875d6704ccf","5f08d7a4b2476ae33f3001cf","1-4-3","Nana Ou-Yang","Heart","chicken97","4","","SUBMITTED"
"9578db334e29fb9611b16637e4a24a60ef739ab8f6ae36f4b0450875d6704ccf","6e9ef7007860284be04850b0","1-4-3","Nana Ou-Yang","Lucid (feat. LILAC)","JIDA; Kate Kim","4","","SUBMITTED"
"9578db334e29fb9611b16637e4a24a60ef739ab8f6ae36f4b0450875d6704ccf","7c6718c7b8faec1b67bb65b9","1-4-3","Nana Ou-Yang","idontwannabeyouanymore","Billie Eilish","4","","SUBMITTED"
"9578db334e29fb9611b16637e4a24a60ef739ab8f6ae36f4b0450875d6704ccf","3ba1b19a2751bcca5d9ab2f8","1-4-3","Nana Ou-Yang","2080","chicken97","4","","SUBMITTED"
"9578db334e29fb9611b16637e4a24a60ef739ab8f6ae36f4b0450875d6704ccf","f619fa6a33498835435de541","1-4-3","Nana Ou-Yang","Look At Me Now","Yayyoung","5","","SUBMITTED"
"3d726a0c290dbd4e8cbcbfc3b8f069cdc0816cf37e8a41a630873a556764a980","5e95fa645673a491a6cc6c5c","We (OUI) (Feat. sogumm)","jeebanoff; sogumm","Look At Me Now","Yayyoung","4","","SUBMITTED"
"3d726a0c290dbd4e8cbcbfc3b8f069cdc0816cf37e8a41a630873a556764a980","d73894b8dcaee1d86510a89b","We (OUI) (Feat. sogumm)","jeebanoff; sogumm","Lucid (feat. LILAC)","JIDA; Kate Kim","4","","SUBMITTED"
"3d726a0c290dbd4e8cbcbfc3b8f069cdc0816cf37e8a41a630873a556764a980","dc474e4bc5da5fca966763f7","We (OUI) (Feat. sogumm)","jeebanoff; sogumm","Tea Time","Disvstxr","3","","SUBMITTED"
"3d726a0c290dbd4e8cbcbfc3b8f069cdc0816cf37e8a41a630873a556764a980","058db45cb82c80e2c292004b","We (OUI) (Feat. sogumm)","jeebanoff; sogumm","(empty)","OuiOui","4","","SUBMITTED"
"340d81a903990a4a3eafd9cad57814e429a0f43e4059bba92c030062e3f3bbc4","a7d4858e62be95d05df93f4e","Smart","LE SSERAFIM","The Color Violet","Tory Lanez","2","","SUBMITTED"
"dc567b9e2501097b707550cec0a706812687db07238ad016e8eb9d2d594ee7ca","6b20b45ec66b7b91ea6fca89","Heart","chicken97","By My Side","JUNNY","4","","SUBMITTED"
"0e00d5f83cf0a866d465009a9ae23d5230fbcfe79ae838f765512d6b1ff392e9","8d8ceb4b13fc5d8304abbfae","2080","chicken97","Dear My All","Mingginyu","3","","SUBMITTED"
"0e00d5f83cf0a866d465009a9ae23d5230fbcfe79ae838f765512d6b1ff392e9","6774e7f932dca8f7e93d4504","2080","chicken97","Look At Me Now","Yayyoung","4","","SUBMITTED"
"0e00d5f83cf0a866d465009a9ae23d5230fbcfe79ae838f765512d6b1ff392e9","319e2d3812c35a62bc70fbb3","2080","chicken97","Heart","chicken97","4","","SUBMITTED"
"0e00d5f83cf0a866d465009a9ae23d5230fbcfe79ae838f765512d6b1ff392e9","1eaa125be47f4ef6dfc964b2","2080","chicken97","risk","lace","5","","SUBMITTED"
"a550971448faef534c90e0fa54c311626b9aa791ba7dd18fd277ae0bc2512466","ac6d8115dcff793c5b31656f","Stay With Me","Teqkoi; Mouse","m o v i e (Feat. Jade)","Stupinuts; Jade","2","","SUBMITTED"
"a550971448faef534c90e0fa54c311626b9aa791ba7dd18fd277ae0bc2512466","898453e640905c53a6e1b54f","Stay With Me","Teqkoi; Mouse","GET IT","keshi","3","","SUBMITTED"
"a550971448faef534c90e0fa54c311626b9aa791ba7dd18fd277ae0bc2512466","a50ad7b27dc172979f8c19ee","Stay With Me","Teqkoi; Mouse","me2urs2ours","Yayyoung; Sojou Kim","2","","SUBMITTED"
"a550971448faef534c90e0fa54c311626b9aa791ba7dd18fd277ae0bc2512466","603b8a68cffbe79bddcb2e0d","Stay With Me","Teqkoi; Mouse","summer","raph; EJEAN","3","","SUBMITTED"
"6c902523c414902cbf8fad5c76d57e6abe13d2e5bddf6d636d47c1feb0c0667a","97c667bd720d234adc086ba6","too afraid","hateful","Not Afraid","INTRN","4","","SUBMITTED"
"6c902523c414902cbf8fad5c76d57e6abe13d2e5bddf6d636d47c1feb0c0667a","3024cd3ff8aa84615d371f02","too afraid","hateful","Lucid (feat. LILAC)","JIDA; Kate Kim","3","","SUBMITTED"
"6c902523c414902cbf8fad5c76d57e6abe13d2e5bddf6d636d47c1feb0c0667a","4238d008a785f3e1a0930df2","too afraid","hateful","Celestial Angel","City Girl","4","","SUBMITTED"
"6c902523c414902cbf8fad5c76d57e6abe13d2e5bddf6d636d47c1feb0c0667a","c803a4a47d5cd7acb6613d45","too afraid","hateful","Cloudy Thoughts","HYEJIN","4","","SUBMITTED"
"c0e969468cffd61588d777be80cf7e27fdfd1ced7ec667ee085cec8b6e71443e","12034ebc8cc0802d48b784cb","Shiawase no Monosashi","Pokke","Bullet Train Fantasy","Ibrahim; Luvbird","5","","SUBMITTED"
"c0e969468cffd61588d777be80cf7e27fdfd1ced7ec667ee085cec8b6e71443e","21766b455b271ccf40589cfb","Shiawase no Monosashi","Pokke","Celestial Angel","City Girl","5","","SUBMITTED"
"0881e8b4928693f2d6d1c3edc36bb2949e456ee0844eb2edc0f8df814a765226","b5a28338dba4f98aa996e6d9","Dear My All","Mingginyu","strawberry moon","IU","3","","SUBMITTED"
"0881e8b4928693f2d6d1c3edc36bb2949e456ee0844eb2edc0f8df814a765226","d358645bd33e9efe9c73fdd0","Dear My All","Mingginyu","1-4-3","Nana Ou-Yang","4","","SUBMITTED"
"0881e8b4928693f2d6d1c3edc36bb2949e456ee0844eb2edc0f8df814a765226","dce573bee4f4963cab905b1f","Dear My All","Mingginyu","me2urs2ours","Yayyoung; Sojou Kim","4","","SUBMITTED"
"0881e8b4928693f2d6d1c3edc36bb2949e456ee0844eb2edc0f8df814a765226","3c3162b48cdba2c3e660d021","Dear My All","Mingginyu","Liability","Lorde","3","","SUBMITTED"
"0881e8b4928693f2d6d1c3edc36bb2949e456ee0844eb2edc0f8df814a765226","aac1b28de2bed0a297c8d543","Dear My All","Mingginyu","MOON","i-dle","3","","SUBMITTED"
"0881e8b4928693f2d6d1c3edc36bb2949e456ee0844eb2edc0f8df814a765226","a62ad1c90a938069fb1a4e9f","Dear My All","Mingginyu","idontwannabeyouanymore","Billie Eilish","4","","SUBMITTED"
"0881e8b4928693f2d6d1c3edc36bb2949e456ee0844eb2edc0f8df814a765226","60e735a2614a3be2bb74809a","Dear My All","Mingginyu","(empty)","OuiOui","4","","SUBMITTED"
"b911b97eb6d3d2520d792f13ec7fde09c22c35a700b51b24b0196fdebfb17a99","641f59d76e00e9448a050e89","Shouldn't Be","Luke Chiang","If I Weren't Me","Katherine Li","4","","SUBMITTED"
"b911b97eb6d3d2520d792f13ec7fde09c22c35a700b51b24b0196fdebfb17a99","4002090a4859b536420588c3","Shouldn't Be","Luke Chiang","Stoked","Weston Estate","4","","SUBMITTED"
"b911b97eb6d3d2520d792f13ec7fde09c22c35a700b51b24b0196fdebfb17a99","1f2f83fb0b774d55aea95078","Shouldn't Be","Luke Chiang","Love Always Leaves Me","오안과 편견; Lee Yerin","3","","SUBMITTED"
"b911b97eb6d3d2520d792f13ec7fde09c22c35a700b51b24b0196fdebfb17a99","eabf4bfb28370d981b562c27","Shouldn't Be","Luke Chiang","Don't","Colette Lush","4","","SUBMITTED"
"db2f5174e43383f77f25e9e6c81cc5cc716db45d439d0020a22e4dc6e97045fa","cf1d41790e484b06a1d83646","for what","potsu","too afraid","hateful","4","","SUBMITTED"
"46cffcf192ba778a3498142bf52bf123d44d9fdade78a5094f8707697ab9ea38","d09d4601f08260c46893f3b2","Tell Me","hyejin","Look At Me Now","Yayyoung","4","","SUBMITTED"
"46cffcf192ba778a3498142bf52bf123d44d9fdade78a5094f8707697ab9ea38","d9dff97a9a175f2ec77abcfd","Tell Me","hyejin","Lucid (feat. LILAC)","JIDA; Kate Kim","4","","SUBMITTED"
"46cffcf192ba778a3498142bf52bf123d44d9fdade78a5094f8707697ab9ea38","82fd60784efb3d48467d5b0d","Tell Me","hyejin","summer","raph; EJEAN","4","","SUBMITTED"
"46cffcf192ba778a3498142bf52bf123d44d9fdade78a5094f8707697ab9ea38","71eba182f5d80ced788c08b0","Tell Me","hyejin","SATELLITE","City Girl; Kelsey Kuan","3","","SUBMITTED"
"46cffcf192ba778a3498142bf52bf123d44d9fdade78a5094f8707697ab9ea38","a3965edf107d56bd69428b2f","Tell Me","hyejin","Temporary","Kiri T","4","","SUBMITTED"
"917488ea44bc0fdaf7a25dc3a91cb45de12f256dd68bb77bf8f66d6c9a3a4d29","001fd7c3588af19d46f7dc9a","Lucid (feat. LILAC)","JIDA; Kate Kim","Liability","Lorde","3","","SUBMITTED"
"917488ea44bc0fdaf7a25dc3a91cb45de12f256dd68bb77bf8f66d6c9a3a4d29","74e26ef3afbb06dd054363f8","Lucid (feat. LILAC)","JIDA; Kate Kim","Look At Me Now","Yayyoung","4","","SUBMITTED"
"917488ea44bc0fdaf7a25dc3a91cb45de12f256dd68bb77bf8f66d6c9a3a4d29","1e21fe6df5f67d02e12b1d49","Lucid (feat. LILAC)","JIDA; Kate Kim","SATELLITE","City Girl; Kelsey Kuan","3","","SUBMITTED"
"34ac8b0e94e3fda60fb980afa1251ddef21a6f7c17dc34e191efd86946c45c0f","094bf11f1d6963d888160417","Look At Me Now","Yayyoung","Make the Move (feat. pH-1)","SOOVI; pH-1","4","","SUBMITTED"
"1171ce91f8223bfbfdc7cebff603494aa75b817ef0cd8476e16dacbafacf0b3c","6ef869bc15399adba60ce313","Pray","City Girl; tiffi","Sit Around","City Girl; tiffi","5","","SUBMITTED"
"1171ce91f8223bfbfdc7cebff603494aa75b817ef0cd8476e16dacbafacf0b3c","2ddd18128fa116815c432556","Pray","City Girl; tiffi","SATELLITE","City Girl; Kelsey Kuan","5","","SUBMITTED"
"1171ce91f8223bfbfdc7cebff603494aa75b817ef0cd8476e16dacbafacf0b3c","e4d216ca04f299bf79e8c028","Pray","City Girl; tiffi","You Never Know","BLACKPINK","2","","SUBMITTED"
"1171ce91f8223bfbfdc7cebff603494aa75b817ef0cd8476e16dacbafacf0b3c","20114516e351d9f3fadc43e5","Pray","City Girl; tiffi","She loves the color green and I love her","City Girl","5","","SUBMITTED"
"dc56e200c42c1ccfaa44e0d8d7b83217155424226f616d8a24ac2e1d54e82372","999559d44a71a6cb03a851f5","summer","raph; EJEAN","1-4-3","Nana Ou-Yang","4","","SUBMITTED"
"dc56e200c42c1ccfaa44e0d8d7b83217155424226f616d8a24ac2e1d54e82372","e88f6d18e2e059d04bf9391c","summer","raph; EJEAN","If I Weren't Me","Katherine Li","4","","SUBMITTED"
"dc56e200c42c1ccfaa44e0d8d7b83217155424226f616d8a24ac2e1d54e82372","db5fca6e221b2126278c4a57","summer","raph; EJEAN","Favorite Part","JO YURI","3","","SUBMITTED"
"dc56e200c42c1ccfaa44e0d8d7b83217155424226f616d8a24ac2e1d54e82372","1296aa9e0b77e6a944303fcf","summer","raph; EJEAN","strawberry moon","IU","3","","SUBMITTED"
"dc56e200c42c1ccfaa44e0d8d7b83217155424226f616d8a24ac2e1d54e82372","3b56e4224b8754d1424d8e7d","summer","raph; EJEAN","The Bottom","Gracie Abrams","4","","SUBMITTED"
"26ab6ae562c0dc092e6cb0353748a1ee73e65102f7c50f01c9240b0b45023dd7","bb0e7742a680ee9d3d7472ec","we used to talk every night","Elijah Who","We (OUI) (Feat. sogumm)","jeebanoff; sogumm","2","","SUBMITTED"
"26ab6ae562c0dc092e6cb0353748a1ee73e65102f7c50f01c9240b0b45023dd7","cb02dcb3bd8c6c4fc6ad35c4","we used to talk every night","Elijah Who","Stay With Me","Teqkoi; Mouse","4","","SUBMITTED"
"26ab6ae562c0dc092e6cb0353748a1ee73e65102f7c50f01c9240b0b45023dd7","e0326aadf63c94c86114569a","we used to talk every night","Elijah Who","Bullet Train Fantasy","Ibrahim; Luvbird","4","","SUBMITTED"
"2ee97b1b5bd87bdd30516106265d621eb5fed6ec7417db4ce442eaea56f95586","fec95e46e104f49fda1d99b8","Stoked","Weston Estate","TOUCH","keshi","4","","SUBMITTED"
"8e45739154a31ef31311e756db47d305ed2c1d5fbdf85ead00ac81d6dce8432e","20827e21a8235e81a5f0315c","Bullet Train Fantasy","Ibrahim; Luvbird","CLOUT CHASER","Tiffany Day","2","","SUBMITTED"
"8e45739154a31ef31311e756db47d305ed2c1d5fbdf85ead00ac81d6dce8432e","d7d9de9fa15afed95e8504a9","Bullet Train Fantasy","Ibrahim; Luvbird","Phantom Embrace","City Girl","4","","SUBMITTED"
"8e45739154a31ef31311e756db47d305ed2c1d5fbdf85ead00ac81d6dce8432e","f9ab2712751dcbbb62f4a0c7","Bullet Train Fantasy","Ibrahim; Luvbird","To My Youth","BOL4","3","","SUBMITTED"
"8e45739154a31ef31311e756db47d305ed2c1d5fbdf85ead00ac81d6dce8432e","23af7d6f001dfbf453f7f838","Bullet Train Fantasy","Ibrahim; Luvbird","Cloudy Thoughts","HYEJIN","3","","SUBMITTED"
"8e45739154a31ef31311e756db47d305ed2c1d5fbdf85ead00ac81d6dce8432e","7cd7203317996b5ceb7b57dd","Bullet Train Fantasy","Ibrahim; Luvbird","(empty)","OuiOui","3","","SUBMITTED"
"5d39579f0bf326ffcba22076c65c8c31c4f56a8e28c78016b3d39e9b3d032b3c","0e21213893cb05fa667f18a6","Top Secret","Weeekly","bamsopoong","ILLIT","4","","SUBMITTED"
"5d39579f0bf326ffcba22076c65c8c31c4f56a8e28c78016b3d39e9b3d032b3c","eae682aac5c043bb4ac0930c","Top Secret","Weeekly","DINOSAUR","AKMU","4","","SUBMITTED"
"5d39579f0bf326ffcba22076c65c8c31c4f56a8e28c78016b3d39e9b3d032b3c","5e8f77821f410c9541e5d7d8","Top Secret","Weeekly","vampire","Olivia Rodrigo","3","","SUBMITTED"
"5d39579f0bf326ffcba22076c65c8c31c4f56a8e28c78016b3d39e9b3d032b3c","df175dbfb66665c5273e7623","Top Secret","Weeekly","The Bottom","Gracie Abrams","3","","SUBMITTED"
"1b73c5575e520899ed3a5112d81d853b3f10ec35d286ec375daa03165e760326","ddd18742f9e5021ce6a25fc9","SATELLITE","City Girl; Kelsey Kuan","By My Side","JUNNY","3","","SUBMITTED"
"1b73c5575e520899ed3a5112d81d853b3f10ec35d286ec375daa03165e760326","1da48da7f9d9e08ee5742403","SATELLITE","City Girl; Kelsey Kuan","1-4-3","Nana Ou-Yang","4","","SUBMITTED"
"1b73c5575e520899ed3a5112d81d853b3f10ec35d286ec375daa03165e760326","9c0a3768d21ff28a658d57db","SATELLITE","City Girl; Kelsey Kuan","Fall in love with you in every 4AM.","Friday Night Plans","3","","SUBMITTED"
"1b73c5575e520899ed3a5112d81d853b3f10ec35d286ec375daa03165e760326","cd48fd9d78e44a613a71cc17","SATELLITE","City Girl; Kelsey Kuan","Temporary","Kiri T","4","","SUBMITTED"
"1b73c5575e520899ed3a5112d81d853b3f10ec35d286ec375daa03165e760326","fac36320bbdfa07d72d5195e","SATELLITE","City Girl; Kelsey Kuan","Soft Static Sky on Early Mornings","City Girl","4","","SUBMITTED"
"722fe491c9824e6c320204c66020c815ffbc1796aab2e108cdfbdff42f64e173","4744cef8ce0dabaf7c2504a0","idontwannabeyouanymore","Billie Eilish","Heart","chicken97","3","","SUBMITTED"
"286dfb577008ea5a1447bc6f63d9132e7943bf850a64e1abb48adcd47223e0ae","58a55077e9213733e63b9dbb","Celestial Angel","City Girl","idontwannabeyouanymore","Billie Eilish","3","","SUBMITTED"
"286dfb577008ea5a1447bc6f63d9132e7943bf850a64e1abb48adcd47223e0ae","eb9eb61b91fef6137d5c0b9c","Celestial Angel","City Girl","You Are Enough",".Uzu; Clavita","3","","SUBMITTED"
