review_schema_version,pair_id,query_spotify_id,neighbor_spotify_id,neighbor_rank,clap_similarity,muq_similarity,combined_similarity,human_label,human_note,review_timestamp
stage5c2-human-similarity-review-v2,60595ed16623accbe9c92d9d,3JxRNkoNmAcPgnA5HSnKiz,340yvMO5adu3bo1x5Zrw14,1,0.856640732,0.895651701,0.867669205,5,,2026-09-04T21:27:09.609484+00:00
stage5c2-human-similarity-review-v2,35a2b67da8a31c1d37a36907,3JxRNkoNmAcPgnA5HSnKiz,74cpuIw43kA8xPgbQEPdss,2,0.878914437,0.820698292,0.862456625,4,,2026-09-04T21:53:45.302770+00:00
stage5c2-human-similarity-review-v2,de5c5b26cc529988ce159fc2,3JxRNkoNmAcPgnA5HSnKiz,74X2u8JMVooG2QbjRxXwR8,3,0.868235574,0.843697675,0.861298665,4,,2026-09-04T21:33:50.466886+00:00
stage5c2-human-similarity-review-v2,86b0c6b6353c9f4ce506447c,3JxRNkoNmAcPgnA5HSnKiz,0ayK1CJh1cMRjUJRCDWhCd,4,0.842634277,0.804427250,0.831833080,5,,2026-09-04T21:34:20.946139+00:00
stage5c2-human-similarity-review-v2,59461b3fdf1b81c206ec0ea5,3JxRNkoNmAcPgnA5HSnKiz,1AHtqWqufKsgBmdNEi1WVO,5,0.843744472,0.759159042,0.819832014,5,,2026-09-04T21:34:47.438250+00:00
stage5c2-human-similarity-review-v2,0e26f5727b805b357e577120,07tiPBhMqiKqHowwqDBtfK,1AHtqWqufKsgBmdNEi1WVO,1,0.918626879,0.790411326,0.882380105,5,,2026-09-04T21:35:17.546685+00:00
stage5c2-human-similarity-review-v2,114fdced86df4ce9d888f70c,07tiPBhMqiKqHowwqDBtfK,65FftemJ1DbbZ45DUfHJXE,2,0.869567085,0.779121274,0.843997887,3,a little less like the query than the other options,2026-09-04T21:58:06.531047+00:00
stage5c2-human-similarity-review-v2,945621941447c5715176817f,07tiPBhMqiKqHowwqDBtfK,5VGDusp81Ed3T9xACRw5Os,3,0.886749066,0.732038776,0.843012181,4,,2026-09-04T23:10:12.509561+00:00
stage5c2-human-similarity-review-v2,ee4677746e6e519d424f9fee,07tiPBhMqiKqHowwqDBtfK,39kzWAiVPpycdMpr745oPj,4,0.870198559,0.741755919,0.833887587,3,,2026-09-04T21:58:16.782864+00:00
stage5c2-human-similarity-review-v2,d1c68b5e041ae097ec5dffea,07tiPBhMqiKqHowwqDBtfK,1aKvZDoLGkNMxoRYgkckZG,5,0.842305688,0.787654627,0.826855732,3,,2026-09-04T21:58:17.980859+00:00
stage5c2-human-similarity-review-v2,397a6b8b332674a8b9b9a74a,340yvMO5adu3bo1x5Zrw14,0ayK1CJh1cMRjUJRCDWhCd,1,0.889567448,0.848398870,0.877929015,5,,2026-09-04T22:02:23.604914+00:00
stage5c2-human-similarity-review-v2,60595ed16623accbe9c92d9d,340yvMO5adu3bo1x5Zrw14,3JxRNkoNmAcPgnA5HSnKiz,2,0.856640732,0.895651701,0.867669205,5,,2026-09-04T21:27:09.609484+00:00
stage5c2-human-similarity-review-v2,e9387a19fecc81ec1c1ee883,340yvMO5adu3bo1x5Zrw14,74X2u8JMVooG2QbjRxXwR8,3,0.884778320,0.821772061,0.866966334,4,,2026-09-04T22:02:27.974363+00:00
stage5c2-human-similarity-review-v2,263ccf67ab469d9462c2081f,340yvMO5adu3bo1x5Zrw14,5aawFqyuCB3K2P8KQvhFVs,4,0.892014764,0.782293893,0.860996471,3,,2026-09-04T22:13:51.871999+00:00
stage5c2-human-similarity-review-v2,5fb5102e9a3c8da68c25b4c5,340yvMO5adu3bo1x5Zrw14,5quFr5s5PXYfUX5jV2EBZ1,5,0.851649166,0.841372163,0.848743838,5,,2026-09-04T22:14:02.698138+00:00
stage5c2-human-similarity-review-v2,5511df80efe966995e015d20,2aiVdNIqY5BDCM10fKlKpS,7iov2YtUJgLmHXwpYXLcoo,1,0.895804192,0.850422383,0.882974670,5,,2026-09-04T22:20:15.122787+00:00
stage5c2-human-similarity-review-v2,857d0bba1e525ac30703e924,2aiVdNIqY5BDCM10fKlKpS,0mjbciwK9zhfQl44jXfQv6,2,0.856870993,0.887601605,0.865558594,5,,2026-09-04T22:20:36.914400+00:00
stage5c2-human-similarity-review-v2,009b9816f8c7a212d0d99c5c,2aiVdNIqY5BDCM10fKlKpS,4Sk74gcXTe9dnE1HU5Pn1y,3,0.853096936,0.848730822,0.851862627,4,,2026-09-04T22:22:53.435500+00:00
stage5c2-human-similarity-review-v2,a297d301a5ff514804774ee1,2aiVdNIqY5BDCM10fKlKpS,49iccsmr8Su1SXXwNfFO70,4,0.861254336,0.799520351,0.843802025,4,,2026-09-04T22:28:07.737115+00:00
stage5c2-human-similarity-review-v2,1a2622f8aceef82359f3f387,2aiVdNIqY5BDCM10fKlKpS,2BFAfMIblG0RZeAvlmLC81,5,0.867417622,0.783112248,0.843584337,5,,2026-09-04T22:30:04.050361+00:00
stage5c2-human-similarity-review-v2,f9328ce50e46609c8bb93906,7hFW5IN7mQ99PuO86r38Sf,2BFAfMIblG0RZeAvlmLC81,1,0.879242919,0.848512092,0.870555257,4,,2026-09-05T07:12:02.116522+00:00
stage5c2-human-similarity-review-v2,02ae9377eefffd9abc3e178c,7hFW5IN7mQ99PuO86r38Sf,4B8L0sByBRJRUV1Uot2Ebd,2,0.850884829,0.842160371,0.848418408,5,,2026-09-04T22:30:31.547410+00:00
stage5c2-human-similarity-review-v2,e108be366bfc390327e5061f,7hFW5IN7mQ99PuO86r38Sf,49iccsmr8Su1SXXwNfFO70,3,0.883292070,0.751644547,0.846075072,3,,2026-09-05T08:30:27.864992+00:00
stage5c2-human-similarity-review-v2,24058909bdc6d50ec0ee9cc6,7hFW5IN7mQ99PuO86r38Sf,3fzeNQfannmBQWGecQZ93s,4,0.861849679,0.753784491,0.831299450,3,,2026-09-04T22:30:43.628009+00:00
stage5c2-human-similarity-review-v2,09b85fafe985f0eda610b8ef,7hFW5IN7mQ99PuO86r38Sf,4yNhVidUIAtKPT72PrZuLP,5,0.837536969,0.773862037,0.819535948,3,3.5 maybe? same lofi genre but very different sounds compared to the song,2026-09-04T22:31:27.747066+00:00
stage5c2-human-similarity-review-v2,8959a418ed6b4366cf36cbec,30NAF18yQGvwKrbn1IEMKn,2BJSMvOGABRxokHKB0OI8i,1,0.848386424,0.833546870,0.844191255,2,,2026-09-04T22:32:02.157972+00:00
stage5c2-human-similarity-review-v2,f9da32cfda118e52cf7f78f5,30NAF18yQGvwKrbn1IEMKn,23V5SeHanwL6PlqyJ99dH8,2,0.846750563,0.781841445,0.828400635,2,,2026-09-04T22:32:30.443533+00:00
stage5c2-human-similarity-review-v2,5455701fe44927f775ff2ffe,30NAF18yQGvwKrbn1IEMKn,6nef0wHkelfKqNVHAtzJbR,3,0.825131914,0.814225352,0.822048609,5,,2026-09-04T22:32:12.193814+00:00
stage5c2-human-similarity-review-v2,b6fe2df9eb5e4d5c3c255593,30NAF18yQGvwKrbn1IEMKn,4P1L6AniTDJzANaubzWGYs,4,0.821240574,0.808568461,0.817658145,1,,2026-09-05T00:39:02.001068+00:00
stage5c2-human-similarity-review-v2,8c70e29ee56097c64a585a6b,30NAF18yQGvwKrbn1IEMKn,7fXYFuCTmNrYRGwEUUf5iz,5,0.801419564,0.850994962,0.815434620,5,,2026-09-04T22:33:02.678584+00:00
stage5c2-human-similarity-review-v2,ca8228a853e0c99753a4ae3a,4osRLDg7abL4hLdfZ1c39g,1AHtqWqufKsgBmdNEi1WVO,1,0.861641672,0.764641888,0.834219654,5,,2026-09-04T22:35:16.005230+00:00
stage5c2-human-similarity-review-v2,d63db365dedba61cb469c7cf,4osRLDg7abL4hLdfZ1c39g,7fXYFuCTmNrYRGwEUUf5iz,2,0.853956025,0.735162795,0.820372960,2,,2026-09-04T22:35:07.415483+00:00
stage5c2-human-similarity-review-v2,4f3e68261ca3abcd4ad9566a,4osRLDg7abL4hLdfZ1c39g,07tiPBhMqiKqHowwqDBtfK,3,0.831456685,0.740935308,0.805866124,3,,2026-09-04T22:34:58.589443+00:00
stage5c2-human-similarity-review-v2,5e975a645c4ebe9c025dd26c,4osRLDg7abL4hLdfZ1c39g,65FftemJ1DbbZ45DUfHJXE,4,0.850431675,0.684431908,0.803503234,3,,2026-09-04T22:34:56.755308+00:00
stage5c2-human-similarity-review-v2,db5fca6e221b2126278c4a57,4osRLDg7abL4hLdfZ1c39g,6zKX91EvxRHr42ZiZ5C9kN,5,0.817150349,0.754099176,0.799325666,4,,2026-09-04T22:35:17.791892+00:00
stage5c2-human-similarity-review-v2,a827339d1255574007fb81ce,5quFr5s5PXYfUX5jV2EBZ1,74X2u8JMVooG2QbjRxXwR8,1,0.915116666,0.897207806,0.910053798,4,,2026-09-04T22:35:53.930889+00:00
stage5c2-human-similarity-review-v2,d39d92108542a9c0ed5f0a97,5quFr5s5PXYfUX5jV2EBZ1,6nzCvAtyADh0wwZEVMoujK,2,0.898545506,0.849166609,0.884586001,5,,2026-09-04T22:35:48.392667+00:00
stage5c2-human-similarity-review-v2,61f717785649b97d03a2c7cb,5quFr5s5PXYfUX5jV2EBZ1,7fXYFuCTmNrYRGwEUUf5iz,3,0.872365157,0.792553063,0.849802131,3,,2026-09-04T22:48:35.455852+00:00
stage5c2-human-similarity-review-v2,5fb5102e9a3c8da68c25b4c5,5quFr5s5PXYfUX5jV2EBZ1,340yvMO5adu3bo1x5Zrw14,4,0.851649166,0.841372163,0.848743838,5,,2026-09-04T22:14:02.698138+00:00
stage5c2-human-similarity-review-v2,c33b04bd7e544e6fd6379374,5quFr5s5PXYfUX5jV2EBZ1,5zfpJXfqGGh94YcStRlI2s,5,0.851525088,0.814564724,0.841076325,4,,2026-09-04T22:39:03.840233+00:00
stage5c2-human-similarity-review-v2,52176b64c9b7b3b30a5c09fe,0JJeoiCAa1hwcBsPxBN2w4,74cpuIw43kA8xPgbQEPdss,1,0.923947918,0.821033452,0.894853808,4,,2026-09-04T22:53:10.189249+00:00
stage5c2-human-similarity-review-v2,95b1ce098664d03b6debddab,0JJeoiCAa1hwcBsPxBN2w4,0mjbciwK9zhfQl44jXfQv6,2,0.881989600,0.904442610,0.888337107,5,,2026-09-04T22:52:30.305884+00:00
stage5c2-human-similarity-review-v2,f70b151fcd66efbb7f4b8721,0JJeoiCAa1hwcBsPxBN2w4,5q3LwAHTqo9d3rET2EA9Nq,3,0.842168023,0.917342895,0.863420098,5,,2026-09-04T22:53:08.134857+00:00
stage5c2-human-similarity-review-v2,c2c6956d8593302b1baf9ad9,0JJeoiCAa1hwcBsPxBN2w4,4lR8sYGMGZPvthF2yUfo7T,4,0.870134034,0.840490193,0.861753665,3,,2026-09-04T22:52:43.470460+00:00
stage5c2-human-similarity-review-v2,682c21e2b9aa6ecbdf1fd15a,0JJeoiCAa1hwcBsPxBN2w4,6zKX91EvxRHr42ZiZ5C9kN,5,0.853198098,0.858153174,0.854598907,3,,2026-09-04T22:52:56.206118+00:00
stage5c2-human-similarity-review-v2,b88122d9236a4e3531f02e19,2js0td9w2MzNUVPlMKYOEs,49iccsmr8Su1SXXwNfFO70,1,0.854007830,0.852433150,0.853562665,5,,2026-09-04T22:53:38.195870+00:00
stage5c2-human-similarity-review-v2,8fd8367e49bdefcbfa6498bd,2js0td9w2MzNUVPlMKYOEs,2aiVdNIqY5BDCM10fKlKpS,2,0.863254243,0.720908650,0.823012881,4,,2026-09-04T22:53:45.465509+00:00
stage5c2-human-similarity-review-v2,d1be0d04cec78da7a286a14d,2js0td9w2MzNUVPlMKYOEs,6B9HXnRzmokTTxZNdV5T48,3,0.785125586,0.881055196,0.812245064,5,,2026-09-04T22:53:56.791965+00:00
stage5c2-human-similarity-review-v2,3ca25fc44691f476d3426b97,2js0td9w2MzNUVPlMKYOEs,7hFW5IN7mQ99PuO86r38Sf,4,0.814807075,0.777951874,0.804388041,4,,2026-09-04T22:53:58.801765+00:00
stage5c2-human-similarity-review-v2,3223c968b339a5eac8788343,2js0td9w2MzNUVPlMKYOEs,2BFAfMIblG0RZeAvlmLC81,5,0.820507688,0.753114738,0.801455576,4,,2026-09-04T22:54:15.577840+00:00
stage5c2-human-similarity-review-v2,6c1029fd7909ebbde2a327ea,4LaZ8RpIP6DIgN73bXQVlO,7fBv7CLKzipRk6EC6TWHOB,1,0.774711128,0.834217250,0.791533619,5,this song is extremely hard to place (not the hills) but GET IT ,2026-09-04T22:55:53.036351+00:00
stage5c2-human-similarity-review-v2,e142e761a6e83ed2080cd9a1,4LaZ8RpIP6DIgN73bXQVlO,4B8L0sByBRJRUV1Uot2Ebd,2,0.809888219,0.730141492,0.787343672,3,,2026-09-04T22:56:00.132479+00:00
stage5c2-human-similarity-review-v2,8716337735b891a7c92a03d1,4LaZ8RpIP6DIgN73bXQVlO,2Vu2hkPW7LxMHPqoMjSIEJ,3,0.761301765,0.747429925,0.757380170,1,,2026-09-05T00:51:50.515160+00:00
stage5c2-human-similarity-review-v2,e87169502eee7b83a0680b6d,4LaZ8RpIP6DIgN73bXQVlO,2BJSMvOGABRxokHKB0OI8i,4,0.733246390,0.814233365,0.756141557,3,,2026-09-04T22:55:03.658324+00:00
stage5c2-human-similarity-review-v2,e32193a16a94489a4dcb13bf,4LaZ8RpIP6DIgN73bXQVlO,00njeQb198Lm7Jge2Rsrlg,5,0.741940088,0.762989254,0.747890726,4,,2026-09-04T22:55:24.397129+00:00
stage5c2-human-similarity-review-v2,9d0a8c7429979ad8defc8dc0,0ASYuzPsTBA6ZmIsuvNZby,7nD9LjsenfCRv4uxy93xhZ,1,0.847995454,0.881247278,0.857395806,4,,2026-09-04T22:56:14.339345+00:00
stage5c2-human-similarity-review-v2,59866cdb29c4f49a71568205,0ASYuzPsTBA6ZmIsuvNZby,6kAMaQt8UveeTctekIpUjF,2,0.836395393,0.832235644,0.835219424,5,,2026-09-04T22:56:23.097132+00:00
stage5c2-human-similarity-review-v2,c543526477b1dbea41f9c2de,0ASYuzPsTBA6ZmIsuvNZby,00njeQb198Lm7Jge2Rsrlg,3,0.853917863,0.763644569,0.828397436,4,,2026-09-04T22:56:31.085708+00:00
stage5c2-human-similarity-review-v2,4e87b4cad923c3008088886d,0ASYuzPsTBA6ZmIsuvNZby,6pWqlKm9ugucgKNldCLigX,4,0.854363552,0.761691120,0.828164884,4,,2026-09-04T22:56:36.724066+00:00
stage5c2-human-similarity-review-v2,6b72a7a304cafe4cb8c325d6,0ASYuzPsTBA6ZmIsuvNZby,2BFAfMIblG0RZeAvlmLC81,5,0.817916300,0.847496488,0.826278674,4,,2026-09-04T22:56:47.932197+00:00
stage5c2-human-similarity-review-v2,317b7a71d8f97f3b9711abdd,1ZhrRS2xY1ZoD2QJ9aZQxX,0ASYuzPsTBA6ZmIsuvNZby,1,0.737549013,0.719308787,0.732392468,5,,2026-09-04T23:05:06.946050+00:00
stage5c2-human-similarity-review-v2,11a8c58a5b3e21c50257f77e,1ZhrRS2xY1ZoD2QJ9aZQxX,2Ah7oAy4esXD8pEEhY0hyR,2,0.745981293,0.562473407,0.694103275,4,,2026-09-04T23:05:04.120657+00:00
stage5c2-human-similarity-review-v2,0a601fc17d584b69d336cdcb,1ZhrRS2xY1ZoD2QJ9aZQxX,53eKx8ec2jDjt1m3VBUCEM,3,0.761984301,0.504374449,0.689157520,4,,2026-09-04T23:05:13.898414+00:00
stage5c2-human-similarity-review-v2,2cb0a662cf0822f4d745342a,1ZhrRS2xY1ZoD2QJ9aZQxX,00njeQb198Lm7Jge2Rsrlg,4,0.734333301,0.552392340,0.682898255,4,,2026-09-04T23:05:22.631517+00:00
stage5c2-human-similarity-review-v2,cf1d41790e484b06a1d83646,1ZhrRS2xY1ZoD2QJ9aZQxX,4B8L0sByBRJRUV1Uot2Ebd,5,0.718678916,0.560162229,0.673865956,4,,2026-09-04T23:05:30.365553+00:00
stage5c2-human-similarity-review-v2,2085c826ea48eaf13192eb2d,5VGDusp81Ed3T9xACRw5Os,1AHtqWqufKsgBmdNEi1WVO,1,0.902022893,0.804513775,0.874456885,5,,2026-09-04T23:07:22.248258+00:00
stage5c2-human-similarity-review-v2,74031f68f94e422c55d7f53a,5VGDusp81Ed3T9xACRw5Os,65FftemJ1DbbZ45DUfHJXE,2,0.887208825,0.773636625,0.855101754,4,,2026-09-04T23:07:24.306659+00:00
stage5c2-human-similarity-review-v2,fba712d3c0de17e42b0b85ba,5VGDusp81Ed3T9xACRw5Os,39kzWAiVPpycdMpr745oPj,3,0.866621940,0.807908944,0.850023667,4,,2026-09-05T08:19:50.718930+00:00
stage5c2-human-similarity-review-v2,a93522e00204e42104b48312,5VGDusp81Ed3T9xACRw5Os,1kuGVB7EU95pJObxwvfwKS,4,0.845444725,0.852043390,0.847310180,4,,2026-09-05T08:34:59.200209+00:00
stage5c2-human-similarity-review-v2,945621941447c5715176817f,5VGDusp81Ed3T9xACRw5Os,07tiPBhMqiKqHowwqDBtfK,5,0.886749066,0.732038776,0.843012181,4,,2026-09-04T23:10:12.509561+00:00
stage5c2-human-similarity-review-v2,c9b423f4b2118a95dc3df919,06EL94D0TA27Ik0Ke5usbj,2BJSMvOGABRxokHKB0OI8i,1,0.802790361,0.923471863,0.836907245,3,,2026-09-04T23:11:21.790099+00:00
stage5c2-human-similarity-review-v2,f6569b58097fe4a6552b1976,06EL94D0TA27Ik0Ke5usbj,4lR8sYGMGZPvthF2yUfo7T,2,0.769941385,0.854002230,0.793705541,4,,2026-09-04T23:10:28.742805+00:00
stage5c2-human-similarity-review-v2,4b43a8c6d287bc6a34b2dc4b,06EL94D0TA27Ik0Ke5usbj,4tqcoej1zPvwePZCzuAjJd,3,0.780034708,0.819426001,0.791170699,2,,2026-09-04T23:11:13.106030+00:00
stage5c2-human-similarity-review-v2,e91850b3925a657b92b8a866,06EL94D0TA27Ik0Ke5usbj,0mjbciwK9zhfQl44jXfQv6,4,0.749417186,0.840657025,0.775210857,2,,2026-09-04T23:11:04.828073+00:00
stage5c2-human-similarity-review-v2,6e6b0d310f61555a17df0d41,06EL94D0TA27Ik0Ke5usbj,0JJeoiCAa1hwcBsPxBN2w4,5,0.776070028,0.767570134,0.773667093,3,,2026-09-04T23:10:53.779571+00:00
stage5c2-human-similarity-review-v2,7212ccd94430fe791a7adf13,6wm3t4VpTxSFfOUgTMlHZM,1ON9XudZFxwu43tQXBszIX,1,0.764686650,0.889146350,0.799871637,5,,2026-09-04T23:13:22.052193+00:00
stage5c2-human-similarity-review-v2,4ddf390e0555f0e1fc0746d7,6wm3t4VpTxSFfOUgTMlHZM,65FftemJ1DbbZ45DUfHJXE,2,0.775462854,0.803620889,0.783423183,3,,2026-09-04T23:13:39.242190+00:00
stage5c2-human-similarity-review-v2,9b98401cbce375ac3672bdcd,6wm3t4VpTxSFfOUgTMlHZM,6zKX91EvxRHr42ZiZ5C9kN,3,0.751791933,0.766961835,0.756080492,1,,2026-09-04T23:13:34.186007+00:00
stage5c2-human-similarity-review-v2,99c58f94ea7fcb3b6139e206,6wm3t4VpTxSFfOUgTMlHZM,7fXYFuCTmNrYRGwEUUf5iz,4,0.754421283,0.744415602,0.751592658,4,,2026-09-04T23:13:25.799710+00:00
stage5c2-human-similarity-review-v2,4f0a6e92043c3aa1f4b7e96b,6wm3t4VpTxSFfOUgTMlHZM,5quFr5s5PXYfUX5jV2EBZ1,5,0.779941560,0.670932922,0.749124617,2,,2026-09-04T23:13:31.432979+00:00
stage5c2-human-similarity-review-v2,47f070dca7fe779705b57443,2Ah7oAy4esXD8pEEhY0hyR,3fzeNQfannmBQWGecQZ93s,1,0.763945296,0.853550123,0.789276746,3,,2026-09-04T23:15:57.845394+00:00
stage5c2-human-similarity-review-v2,68ca86f9c080e5613a473c1d,2Ah7oAy4esXD8pEEhY0hyR,53eKx8ec2jDjt1m3VBUCEM,2,0.749873589,0.820789552,0.769921663,4,,2026-09-04T23:16:08.168449+00:00
stage5c2-human-similarity-review-v2,512035b56fde1f3a80c4d560,2Ah7oAy4esXD8pEEhY0hyR,7hFW5IN7mQ99PuO86r38Sf,3,0.741815044,0.757982600,0.746385642,4,,2026-09-04T23:16:14.175166+00:00
stage5c2-human-similarity-review-v2,fac36320bbdfa07d72d5195e,2Ah7oAy4esXD8pEEhY0hyR,3X45Wd5yRNoe2twmyc5CvO,4,0.705688316,0.817258758,0.737229486,4,,2026-09-04T23:16:18.580890+00:00
stage5c2-human-similarity-review-v2,4b61703f274076bf12d738c9,2Ah7oAy4esXD8pEEhY0hyR,6B9HXnRzmokTTxZNdV5T48,5,0.683238188,0.822934957,0.722730723,3,,2026-09-04T23:16:33.036564+00:00
stage5c2-human-similarity-review-v2,d9e4237274f1db1e9bb45654,1AHtqWqufKsgBmdNEi1WVO,65FftemJ1DbbZ45DUfHJXE,1,0.918136774,0.858428559,0.901257151,4,,2026-09-04T23:18:10.860987+00:00
stage5c2-human-similarity-review-v2,0e26f5727b805b357e577120,1AHtqWqufKsgBmdNEi1WVO,07tiPBhMqiKqHowwqDBtfK,2,0.918626879,0.790411326,0.882380105,5,,2026-09-04T21:35:17.546685+00:00
stage5c2-human-similarity-review-v2,2085c826ea48eaf13192eb2d,1AHtqWqufKsgBmdNEi1WVO,5VGDusp81Ed3T9xACRw5Os,3,0.902022893,0.804513775,0.874456885,5,,2026-09-04T23:07:22.248258+00:00
stage5c2-human-similarity-review-v2,f690d55f563767c78b0fd91f,1AHtqWqufKsgBmdNEi1WVO,6zKX91EvxRHr42ZiZ5C9kN,4,0.885121458,0.840432527,0.872487814,4,,2026-09-04T23:18:12.850275+00:00
stage5c2-human-similarity-review-v2,682da258f445640a53105c20,1AHtqWqufKsgBmdNEi1WVO,5aawFqyuCB3K2P8KQvhFVs,5,0.864556755,0.822992179,0.852806373,3,,2026-09-05T00:44:10.527071+00:00
stage5c2-human-similarity-review-v2,9c002eb118608664cb87eed9,5l45vVLs4JKkhzN0tvkWJv,41zXlQxzTi6cGAjpOXyLYH,1,0.886386925,0.846212340,0.875029496,4,,2026-09-04T23:21:38.433946+00:00
stage5c2-human-similarity-review-v2,09bad0059127e2b926839940,5l45vVLs4JKkhzN0tvkWJv,1kuGVB7EU95pJObxwvfwKS,2,0.893329292,0.822538343,0.873316560,3,the snippets not measured are very different,2026-09-04T23:21:59.208156+00:00
stage5c2-human-similarity-review-v2,4961661f2282d8a2ce789627,5l45vVLs4JKkhzN0tvkWJv,6Kkt27YmFyIFrcX3QXFi2o,3,0.878785407,0.800625462,0.856689446,4,,2026-09-04T23:24:12.554984+00:00
stage5c2-human-similarity-review-v2,6651c37d67a971ced24f5d78,5l45vVLs4JKkhzN0tvkWJv,4gMPlHHAjOQnUrhsuqHivn,4,0.882893214,0.739865420,0.842458992,4,,2026-09-05T09:16:11.345193+00:00
stage5c2-human-similarity-review-v2,9a6efe3dff8c023f70e2996c,5l45vVLs4JKkhzN0tvkWJv,2g0LdZQce9xlcHb1mBJyuz,5,0.824055734,0.778180480,0.811086715,3,,2026-09-04T23:24:27.715227+00:00
stage5c2-human-similarity-review-v2,c2baa62ffcc08bfbbe732e8a,5zfpJXfqGGh94YcStRlI2s,74X2u8JMVooG2QbjRxXwR8,1,0.890707443,0.792187248,0.862855602,3,,2026-09-04T23:24:41.783434+00:00
stage5c2-human-similarity-review-v2,c33b04bd7e544e6fd6379374,5zfpJXfqGGh94YcStRlI2s,5quFr5s5PXYfUX5jV2EBZ1,2,0.851525088,0.814564724,0.841076325,4,,2026-09-04T22:39:03.840233+00:00
stage5c2-human-similarity-review-v2,9153c11df6248579c5b8c1fa,5zfpJXfqGGh94YcStRlI2s,6nzCvAtyADh0wwZEVMoujK,3,0.811155075,0.877003727,0.829770610,5,,2026-09-04T23:24:52.016439+00:00
stage5c2-human-similarity-review-v2,5df12cd9a25a412785d1b651,5zfpJXfqGGh94YcStRlI2s,65FftemJ1DbbZ45DUfHJXE,4,0.853911793,0.749247287,0.824322943,4,,2026-09-04T23:36:52.330152+00:00
stage5c2-human-similarity-review-v2,9f3eb188b6fb9268dae111d3,5zfpJXfqGGh94YcStRlI2s,4Sk74gcXTe9dnE1HU5Pn1y,5,0.837131868,0.764876866,0.816705246,3,,2026-09-04T23:36:59.611414+00:00
stage5c2-human-similarity-review-v2,4b43a8c6d287bc6a34b2dc4b,4tqcoej1zPvwePZCzuAjJd,06EL94D0TA27Ik0Ke5usbj,1,0.780034708,0.819426001,0.791170699,2,,2026-09-04T23:11:13.106030+00:00
stage5c2-human-similarity-review-v2,2d6ab67756296291e2b59a3a,4tqcoej1zPvwePZCzuAjJd,043ryKJlgSnAUzpXnfxU6b,2,0.744316097,0.692142238,0.729566450,4,,2026-09-04T23:37:32.768286+00:00
stage5c2-human-similarity-review-v2,adb7fd4b62ba75c4d534767f,4tqcoej1zPvwePZCzuAjJd,0ASYuzPsTBA6ZmIsuvNZby,3,0.716434373,0.761683795,0.729226468,2,,2026-09-04T23:37:37.017837+00:00
stage5c2-human-similarity-review-v2,a5c1437b48b5d0fb252b63c5,4tqcoej1zPvwePZCzuAjJd,2BJSMvOGABRxokHKB0OI8i,4,0.677590823,0.852734351,0.727104222,3,,2026-09-04T23:37:11.381034+00:00
stage5c2-human-similarity-review-v2,85cc57567fd90225e756eb3c,4tqcoej1zPvwePZCzuAjJd,1IIcy1TpuiAT6S206OjYvC,5,0.756335171,0.627600438,0.719941624,2,,2026-09-04T23:37:19.728834+00:00
stage5c2-human-similarity-review-v2,02ae9377eefffd9abc3e178c,4B8L0sByBRJRUV1Uot2Ebd,7hFW5IN7mQ99PuO86r38Sf,1,0.850884829,0.842160371,0.848418408,5,,2026-09-04T22:30:31.547410+00:00
stage5c2-human-similarity-review-v2,368364a8498cb0691f81e1e2,4B8L0sByBRJRUV1Uot2Ebd,6JjD8b5nYnwJ3zxYZ16rKg,2,0.813752326,0.795327259,0.808543526,5,,2026-09-04T23:37:57.493310+00:00
stage5c2-human-similarity-review-v2,c2bcad688779d29872472876,4B8L0sByBRJRUV1Uot2Ebd,6B9HXnRzmokTTxZNdV5T48,3,0.805712215,0.750918042,0.790221801,4,,2026-09-04T23:37:55.402920+00:00
stage5c2-human-similarity-review-v2,88306e9b320b7ae7e5006310,4B8L0sByBRJRUV1Uot2Ebd,2BFAfMIblG0RZeAvlmLC81,4,0.795218408,0.773024445,0.788944134,4,,2026-09-04T23:38:01.217720+00:00
stage5c2-human-similarity-review-v2,f078e9a08add5735776c09b1,4B8L0sByBRJRUV1Uot2Ebd,4yNhVidUIAtKPT72PrZuLP,5,0.776029278,0.816320772,0.787419758,4,,2026-09-04T23:38:06.983815+00:00
stage5c2-human-similarity-review-v2,dc4744be34a09b92839bdad7,6ZGqVXaJmhbYAK2DF8mWRR,4yNhVidUIAtKPT72PrZuLP,1,0.862167494,0.766323289,0.835072160,5,,2026-09-04T23:41:39.561157+00:00
stage5c2-human-similarity-review-v2,42d8ec5eafa1ea69632a0df0,6ZGqVXaJmhbYAK2DF8mWRR,02CCi0N3pMK4Rjxq5e6UmE,2,0.773272498,0.796857789,0.779940103,4,,2026-09-04T23:41:44.571660+00:00
stage5c2-human-similarity-review-v2,c30094f765b4257c297ca30e,6ZGqVXaJmhbYAK2DF8mWRR,5ri8u5RA8e4vGMyMAGXy0p,3,0.799711912,0.632106852,0.752329652,4,,2026-09-04T23:41:52.332393+00:00
stage5c2-human-similarity-review-v2,b8d376716675aba9a5a8cea1,6ZGqVXaJmhbYAK2DF8mWRR,7hFW5IN7mQ99PuO86r38Sf,4,0.741016905,0.773362994,0.750161204,4,,2026-09-04T23:41:57.654520+00:00
stage5c2-human-similarity-review-v2,da67b7467b52d8d4d295f3de,6ZGqVXaJmhbYAK2DF8mWRR,0ASYuzPsTBA6ZmIsuvNZby,5,0.760013802,0.710787936,0.746097559,5,they are the same song just different edits on it ,2026-09-04T23:42:21.572821+00:00
stage5c2-human-similarity-review-v2,c98965716f449b34af8067a3,0WJxkgYXRoOxFb4Vq3Ddmg,1DaXVM8npVKa2AQBrYz4xS,1,0.835818804,0.875444636,0.847021100,5,,2026-09-04T23:43:27.997397+00:00
stage5c2-human-similarity-review-v2,1918a465ccd590e5080be326,0WJxkgYXRoOxFb4Vq3Ddmg,6JjD8b5nYnwJ3zxYZ16rKg,2,0.868072552,0.792313504,0.846655329,4,,2026-09-04T23:43:31.396798+00:00
stage5c2-human-similarity-review-v2,8201d366487daa5177b4b2c3,0WJxkgYXRoOxFb4Vq3Ddmg,2BFAfMIblG0RZeAvlmLC81,3,0.840806487,0.779339097,0.823429542,4,,2026-09-04T23:43:34.740119+00:00
stage5c2-human-similarity-review-v2,d375c6d250b5923fa010727c,0WJxkgYXRoOxFb4Vq3Ddmg,0ASYuzPsTBA6ZmIsuvNZby,4,0.820534135,0.780090683,0.809100696,5,,2026-09-04T23:43:38.073499+00:00
stage5c2-human-similarity-review-v2,374cc9116c3695371b4ce989,0WJxkgYXRoOxFb4Vq3Ddmg,00njeQb198Lm7Jge2Rsrlg,5,0.804176288,0.809085090,0.805564015,4,,2026-09-04T23:43:42.164930+00:00
stage5c2-human-similarity-review-v2,856f9531d791de2f98f649d3,2YO6ZDPdQFkrOa6YYceEN4,7F6PtLP6fJPVtA1FWVkl8K,1,0.908658070,0.785925906,0.873961460,5,,2026-09-04T23:43:56.507761+00:00
stage5c2-human-similarity-review-v2,64c03cc52fcade99dc8257c5,2YO6ZDPdQFkrOa6YYceEN4,1VAtYkKvDenA1KypImlZIY,2,0.804448051,0.833591901,0.812687071,5,,2026-09-04T23:45:48.870762+00:00
stage5c2-human-similarity-review-v2,9d0f926cf63527b976539a19,2YO6ZDPdQFkrOa6YYceEN4,30NAF18yQGvwKrbn1IEMKn,3,0.824803996,0.729126484,0.797755787,3,,2026-09-04T23:45:51.729263+00:00
stage5c2-human-similarity-review-v2,bb403c5f2777e7c4b8486471,2YO6ZDPdQFkrOa6YYceEN4,23V5SeHanwL6PlqyJ99dH8,4,0.839759796,0.667132595,0.790957767,3,,2026-09-04T23:45:57.811108+00:00
stage5c2-human-similarity-review-v2,d8ae7776fcd9062e29cac2a4,2YO6ZDPdQFkrOa6YYceEN4,4P1L6AniTDJzANaubzWGYs,5,0.791082854,0.766588930,0.784158376,3,,2026-09-04T23:46:02.892916+00:00
stage5c2-human-similarity-review-v2,efba70d48b4259b0390389f7,6B9HXnRzmokTTxZNdV5T48,3X45Wd5yRNoe2twmyc5CvO,1,0.838590414,0.911680975,0.859253251,5,,2026-09-04T23:46:17.443405+00:00
stage5c2-human-similarity-review-v2,0a98ba8bb05e54104b14656a,6B9HXnRzmokTTxZNdV5T48,2BFAfMIblG0RZeAvlmLC81,2,0.847943942,0.782240663,0.829369504,4,,2026-09-04T23:46:19.331023+00:00
stage5c2-human-similarity-review-v2,78882d4b4caab4839b0f7ae0,6B9HXnRzmokTTxZNdV5T48,2g0LdZQce9xlcHb1mBJyuz,3,0.826531815,0.820804392,0.824912662,3,,2026-09-04T23:46:20.726317+00:00
stage5c2-human-similarity-review-v2,6dd1acd0767261ed7d88dbd7,6B9HXnRzmokTTxZNdV5T48,3fzeNQfannmBQWGecQZ93s,4,0.833397750,0.799951595,0.823942460,4,,2026-09-04T23:46:24.761584+00:00
stage5c2-human-similarity-review-v2,0188cc274b7b0b6019392c18,6B9HXnRzmokTTxZNdV5T48,2yQY2IzeQtUKanVo78Fg23,5,0.800246817,0.873526567,0.820963137,3,,2026-09-04T23:46:30.763482+00:00
stage5c2-human-similarity-review-v2,f6ae64aac57d49de375c4d32,7LFwi4RolcCPnVEXXXVfQP,1aKvZDoLGkNMxoRYgkckZG,1,0.857363917,0.839785898,0.852394579,5,,2026-09-04T23:46:49.732260+00:00
stage5c2-human-similarity-review-v2,c67f5d126f0b57903f51c502,7LFwi4RolcCPnVEXXXVfQP,0JJeoiCAa1hwcBsPxBN2w4,2,0.802152183,0.787475105,0.798002946,4,,2026-09-04T23:47:39.925008+00:00
stage5c2-human-similarity-review-v2,b9b18396c634f830fed40f4b,7LFwi4RolcCPnVEXXXVfQP,1CwmoUvvRyhiwqhMfvbB4K,3,0.815860950,0.752435577,0.797930480,4,,2026-09-04T23:47:52.696909+00:00
stage5c2-human-similarity-review-v2,f859d871c57a3e5b2ad428c4,7LFwi4RolcCPnVEXXXVfQP,5h6c3ArwadWdEny5yXUPOt,4,0.791216447,0.777804953,0.787424993,4,,2026-09-04T23:48:00.328206+00:00
stage5c2-human-similarity-review-v2,09357e4758d38ed30227d7a8,7LFwi4RolcCPnVEXXXVfQP,7fXYFuCTmNrYRGwEUUf5iz,5,0.763453197,0.834688301,0.783591492,2,,2026-09-04T23:48:11.208583+00:00
stage5c2-human-similarity-review-v2,d9e4237274f1db1e9bb45654,65FftemJ1DbbZ45DUfHJXE,1AHtqWqufKsgBmdNEi1WVO,1,0.918136774,0.858428559,0.901257151,4,,2026-09-04T23:18:10.860987+00:00
stage5c2-human-similarity-review-v2,3a1742af81db2a2290e4427d,65FftemJ1DbbZ45DUfHJXE,1aKvZDoLGkNMxoRYgkckZG,2,0.897434072,0.854528905,0.885304702,5,,2026-09-04T23:48:23.195767+00:00
stage5c2-human-similarity-review-v2,ad3bd2417a9281ce36a12af2,65FftemJ1DbbZ45DUfHJXE,6zKX91EvxRHr42ZiZ5C9kN,3,0.867639784,0.912816253,0.880411255,4,,2026-09-04T23:48:25.396401+00:00
stage5c2-human-similarity-review-v2,71e79345b420cacb1729ce89,65FftemJ1DbbZ45DUfHJXE,3uOeutrLztSX6lU0b0et3B,4,0.880561681,0.872726892,0.878346772,4,,2026-09-04T23:48:32.099282+00:00
stage5c2-human-similarity-review-v2,07fd4e70a7bb3588743ba5bb,65FftemJ1DbbZ45DUfHJXE,7fXYFuCTmNrYRGwEUUf5iz,5,0.856601373,0.878798415,0.862876517,2,,2026-09-04T23:48:34.976810+00:00
stage5c2-human-similarity-review-v2,f1d5771dd25a6272501a2811,02CCi0N3pMK4Rjxq5e6UmE,6JjD8b5nYnwJ3zxYZ16rKg,1,0.840919617,0.842593439,0.841392810,4,,2026-09-04T23:53:04.201767+00:00
stage5c2-human-similarity-review-v2,42d8ec5eafa1ea69632a0df0,02CCi0N3pMK4Rjxq5e6UmE,6ZGqVXaJmhbYAK2DF8mWRR,2,0.773272498,0.796857789,0.779940103,4,,2026-09-04T23:41:44.571660+00:00
stage5c2-human-similarity-review-v2,231fc75c0d1c694262d075fb,02CCi0N3pMK4Rjxq5e6UmE,2BFAfMIblG0RZeAvlmLC81,3,0.735717756,0.887096342,0.778512762,4,,2026-09-04T23:53:08.946037+00:00
stage5c2-human-similarity-review-v2,62c789763481db354e687e79,02CCi0N3pMK4Rjxq5e6UmE,0WJxkgYXRoOxFb4Vq3Ddmg,4,0.786853019,0.735561864,0.772352915,5,,2026-09-04T23:53:16.587484+00:00
stage5c2-human-similarity-review-v2,efcabe1eec28ab0462762d91,02CCi0N3pMK4Rjxq5e6UmE,4yNhVidUIAtKPT72PrZuLP,5,0.764185973,0.741721050,0.757835097,4,,2026-09-04T23:53:19.620033+00:00
stage5c2-human-similarity-review-v2,5455701fe44927f775ff2ffe,6nef0wHkelfKqNVHAtzJbR,30NAF18yQGvwKrbn1IEMKn,1,0.825131914,0.814225352,0.822048609,5,,2026-09-04T22:32:12.193814+00:00
stage5c2-human-similarity-review-v2,9f2b83c03dce20534e09e125,6nef0wHkelfKqNVHAtzJbR,7fXYFuCTmNrYRGwEUUf5iz,2,0.769530168,0.862293112,0.795754424,4,,2026-09-04T23:53:28.475524+00:00
stage5c2-human-similarity-review-v2,2025f46c0faac2788162e736,6nef0wHkelfKqNVHAtzJbR,23V5SeHanwL6PlqyJ99dH8,3,0.791872599,0.805557108,0.795741235,3,,2026-09-04T23:53:30.734981+00:00
stage5c2-human-similarity-review-v2,35da38cd0685a93408bbe61b,6nef0wHkelfKqNVHAtzJbR,1IIcy1TpuiAT6S206OjYvC,4,0.761288365,0.853416314,0.787333106,4,,2026-09-04T23:53:40.535381+00:00
stage5c2-human-similarity-review-v2,08038ce5bf6072dc70db8e27,6nef0wHkelfKqNVHAtzJbR,06EL94D0TA27Ik0Ke5usbj,5,0.737189573,0.861493528,0.772330531,4,,2026-09-04T23:53:46.075326+00:00
stage5c2-human-similarity-review-v2,6ce64b007cf5a48f65c66ac2,1IIcy1TpuiAT6S206OjYvC,3X45Wd5yRNoe2twmyc5CvO,1,0.800338853,0.865766445,0.818835354,4,,2026-09-04T23:54:49.847507+00:00
stage5c2-human-similarity-review-v2,8759d0929d453fb19a8af707,1IIcy1TpuiAT6S206OjYvC,00njeQb198Lm7Jge2Rsrlg,2,0.765860194,0.911481848,0.807027705,3,,2026-09-04T23:54:54.654100+00:00
stage5c2-human-similarity-review-v2,937ea648ddff260262767c6d,1IIcy1TpuiAT6S206OjYvC,23V5SeHanwL6PlqyJ99dH8,3,0.773248195,0.876330033,0.802389621,3,,2026-09-04T23:54:58.941738+00:00
stage5c2-human-similarity-review-v2,fb36c7022dbfa47677c19408,1IIcy1TpuiAT6S206OjYvC,2js0td9w2MzNUVPlMKYOEs,4,0.787522776,0.827541029,0.798836010,3,,2026-09-04T23:55:07.834542+00:00
stage5c2-human-similarity-review-v2,921042a2b39f9a2818a66d9b,1IIcy1TpuiAT6S206OjYvC,2yQY2IzeQtUKanVo78Fg23,5,0.767883458,0.845817044,0.789915427,3,,2026-09-04T23:55:12.497534+00:00
stage5c2-human-similarity-review-v2,edc6b334fc13bad367d148fa,1U90UBmMrQTx9GNweUA4LZ,39kzWAiVPpycdMpr745oPj,1,0.843134359,0.818935352,0.836293255,3,,2026-09-04T23:59:03.077251+00:00
stage5c2-human-similarity-review-v2,01f02cd46799e7c0724a0a0e,1U90UBmMrQTx9GNweUA4LZ,4Sk74gcXTe9dnE1HU5Pn1y,2,0.828502113,0.805431056,0.821979882,5,,2026-09-04T23:55:21.574253+00:00
stage5c2-human-similarity-review-v2,510e81d8de30aa85083d48c1,1U90UBmMrQTx9GNweUA4LZ,5VGDusp81Ed3T9xACRw5Os,3,0.786918982,0.786620378,0.786834566,4,,2026-09-04T23:59:06.953768+00:00
stage5c2-human-similarity-review-v2,4395ef6e6ea9982123c9e0a2,1U90UBmMrQTx9GNweUA4LZ,5ngJKkOmjkN460b2ApBnLk,4,0.786586083,0.739613949,0.773306974,3,,2026-09-04T23:59:20.928876+00:00
stage5c2-human-similarity-review-v2,3459ebc6a0e4f98f11c8acdf,1U90UBmMrQTx9GNweUA4LZ,41zXlQxzTi6cGAjpOXyLYH,5,0.769483588,0.767943547,0.769048215,4,,2026-09-04T23:59:18.712101+00:00
stage5c2-human-similarity-review-v2,9eac888f2f824c8f4bc51543,3aFh82SrVntBmW9Lx0Gb7W,3fzeNQfannmBQWGecQZ93s,1,0.838434549,0.707729495,0.801483988,4,,2026-09-04T23:59:35.935771+00:00
stage5c2-human-similarity-review-v2,2493e8c09768eb2f28113e3b,3aFh82SrVntBmW9Lx0Gb7W,2BFAfMIblG0RZeAvlmLC81,2,0.795925847,0.720676697,0.774652773,3,,2026-09-04T23:59:56.996841+00:00
stage5c2-human-similarity-review-v2,fc27f0cc2b76573b1ed78f77,3aFh82SrVntBmW9Lx0Gb7W,53eKx8ec2jDjt1m3VBUCEM,3,0.799200147,0.648627074,0.756632861,2,,2026-09-05T00:00:00.804131+00:00
stage5c2-human-similarity-review-v2,e06de4866398cf69957b19ed,3aFh82SrVntBmW9Lx0Gb7W,6B9HXnRzmokTTxZNdV5T48,4,0.766599616,0.675307147,0.740791066,5,,2026-09-05T00:00:05.704629+00:00
stage5c2-human-similarity-review-v2,7714872efa9d1345c3d7e917,3aFh82SrVntBmW9Lx0Gb7W,2g0LdZQce9xlcHb1mBJyuz,5,0.782920219,0.629314862,0.739495701,3,,2026-09-05T00:00:08.594598+00:00
stage5c2-human-similarity-review-v2,87984974390b973b7ccfdd98,40TJl2hLf6Sr7K1a2SkkVA,2aiVdNIqY5BDCM10fKlKpS,1,0.855424489,0.684191914,0.807016723,4,,2026-09-05T00:24:33.214871+00:00
stage5c2-human-similarity-review-v2,f9a9f6b46366824983af10d2,40TJl2hLf6Sr7K1a2SkkVA,1Y6Ra2erZ6Mru0JOcJBSzK,2,0.795965559,0.808432779,0.799490065,2,,2026-09-05T00:24:37.475819+00:00
stage5c2-human-similarity-review-v2,b3e0e8d6478d06bf10a65255,40TJl2hLf6Sr7K1a2SkkVA,2sXQnT404FrXeSEZkJXfKM,3,0.813439625,0.750488480,0.795643220,5,,2026-09-05T00:24:41.361302+00:00
stage5c2-human-similarity-review-v2,d0619a130a1c00be0fa53dc2,40TJl2hLf6Sr7K1a2SkkVA,2Y4iTaIAamhYPyZcOdfL3g,4,0.778630565,0.780589950,0.779184487,4,,2026-09-05T00:24:44.355642+00:00
stage5c2-human-similarity-review-v2,d5861580297ed194a44abdf6,40TJl2hLf6Sr7K1a2SkkVA,0mjbciwK9zhfQl44jXfQv6,5,0.827864506,0.647126991,0.776769677,4,,2026-09-05T00:24:48.143064+00:00
stage5c2-human-similarity-review-v2,c7225729346e557fe32622e2,6pWqlKm9ugucgKNldCLigX,2BFAfMIblG0RZeAvlmLC81,1,0.856467211,0.793692196,0.838720598,4,,2026-09-05T00:25:02.952565+00:00
stage5c2-human-similarity-review-v2,4e87b4cad923c3008088886d,6pWqlKm9ugucgKNldCLigX,0ASYuzPsTBA6ZmIsuvNZby,2,0.854363552,0.761691120,0.828164884,4,,2026-09-04T22:56:36.724066+00:00
stage5c2-human-similarity-review-v2,94d833dd57e4e892f631c779,6pWqlKm9ugucgKNldCLigX,5sEeuhYWHNczuPKek1zJeG,3,0.844509191,0.780162786,0.826318344,4,,2026-09-05T00:25:09.993916+00:00
stage5c2-human-similarity-review-v2,3c7d29e85db9d32909b6f692,6pWqlKm9ugucgKNldCLigX,7iov2YtUJgLmHXwpYXLcoo,4,0.817100037,0.848964881,0.826108287,3,,2026-09-05T00:25:18.548109+00:00
stage5c2-human-similarity-review-v2,f1463905b0dd3ad45990ea22,6pWqlKm9ugucgKNldCLigX,2aiVdNIqY5BDCM10fKlKpS,5,0.800568906,0.783750913,0.795814428,5,,2026-09-05T00:25:22.980963+00:00
stage5c2-human-similarity-review-v2,98a2512888e2011d8abc02c0,70YbAV2UKPee15B00RbPcT,2BFAfMIblG0RZeAvlmLC81,1,0.882597112,0.820987684,0.865180013,3,,2026-09-05T00:27:19.227157+00:00
stage5c2-human-similarity-review-v2,3df5336ef45edff03e87624e,70YbAV2UKPee15B00RbPcT,7nD9LjsenfCRv4uxy93xhZ,2,0.839216146,0.797422296,0.827400948,4,,2026-09-05T00:27:24.436250+00:00
stage5c2-human-similarity-review-v2,4d43470244b1101e86e7ed0d,70YbAV2UKPee15B00RbPcT,7iov2YtUJgLmHXwpYXLcoo,3,0.868919214,0.708240293,0.823494986,4,,2026-09-05T00:27:29.004644+00:00
stage5c2-human-similarity-review-v2,4436f0c7a01af78f415a2f61,70YbAV2UKPee15B00RbPcT,0ASYuzPsTBA6ZmIsuvNZby,4,0.796344602,0.891795503,0.823328748,3,,2026-09-05T00:27:33.654192+00:00
stage5c2-human-similarity-review-v2,576f83ae38dfb82846d8f1cf,70YbAV2UKPee15B00RbPcT,49iccsmr8Su1SXXwNfFO70,5,0.875915692,0.681667092,0.821001253,4,,2026-09-05T00:27:37.244855+00:00
stage5c2-human-similarity-review-v2,8fe3105a67c2880670d93e7e,5sEeuhYWHNczuPKek1zJeG,1DaXVM8npVKa2AQBrYz4xS,1,0.916151246,0.714701026,0.859200896,5,,2026-09-05T00:27:53.931389+00:00
stage5c2-human-similarity-review-v2,8d9b9fe9a48c1148c4579036,5sEeuhYWHNczuPKek1zJeG,7nD9LjsenfCRv4uxy93xhZ,2,0.887390991,0.778822229,0.856698401,4,,2026-09-05T00:38:05.352931+00:00
stage5c2-human-similarity-review-v2,94d833dd57e4e892f631c779,5sEeuhYWHNczuPKek1zJeG,6pWqlKm9ugucgKNldCLigX,3,0.844509191,0.780162786,0.826318344,4,,2026-09-05T00:25:09.993916+00:00
stage5c2-human-similarity-review-v2,dabb876c73110d330562b6bb,5sEeuhYWHNczuPKek1zJeG,0ASYuzPsTBA6ZmIsuvNZby,4,0.813595298,0.787926908,0.806338796,4,,2026-09-05T00:37:54.384726+00:00
stage5c2-human-similarity-review-v2,fb8f9c9d725b08c343569abf,5sEeuhYWHNczuPKek1zJeG,6kAMaQt8UveeTctekIpUjF,5,0.764796818,0.876334967,0.796328859,4,,2026-09-05T00:37:44.056745+00:00
stage5c2-human-similarity-review-v2,52f15f1d612f0f3406f8e4db,043ryKJlgSnAUzpXnfxU6b,1DaXVM8npVKa2AQBrYz4xS,1,0.837304963,0.815836378,0.831235755,2,,2026-09-05T00:38:36.188758+00:00
stage5c2-human-similarity-review-v2,9edb28f0916d1cd5c99df40e,043ryKJlgSnAUzpXnfxU6b,1IIcy1TpuiAT6S206OjYvC,2,0.792432070,0.771103961,0.786402574,4,,2026-09-05T00:38:21.984752+00:00
stage5c2-human-similarity-review-v2,bb0e7742a680ee9d3d7472ec,043ryKJlgSnAUzpXnfxU6b,6kAMaQt8UveeTctekIpUjF,3,0.780213486,0.743772924,0.769911672,2,,2026-09-05T00:38:26.807748+00:00
stage5c2-human-similarity-review-v2,dc474e4bc5da5fca966763f7,043ryKJlgSnAUzpXnfxU6b,5sEeuhYWHNczuPKek1zJeG,4,0.792751003,0.673710758,0.759098106,2,,2026-09-05T00:38:28.652568+00:00
stage5c2-human-similarity-review-v2,e6b1f80280fe00581f794793,043ryKJlgSnAUzpXnfxU6b,49iccsmr8Su1SXXwNfFO70,5,0.752444554,0.767052416,0.756574224,2,,2026-09-05T00:38:32.407345+00:00
stage5c2-human-similarity-review-v2,b6fe2df9eb5e4d5c3c255593,4P1L6AniTDJzANaubzWGYs,30NAF18yQGvwKrbn1IEMKn,1,0.821240574,0.808568461,0.817658145,1,,2026-09-05T00:39:02.001068+00:00
stage5c2-human-similarity-review-v2,15fc8865d42865ec7d5ba47c,4P1L6AniTDJzANaubzWGYs,0ASYuzPsTBA6ZmIsuvNZby,2,0.823044163,0.752628371,0.803137489,5,,2026-09-05T00:39:09.747769+00:00
stage5c2-human-similarity-review-v2,d8ae7776fcd9062e29cac2a4,4P1L6AniTDJzANaubzWGYs,2YO6ZDPdQFkrOa6YYceEN4,3,0.791082854,0.766588930,0.784158376,3,,2026-09-04T23:46:02.892916+00:00
stage5c2-human-similarity-review-v2,10813b704c7b3cfcf13dc58c,4P1L6AniTDJzANaubzWGYs,5ri8u5RA8e4vGMyMAGXy0p,4,0.776299496,0.762817488,0.772488107,5,,2026-09-05T00:39:14.180941+00:00
stage5c2-human-similarity-review-v2,4e6e081e2b14a398bd439941,4P1L6AniTDJzANaubzWGYs,6pWqlKm9ugucgKNldCLigX,5,0.786293004,0.719334395,0.767363682,4,,2026-09-05T00:39:17.547754+00:00
stage5c2-human-similarity-review-v2,856f9531d791de2f98f649d3,7F6PtLP6fJPVtA1FWVkl8K,2YO6ZDPdQFkrOa6YYceEN4,1,0.908658070,0.785925906,0.873961460,5,,2026-09-04T23:43:56.507761+00:00
stage5c2-human-similarity-review-v2,d10b506227ab6984c93bb9ca,7F6PtLP6fJPVtA1FWVkl8K,5cgy5vMqVZbd8hYutp2txu,2,0.786382446,0.900348181,0.818600770,5,,2026-09-05T00:39:30.732260+00:00
stage5c2-human-similarity-review-v2,cea95963ee2390f62b6d683e,7F6PtLP6fJPVtA1FWVkl8K,30NAF18yQGvwKrbn1IEMKn,3,0.840809290,0.716673571,0.805715892,3,,2026-09-05T00:39:33.750655+00:00
stage5c2-human-similarity-review-v2,38ebfeaba4722daa703eecc4,7F6PtLP6fJPVtA1FWVkl8K,23V5SeHanwL6PlqyJ99dH8,4,0.796065683,0.768945686,0.788398810,3,,2026-09-05T00:39:40.970802+00:00
stage5c2-human-similarity-review-v2,c4b5ce81836c09ae759ec230,7F6PtLP6fJPVtA1FWVkl8K,6nzCvAtyADh0wwZEVMoujK,5,0.812395498,0.649179635,0.766254072,5,,2026-09-05T00:39:44.220240+00:00
stage5c2-human-similarity-review-v2,1bbc372d32ba750bad106ec2,2X71ww8wImSYbw4s0Mr2ur,1Y6Ra2erZ6Mru0JOcJBSzK,1,0.825698279,0.820365486,0.824190688,4,,2026-09-05T00:39:55.834348+00:00
stage5c2-human-similarity-review-v2,10affea5894895c159096beb,2X71ww8wImSYbw4s0Mr2ur,1AHtqWqufKsgBmdNEi1WVO,2,0.803939148,0.735238360,0.784517308,4,,2026-09-05T00:43:21.346347+00:00
stage5c2-human-similarity-review-v2,36e83a0d263e8aaac819084e,2X71ww8wImSYbw4s0Mr2ur,07tiPBhMqiKqHowwqDBtfK,3,0.853639153,0.561566175,0.771069582,4,,2026-09-05T00:43:36.216380+00:00
stage5c2-human-similarity-review-v2,8a2577c7cb2668a5c748cff9,2X71ww8wImSYbw4s0Mr2ur,2Y4iTaIAamhYPyZcOdfL3g,4,0.789662666,0.714865015,0.768517232,2,,2026-09-05T00:43:07.716584+00:00
stage5c2-human-similarity-review-v2,081fc97a11a809f8e1efd53f,2X71ww8wImSYbw4s0Mr2ur,5VGDusp81Ed3T9xACRw5Os,5,0.826972488,0.611859419,0.766159626,3,,2026-09-05T00:43:09.780353+00:00
stage5c2-human-similarity-review-v2,1c66130f845190e21a2d72e7,5aawFqyuCB3K2P8KQvhFVs,0ayK1CJh1cMRjUJRCDWhCd,1,0.885971468,0.815423921,0.866027546,3,,2026-09-05T00:43:49.230346+00:00
stage5c2-human-similarity-review-v2,263ccf67ab469d9462c2081f,5aawFqyuCB3K2P8KQvhFVs,340yvMO5adu3bo1x5Zrw14,2,0.892014764,0.782293893,0.860996471,3,,2026-09-04T22:13:51.871999+00:00
stage5c2-human-similarity-review-v2,682da258f445640a53105c20,5aawFqyuCB3K2P8KQvhFVs,1AHtqWqufKsgBmdNEi1WVO,3,0.864556755,0.822992179,0.852806373,3,,2026-09-05T00:44:10.527071+00:00
stage5c2-human-similarity-review-v2,7ea23a847e9258aa00a1ebe0,5aawFqyuCB3K2P8KQvhFVs,65FftemJ1DbbZ45DUfHJXE,4,0.896753489,0.707182837,0.843161516,4,,2026-09-05T00:44:08.677425+00:00
stage5c2-human-similarity-review-v2,9c95b7b7e0c7f27e4a988039,5aawFqyuCB3K2P8KQvhFVs,6nICBdDevG4NZysIqDFPEa,5,0.858146462,0.794162242,0.840058005,4,,2026-09-05T00:44:02.885203+00:00
stage5c2-human-similarity-review-v2,8716337735b891a7c92a03d1,2Vu2hkPW7LxMHPqoMjSIEJ,4LaZ8RpIP6DIgN73bXQVlO,1,0.761301765,0.747429925,0.757380170,1,,2026-09-05T00:51:50.515160+00:00
stage5c2-human-similarity-review-v2,5fd21bce850339fddbb88a56,2Vu2hkPW7LxMHPqoMjSIEJ,4B8L0sByBRJRUV1Uot2Ebd,2,0.752301488,0.725865001,0.744827844,4,,2026-09-05T00:52:02.515544+00:00
stage5c2-human-similarity-review-v2,fa89066154952a943b98056e,2Vu2hkPW7LxMHPqoMjSIEJ,6B9HXnRzmokTTxZNdV5T48,3,0.714678184,0.745165198,0.723296919,2,,2026-09-05T01:00:20.855884+00:00
stage5c2-human-similarity-review-v2,e74d31dc7fbf72472f729a5b,2Vu2hkPW7LxMHPqoMjSIEJ,53eKx8ec2jDjt1m3VBUCEM,4,0.636467370,0.715233284,0.658734640,4,,2026-09-05T01:21:26.797025+00:00
stage5c2-human-similarity-review-v2,7e67a0ca3cde6ac4212d85e9,2Vu2hkPW7LxMHPqoMjSIEJ,6JjD8b5nYnwJ3zxYZ16rKg,5,0.629315561,0.687825860,0.645856530,3,,2026-09-05T01:21:29.215301+00:00
stage5c2-human-similarity-review-v2,80b79c7a808ac116cb07707f,5ngJKkOmjkN460b2ApBnLk,41zXlQxzTi6cGAjpOXyLYH,1,0.850293645,0.902018775,0.864916435,4,,2026-09-05T01:21:38.212627+00:00
stage5c2-human-similarity-review-v2,55821342ae53e3180441831f,5ngJKkOmjkN460b2ApBnLk,39kzWAiVPpycdMpr745oPj,2,0.852123160,0.837529190,0.847997417,3,,2026-09-05T01:22:38.077503+00:00
stage5c2-human-similarity-review-v2,1916aa5c5f88daf43a21bca1,5ngJKkOmjkN460b2ApBnLk,07tiPBhMqiKqHowwqDBtfK,3,0.808411526,0.788199993,0.802697688,3,,2026-09-05T01:22:39.596195+00:00
stage5c2-human-similarity-review-v2,11c42999ca90ad22e6f6a5ff,5ngJKkOmjkN460b2ApBnLk,1AHtqWqufKsgBmdNEi1WVO,4,0.772173983,0.853096147,0.795050829,4,,2026-09-05T01:22:40.937312+00:00
stage5c2-human-similarity-review-v2,3941a6c598941db69090fb0a,5ngJKkOmjkN460b2ApBnLk,1kuGVB7EU95pJObxwvfwKS,5,0.771267287,0.792593728,0.777296312,3,,2026-09-05T01:22:44.588284+00:00
stage5c2-human-similarity-review-v2,59866cdb29c4f49a71568205,6kAMaQt8UveeTctekIpUjF,0ASYuzPsTBA6ZmIsuvNZby,1,0.836395393,0.832235644,0.835219424,5,,2026-09-04T22:56:23.097132+00:00
stage5c2-human-similarity-review-v2,4def2c78dbbee57463a6cd08,6kAMaQt8UveeTctekIpUjF,7nD9LjsenfCRv4uxy93xhZ,2,0.798563825,0.910606645,0.830238537,3,,2026-09-05T01:35:33.843901+00:00
stage5c2-human-similarity-review-v2,80ebe934c5bae2fbed278d3a,6kAMaQt8UveeTctekIpUjF,1DaXVM8npVKa2AQBrYz4xS,3,0.814011812,0.785735765,0.806018121,4,,2026-09-05T01:35:36.133572+00:00
stage5c2-human-similarity-review-v2,fb8f9c9d725b08c343569abf,6kAMaQt8UveeTctekIpUjF,5sEeuhYWHNczuPKek1zJeG,4,0.764796818,0.876334967,0.796328859,4,,2026-09-05T00:37:44.056745+00:00
stage5c2-human-similarity-review-v2,aa60849697fc55bca76f0357,6kAMaQt8UveeTctekIpUjF,6pWqlKm9ugucgKNldCLigX,5,0.758760470,0.823879260,0.777169672,3,,2026-09-05T01:35:44.602780+00:00
stage5c2-human-similarity-review-v2,643ea554dcc81930c72abacb,1VAtYkKvDenA1KypImlZIY,7iov2YtUJgLmHXwpYXLcoo,1,0.882067817,0.907107755,0.889146654,5,,2026-09-05T04:27:54.567217+00:00
stage5c2-human-similarity-review-v2,133f801c3f662c9f29287fe3,1VAtYkKvDenA1KypImlZIY,6zKX91EvxRHr42ZiZ5C9kN,2,0.850347896,0.800781281,0.836335322,4,,2026-09-05T04:28:06.877918+00:00
stage5c2-human-similarity-review-v2,5fd62e3087f9a4d1b86878e4,1VAtYkKvDenA1KypImlZIY,49iccsmr8Su1SXXwNfFO70,3,0.861911408,0.767986058,0.835358538,4,,2026-09-05T04:27:56.314677+00:00
stage5c2-human-similarity-review-v2,b3579ab4dd7e0418f3a8102d,1VAtYkKvDenA1KypImlZIY,4Sk74gcXTe9dnE1HU5Pn1y,4,0.852547738,0.787589608,0.834183954,4,,2026-09-05T04:27:59.796880+00:00
stage5c2-human-similarity-review-v2,67bdb267c0ad9304e066bc8d,1VAtYkKvDenA1KypImlZIY,2sXQnT404FrXeSEZkJXfKM,5,0.814812150,0.864931039,0.828980853,5,,2026-09-05T04:28:01.613197+00:00
stage5c2-human-similarity-review-v2,7c4c6958735d5fc3cb0265af,2BFAfMIblG0RZeAvlmLC81,7iov2YtUJgLmHXwpYXLcoo,1,0.926308644,0.816119278,0.895157907,5,,2026-09-05T07:12:03.943991+00:00
stage5c2-human-similarity-review-v2,28829be8e440a2a0735b5cf2,2BFAfMIblG0RZeAvlmLC81,49iccsmr8Su1SXXwNfFO70,2,0.915297016,0.816830479,0.887460344,4,,2026-09-05T07:11:44.899680+00:00
stage5c2-human-similarity-review-v2,f9328ce50e46609c8bb93906,2BFAfMIblG0RZeAvlmLC81,7hFW5IN7mQ99PuO86r38Sf,3,0.879242919,0.848512092,0.870555257,4,,2026-09-05T07:12:02.116522+00:00
stage5c2-human-similarity-review-v2,98a2512888e2011d8abc02c0,2BFAfMIblG0RZeAvlmLC81,70YbAV2UKPee15B00RbPcT,4,0.882597112,0.820987684,0.865180013,3,,2026-09-05T00:27:19.227157+00:00
stage5c2-human-similarity-review-v2,1f259748ded675913a0889d2,2BFAfMIblG0RZeAvlmLC81,3fzeNQfannmBQWGecQZ93s,5,0.870379725,0.793016237,0.848508924,4,,2026-09-05T07:12:17.568344+00:00
stage5c2-human-similarity-review-v2,14784b66bdb455de25e78153,3F5HhdyBfvCbzuPJbGBHkc,3uOeutrLztSX6lU0b0et3B,1,0.837280224,0.745434843,0.811315365,3,,2026-09-05T07:19:46.668316+00:00
stage5c2-human-similarity-review-v2,b7b2cb46c4d97508fe64f44e,3F5HhdyBfvCbzuPJbGBHkc,49KDK2ccYnOCYPeXfDO3YT,2,0.831380799,0.722171474,0.800507121,2,,2026-09-05T07:19:41.464462+00:00
stage5c2-human-similarity-review-v2,59ffdd68b1114ec927c702ed,3F5HhdyBfvCbzuPJbGBHkc,7iov2YtUJgLmHXwpYXLcoo,3,0.790522092,0.771566983,0.785163448,3,,2026-09-05T07:19:34.295264+00:00
stage5c2-human-similarity-review-v2,e430119ed8377ce7083aa120,3F5HhdyBfvCbzuPJbGBHkc,4Sk74gcXTe9dnE1HU5Pn1y,4,0.793028144,0.755400512,0.782390743,2,,2026-09-05T07:19:51.079310+00:00
stage5c2-human-similarity-review-v2,24770fc1d62bbc8cae30df63,3F5HhdyBfvCbzuPJbGBHkc,5h6c3ArwadWdEny5yXUPOt,5,0.806738667,0.658211500,0.764749763,3,,2026-09-05T07:19:25.043181+00:00
stage5c2-human-similarity-review-v2,1ee439e08ff65ae8ed8b628a,5UUnRflW65AsvluD8d5N2U,0xlx3pH8TxNah8hdiINqeA,1,0.759652559,0.746315303,0.755882092,4,,2026-09-05T08:12:45.048462+00:00
stage5c2-human-similarity-review-v2,9960ef82b8ca1042a2de05d1,5UUnRflW65AsvluD8d5N2U,6JjD8b5nYnwJ3zxYZ16rKg,2,0.760806409,0.677431702,0.737236225,4,,2026-09-05T08:12:54.921238+00:00
stage5c2-human-similarity-review-v2,f83f3d77d1d8ca0508de8b4e,5UUnRflW65AsvluD8d5N2U,3F5HhdyBfvCbzuPJbGBHkc,3,0.721373233,0.741635086,0.727101296,2,,2026-09-05T08:13:19.898636+00:00
stage5c2-human-similarity-review-v2,1bb1b9096b6413f947629efc,5UUnRflW65AsvluD8d5N2U,6rj9qDXWANe0U69asDzxMp,4,0.746597592,0.634095099,0.714792929,4,,2026-09-05T08:13:06.093040+00:00
stage5c2-human-similarity-review-v2,938331c4e8b61b2fad032ed6,5UUnRflW65AsvluD8d5N2U,7iov2YtUJgLmHXwpYXLcoo,5,0.692004790,0.727226607,0.701962063,3,,2026-09-05T08:13:08.700683+00:00
stage5c2-human-similarity-review-v2,e8bf41714f77268ed1fab40e,1CwmoUvvRyhiwqhMfvbB4K,3vC63Nh3rSREo7qDHgnx8I,1,0.897222143,0.838091039,0.880505671,5,,2026-09-05T08:15:42.110763+00:00
stage5c2-human-similarity-review-v2,14df129533930d207cfc1ce7,1CwmoUvvRyhiwqhMfvbB4K,0CnpSTdL9l5vQM4YnzXtyo,2,0.858802210,0.769084979,0.833438983,5,,2026-09-05T08:17:20.480713+00:00
stage5c2-human-similarity-review-v2,c936010b9b24d29d99d8cb95,1CwmoUvvRyhiwqhMfvbB4K,1aKvZDoLGkNMxoRYgkckZG,3,0.853544632,0.736813711,0.820544584,5,,2026-09-05T08:15:50.079342+00:00
stage5c2-human-similarity-review-v2,b9b18396c634f830fed40f4b,1CwmoUvvRyhiwqhMfvbB4K,7LFwi4RolcCPnVEXXXVfQP,4,0.815860950,0.752435577,0.797930480,4,,2026-09-04T23:47:52.696909+00:00
stage5c2-human-similarity-review-v2,0b0d7d441852f08cf701a80f,1CwmoUvvRyhiwqhMfvbB4K,5h6c3ArwadWdEny5yXUPOt,5,0.804649230,0.775880845,0.796516355,4,unsure if 4 or 5,2026-09-05T08:17:03.948965+00:00
stage5c2-human-similarity-review-v2,e8bf41714f77268ed1fab40e,3vC63Nh3rSREo7qDHgnx8I,1CwmoUvvRyhiwqhMfvbB4K,1,0.897222143,0.838091039,0.880505671,5,,2026-09-05T08:15:42.110763+00:00
stage5c2-human-similarity-review-v2,7ecf498159b469921f2a30d0,3vC63Nh3rSREo7qDHgnx8I,5q3LwAHTqo9d3rET2EA9Nq,2,0.889814358,0.835558257,0.874476058,3,,2026-09-05T08:17:31.556697+00:00
stage5c2-human-similarity-review-v2,92b98e61516974c859e1a083,3vC63Nh3rSREo7qDHgnx8I,37BvHZhn4399Zhh6EDa4km,3,0.892910568,0.769707194,0.858080747,4,,2026-09-05T08:17:35.802244+00:00
stage5c2-human-similarity-review-v2,a366590334ca132bc153c0a2,3vC63Nh3rSREo7qDHgnx8I,4lR8sYGMGZPvthF2yUfo7T,4,0.854354212,0.857606501,0.855273640,5,,2026-09-05T08:17:39.215997+00:00
stage5c2-human-similarity-review-v2,c81c27e0a8d2d04c33e61e8d,3vC63Nh3rSREo7qDHgnx8I,1aKvZDoLGkNMxoRYgkckZG,5,0.904327510,0.727999250,0.854479185,4,,2026-09-05T08:17:45.271999+00:00
stage5c2-human-similarity-review-v2,8c25bcf8e50c343c94e4848a,39kzWAiVPpycdMpr745oPj,65FftemJ1DbbZ45DUfHJXE,1,0.908527616,0.733857183,0.859147961,4,,2026-09-05T08:19:32.508018+00:00
stage5c2-human-similarity-review-v2,fba712d3c0de17e42b0b85ba,39kzWAiVPpycdMpr745oPj,5VGDusp81Ed3T9xACRw5Os,2,0.866621940,0.807908944,0.850023667,4,,2026-09-05T08:19:50.718930+00:00
stage5c2-human-similarity-review-v2,55821342ae53e3180441831f,39kzWAiVPpycdMpr745oPj,5ngJKkOmjkN460b2ApBnLk,3,0.852123160,0.837529190,0.847997417,3,,2026-09-05T01:22:38.077503+00:00
stage5c2-human-similarity-review-v2,f1467ba966cf4b35d0c4085b,39kzWAiVPpycdMpr745oPj,1AHtqWqufKsgBmdNEi1WVO,4,0.863773171,0.802567066,0.846470092,4,,2026-09-05T08:19:53.938591+00:00
stage5c2-human-similarity-review-v2,edc6b334fc13bad367d148fa,39kzWAiVPpycdMpr745oPj,1U90UBmMrQTx9GNweUA4LZ,5,0.843134359,0.818935352,0.836293255,3,,2026-09-04T23:59:03.077251+00:00
stage5c2-human-similarity-review-v2,92b98e61516974c859e1a083,37BvHZhn4399Zhh6EDa4km,3vC63Nh3rSREo7qDHgnx8I,1,0.892910568,0.769707194,0.858080747,4,,2026-09-05T08:17:35.802244+00:00
stage5c2-human-similarity-review-v2,d43b21aae0e5eea2bb5e958d,37BvHZhn4399Zhh6EDa4km,4lR8sYGMGZPvthF2yUfo7T,2,0.861277895,0.695676672,0.814462123,5,,2026-09-05T08:20:01.964648+00:00
stage5c2-human-similarity-review-v2,61e5cb9575fd1ae5312de9b4,37BvHZhn4399Zhh6EDa4km,1aKvZDoLGkNMxoRYgkckZG,3,0.850208167,0.692301218,0.805567581,4,,2026-09-05T08:20:30.616317+00:00
stage5c2-human-similarity-review-v2,e6d7001331d729a528a9d784,37BvHZhn4399Zhh6EDa4km,0CnpSTdL9l5vQM4YnzXtyo,4,0.836369131,0.708357239,0.800179933,4,,2026-09-05T08:20:23.154050+00:00
stage5c2-human-similarity-review-v2,cb653927e51f3cc134c23db0,37BvHZhn4399Zhh6EDa4km,1CwmoUvvRyhiwqhMfvbB4K,5,0.843964605,0.620635310,0.780829001,3,,2026-09-05T08:20:17.175163+00:00
stage5c2-human-similarity-review-v2,d5bca33436409fafa03d5413,2g0LdZQce9xlcHb1mBJyuz,3fzeNQfannmBQWGecQZ93s,1,0.880752878,0.775212182,0.850916328,3,,2026-09-05T08:25:39.956857+00:00
stage5c2-human-similarity-review-v2,5687f879d36b2619ad5af681,2g0LdZQce9xlcHb1mBJyuz,41zXlQxzTi6cGAjpOXyLYH,2,0.864278702,0.804714727,0.847439856,2,,2026-09-05T08:25:48.675851+00:00
stage5c2-human-similarity-review-v2,9ff1b0f65da7ef378d9bffb1,2g0LdZQce9xlcHb1mBJyuz,1kuGVB7EU95pJObxwvfwKS,3,0.835062081,0.873452792,0.845915206,3,,2026-09-05T08:25:59.002839+00:00
stage5c2-human-similarity-review-v2,b6ea409a5128104165d2c0e0,2g0LdZQce9xlcHb1mBJyuz,2BFAfMIblG0RZeAvlmLC81,4,0.824995599,0.846867982,0.831178962,2,,2026-09-05T08:25:59.858619+00:00
stage5c2-human-similarity-review-v2,78882d4b4caab4839b0f7ae0,2g0LdZQce9xlcHb1mBJyuz,6B9HXnRzmokTTxZNdV5T48,5,0.826531815,0.820804392,0.824912662,3,,2026-09-04T23:46:20.726317+00:00
stage5c2-human-similarity-review-v2,af52b1cb770aa88f17195668,7fBv7CLKzipRk6EC6TWHOB,5cgy5vMqVZbd8hYutp2txu,1,0.874517117,0.856903879,0.869537822,3,,2026-09-05T08:26:25.402359+00:00
stage5c2-human-similarity-review-v2,2d0c135d724df498ed524baf,7fBv7CLKzipRk6EC6TWHOB,2yQY2IzeQtUKanVo78Fg23,2,0.810321962,0.746622600,0.792314034,2,,2026-09-05T08:26:27.128216+00:00
stage5c2-human-similarity-review-v2,d637e6f12f3fdf9886fbfa0c,7fBv7CLKzipRk6EC6TWHOB,3X45Wd5yRNoe2twmyc5CvO,3,0.792727092,0.791208734,0.792297850,2,,2026-09-05T08:26:32.902381+00:00
stage5c2-human-similarity-review-v2,6c1029fd7909ebbde2a327ea,7fBv7CLKzipRk6EC6TWHOB,4LaZ8RpIP6DIgN73bXQVlO,4,0.774711128,0.834217250,0.791533619,5,this song is extremely hard to place (not the hills) but GET IT ,2026-09-04T22:55:53.036351+00:00
stage5c2-human-similarity-review-v2,4c945edd24fdc8e9b89ad426,7fBv7CLKzipRk6EC6TWHOB,23V5SeHanwL6PlqyJ99dH8,5,0.799807360,0.768773337,0.791033985,1,,2026-09-05T08:26:39.334763+00:00
stage5c2-human-similarity-review-v2,71e79345b420cacb1729ce89,3uOeutrLztSX6lU0b0et3B,65FftemJ1DbbZ45DUfHJXE,1,0.880561681,0.872726892,0.878346772,4,,2026-09-04T23:48:32.099282+00:00
stage5c2-human-similarity-review-v2,87b3b27e61f43970345047c6,3uOeutrLztSX6lU0b0et3B,5h6c3ArwadWdEny5yXUPOt,2,0.892487665,0.772747524,0.858636906,3,,2026-09-05T08:26:55.586170+00:00
stage5c2-human-similarity-review-v2,7a2a69610b28a7e592658cf3,3uOeutrLztSX6lU0b0et3B,1aKvZDoLGkNMxoRYgkckZG,3,0.888238250,0.754711000,0.850489850,3,,2026-09-05T08:26:58.743713+00:00
stage5c2-human-similarity-review-v2,8616382814591c884b933e0f,3uOeutrLztSX6lU0b0et3B,1AHtqWqufKsgBmdNEi1WVO,4,0.869491319,0.794737435,0.848358258,3,,2026-09-05T08:27:05.022720+00:00
stage5c2-human-similarity-review-v2,3abef65d09b89decb030af77,3uOeutrLztSX6lU0b0et3B,6zKX91EvxRHr42ZiZ5C9kN,5,0.824301672,0.902509188,0.846411081,3,,2026-09-05T08:27:08.309771+00:00
stage5c2-human-similarity-review-v2,e6f09105bc8452e46cecca66,7rAOIiVhiD3vklTrCUpfYo,5l45vVLs4JKkhzN0tvkWJv,1,0.778662442,0.750403215,0.770673506,3,,2026-09-05T08:28:20.439816+00:00
stage5c2-human-similarity-review-v2,9d28ff00d048bef7860ee1ff,7rAOIiVhiD3vklTrCUpfYo,4gMPlHHAjOQnUrhsuqHivn,2,0.759701491,0.678672419,0.736794423,2,,2026-09-05T08:28:22.068165+00:00
stage5c2-human-similarity-review-v2,94630f75142c5e79f8e7f371,7rAOIiVhiD3vklTrCUpfYo,2g0LdZQce9xlcHb1mBJyuz,3,0.782770458,0.596105835,0.730000024,2,,2026-09-05T08:28:23.722852+00:00
stage5c2-human-similarity-review-v2,58a55077e9213733e63b9dbb,7rAOIiVhiD3vklTrCUpfYo,41zXlQxzTi6cGAjpOXyLYH,4,0.738773035,0.648857576,0.713353768,2,,2026-09-05T08:28:31.185684+00:00
stage5c2-human-similarity-review-v2,4b2718137707e57cc2569db7,7rAOIiVhiD3vklTrCUpfYo,3fzeNQfannmBQWGecQZ93s,5,0.777320126,0.534790081,0.708756434,2,,2026-09-05T08:28:32.202269+00:00
stage5c2-human-similarity-review-v2,71996ea1c8e7822af4bb2c0a,49iccsmr8Su1SXXwNfFO70,7iov2YtUJgLmHXwpYXLcoo,1,0.915422311,0.836470186,0.893102399,5,,2026-09-05T08:28:40.449436+00:00
stage5c2-human-similarity-review-v2,28829be8e440a2a0735b5cf2,49iccsmr8Su1SXXwNfFO70,2BFAfMIblG0RZeAvlmLC81,2,0.915297016,0.816830479,0.887460344,4,,2026-09-05T07:11:44.899680+00:00
stage5c2-human-similarity-review-v2,b88122d9236a4e3531f02e19,49iccsmr8Su1SXXwNfFO70,2js0td9w2MzNUVPlMKYOEs,3,0.854007830,0.852433150,0.853562665,5,,2026-09-04T22:53:38.195870+00:00
stage5c2-human-similarity-review-v2,e108be366bfc390327e5061f,49iccsmr8Su1SXXwNfFO70,7hFW5IN7mQ99PuO86r38Sf,4,0.883292070,0.751644547,0.846075072,3,,2026-09-05T08:30:27.864992+00:00
stage5c2-human-similarity-review-v2,a297d301a5ff514804774ee1,49iccsmr8Su1SXXwNfFO70,2aiVdNIqY5BDCM10fKlKpS,5,0.861254336,0.799520351,0.843802025,4,,2026-09-04T22:28:07.737115+00:00
stage5c2-human-similarity-review-v2,3a1742af81db2a2290e4427d,1aKvZDoLGkNMxoRYgkckZG,65FftemJ1DbbZ45DUfHJXE,1,0.897434072,0.854528905,0.885304702,5,,2026-09-04T23:48:23.195767+00:00
stage5c2-human-similarity-review-v2,c6e45425d61de8061453a730,1aKvZDoLGkNMxoRYgkckZG,7fXYFuCTmNrYRGwEUUf5iz,2,0.856633389,0.866852919,0.859522469,1,,2026-09-05T08:30:40.882646+00:00
stage5c2-human-similarity-review-v2,c81c27e0a8d2d04c33e61e8d,1aKvZDoLGkNMxoRYgkckZG,3vC63Nh3rSREo7qDHgnx8I,3,0.904327510,0.727999250,0.854479185,4,,2026-09-05T08:17:45.271999+00:00
stage5c2-human-similarity-review-v2,d9f1689634ca067578e5e5cf,1aKvZDoLGkNMxoRYgkckZG,4lR8sYGMGZPvthF2yUfo7T,4,0.904313735,0.721750701,0.852702828,3,,2026-09-05T08:30:39.643605+00:00
stage5c2-human-similarity-review-v2,f6ae64aac57d49de375c4d32,1aKvZDoLGkNMxoRYgkckZG,7LFwi4RolcCPnVEXXXVfQP,5,0.857363917,0.839785898,0.852394579,5,,2026-09-04T23:46:49.732260+00:00
stage5c2-human-similarity-review-v2,22c31613a85be900017a674a,1kuGVB7EU95pJObxwvfwKS,41zXlQxzTi6cGAjpOXyLYH,1,0.921946449,0.912238296,0.919201936,5,,2026-09-05T08:34:38.625388+00:00
stage5c2-human-similarity-review-v2,8d6745cb32c1073c312d4f1a,1kuGVB7EU95pJObxwvfwKS,6Kkt27YmFyIFrcX3QXFi2o,2,0.880574409,0.928910940,0.894239236,4,,2026-09-05T08:34:35.395409+00:00
stage5c2-human-similarity-review-v2,09bad0059127e2b926839940,1kuGVB7EU95pJObxwvfwKS,5l45vVLs4JKkhzN0tvkWJv,3,0.893329292,0.822538343,0.873316560,3,the snippets not measured are very different,2026-09-04T23:21:59.208156+00:00
stage5c2-human-similarity-review-v2,a93522e00204e42104b48312,1kuGVB7EU95pJObxwvfwKS,5VGDusp81Ed3T9xACRw5Os,4,0.845444725,0.852043390,0.847310180,4,,2026-09-05T08:34:59.200209+00:00
stage5c2-human-similarity-review-v2,9ff1b0f65da7ef378d9bffb1,1kuGVB7EU95pJObxwvfwKS,2g0LdZQce9xlcHb1mBJyuz,5,0.835062081,0.873452792,0.845915206,3,,2026-09-05T08:25:59.002839+00:00
stage5c2-human-similarity-review-v2,dc4744be34a09b92839bdad7,4yNhVidUIAtKPT72PrZuLP,6ZGqVXaJmhbYAK2DF8mWRR,1,0.862167494,0.766323289,0.835072160,5,,2026-09-04T23:41:39.561157+00:00
stage5c2-human-similarity-review-v2,09b85fafe985f0eda610b8ef,4yNhVidUIAtKPT72PrZuLP,7hFW5IN7mQ99PuO86r38Sf,2,0.837536969,0.773862037,0.819535948,3,3.5 maybe? same lofi genre but very different sounds compared to the song,2026-09-04T22:31:27.747066+00:00
stage5c2-human-similarity-review-v2,f078e9a08add5735776c09b1,4yNhVidUIAtKPT72PrZuLP,4B8L0sByBRJRUV1Uot2Ebd,3,0.776029278,0.816320772,0.787419758,4,,2026-09-04T23:38:06.983815+00:00
stage5c2-human-similarity-review-v2,631fd684fb6293002574940f,4yNhVidUIAtKPT72PrZuLP,6JjD8b5nYnwJ3zxYZ16rKg,4,0.795646088,0.712866379,0.772244112,3,,2026-09-05T08:35:33.882217+00:00
stage5c2-human-similarity-review-v2,ac98403b62281ac821bce3d3,4yNhVidUIAtKPT72PrZuLP,2BFAfMIblG0RZeAvlmLC81,5,0.777770119,0.729007168,0.763984743,3,,2026-09-05T08:35:35.682318+00:00
stage5c2-human-similarity-review-v2,972f173fc3e967c938288089,5ri8u5RA8e4vGMyMAGXy0p,0ASYuzPsTBA6ZmIsuvNZby,1,0.788212845,0.744940223,0.775979595,4,,2026-09-05T08:35:54.165354+00:00
stage5c2-human-similarity-review-v2,86f99e74dfc7c778d5a5d7b0,5ri8u5RA8e4vGMyMAGXy0p,30NAF18yQGvwKrbn1IEMKn,2,0.785214022,0.748659436,0.774879973,2,,2026-09-05T08:35:56.824267+00:00
stage5c2-human-similarity-review-v2,10813b704c7b3cfcf13dc58c,5ri8u5RA8e4vGMyMAGXy0p,4P1L6AniTDJzANaubzWGYs,3,0.776299496,0.762817488,0.772488107,5,,2026-09-05T00:39:14.180941+00:00
stage5c2-human-similarity-review-v2,c30094f765b4257c297ca30e,5ri8u5RA8e4vGMyMAGXy0p,6ZGqVXaJmhbYAK2DF8mWRR,4,0.799711912,0.632106852,0.752329652,4,,2026-09-04T23:41:52.332393+00:00
stage5c2-human-similarity-review-v2,d582ec5ef48f4ab2f2464e43,5ri8u5RA8e4vGMyMAGXy0p,5cgy5vMqVZbd8hYutp2txu,5,0.740911830,0.725195342,0.736468750,3,,2026-09-05T08:36:03.172243+00:00
stage5c2-human-similarity-review-v2,12034ebc8cc0802d48b784cb,0xlx3pH8TxNah8hdiINqeA,6JjD8b5nYnwJ3zxYZ16rKg,1,0.795076429,0.754829369,0.783698511,4,,2026-09-05T08:36:10.583735+00:00
stage5c2-human-similarity-review-v2,4da01e0d8eb7b90c94030722,0xlx3pH8TxNah8hdiINqeA,5l45vVLs4JKkhzN0tvkWJv,2,0.770320692,0.736707265,0.760818114,3,,2026-09-05T08:36:16.422631+00:00
stage5c2-human-similarity-review-v2,1ee439e08ff65ae8ed8b628a,0xlx3pH8TxNah8hdiINqeA,5UUnRflW65AsvluD8d5N2U,3,0.759652559,0.746315303,0.755882092,4,,2026-09-05T08:12:45.048462+00:00
stage5c2-human-similarity-review-v2,69cc2d67a981c6ccf41b2090,0xlx3pH8TxNah8hdiINqeA,6rj9qDXWANe0U69asDzxMp,4,0.808628344,0.593288954,0.747751501,4,,2026-09-05T08:36:20.969269+00:00
stage5c2-human-similarity-review-v2,87c145d0bfc7db5924cc8a77,0xlx3pH8TxNah8hdiINqeA,2BFAfMIblG0RZeAvlmLC81,5,0.751261432,0.705914738,0.738441838,3,,2026-09-05T08:37:10.440778+00:00
stage5c2-human-similarity-review-v2,001d89314d80b43d5fdf8563,1DaXVM8npVKa2AQBrYz4xS,7nD9LjsenfCRv4uxy93xhZ,1,0.917929616,0.769864388,0.876071302,4,,2026-09-05T08:37:25.426403+00:00
stage5c2-human-similarity-review-v2,8fe3105a67c2880670d93e7e,1DaXVM8npVKa2AQBrYz4xS,5sEeuhYWHNczuPKek1zJeG,2,0.916151246,0.714701026,0.859200896,5,,2026-09-05T00:27:53.931389+00:00
stage5c2-human-similarity-review-v2,c98965716f449b34af8067a3,1DaXVM8npVKa2AQBrYz4xS,0WJxkgYXRoOxFb4Vq3Ddmg,3,0.835818804,0.875444636,0.847021100,5,,2026-09-04T23:43:27.997397+00:00
stage5c2-human-similarity-review-v2,52f15f1d612f0f3406f8e4db,1DaXVM8npVKa2AQBrYz4xS,043ryKJlgSnAUzpXnfxU6b,4,0.837304963,0.815836378,0.831235755,2,,2026-09-05T00:38:36.188758+00:00
stage5c2-human-similarity-review-v2,4f3ff2d9e865afb657cdb68f,1DaXVM8npVKa2AQBrYz4xS,0ASYuzPsTBA6ZmIsuvNZby,5,0.819930515,0.824521144,0.821228294,3,,2026-09-05T08:45:03.045942+00:00
stage5c2-human-similarity-review-v2,b7b2cb46c4d97508fe64f44e,49KDK2ccYnOCYPeXfDO3YT,3F5HhdyBfvCbzuPJbGBHkc,1,0.831380799,0.722171474,0.800507121,2,,2026-09-05T07:19:41.464462+00:00
stage5c2-human-similarity-review-v2,de2baf467483cb40504f21be,49KDK2ccYnOCYPeXfDO3YT,2g0LdZQce9xlcHb1mBJyuz,2,0.826152996,0.621136641,0.768194494,3,,2026-09-05T08:45:19.062101+00:00
stage5c2-human-similarity-review-v2,77506854da190c20ac5c1315,49KDK2ccYnOCYPeXfDO3YT,5quFr5s5PXYfUX5jV2EBZ1,3,0.805864942,0.651653202,0.762268999,3,,2026-09-05T08:45:21.326482+00:00
stage5c2-human-similarity-review-v2,e0876a5b235b714b8c6ca2ba,49KDK2ccYnOCYPeXfDO3YT,3uOeutrLztSX6lU0b0et3B,4,0.790958728,0.664572331,0.755229060,3,,2026-09-05T08:45:23.187187+00:00
stage5c2-human-similarity-review-v2,79c302f579f89d928d7cba16,49KDK2ccYnOCYPeXfDO3YT,4Sk74gcXTe9dnE1HU5Pn1y,5,0.720403285,0.838460024,0.753778143,3,,2026-09-05T08:45:25.230315+00:00
stage5c2-human-similarity-review-v2,fadee454d6c7386cd82afea2,3azJifCSqg9fRij2yKIbWz,6B9HXnRzmokTTxZNdV5T48,1,0.799651878,0.869627192,0.819434029,1,,2026-09-05T08:56:08.272165+00:00
stage5c2-human-similarity-review-v2,2656ade378bea5b2919571db,3azJifCSqg9fRij2yKIbWz,49iccsmr8Su1SXXwNfFO70,2,0.824363588,0.780284093,0.811902233,1,,2026-09-05T08:56:09.008238+00:00
stage5c2-human-similarity-review-v2,df6ed509f53ed31ffe6cf5a4,3azJifCSqg9fRij2yKIbWz,0JJeoiCAa1hwcBsPxBN2w4,3,0.804820585,0.828862037,0.811617148,2,,2026-09-05T08:56:10.782359+00:00
stage5c2-human-similarity-review-v2,d310a06159d32f16577b5854,3azJifCSqg9fRij2yKIbWz,3vC63Nh3rSREo7qDHgnx8I,4,0.786098357,0.847549792,0.803470791,1,,2026-09-05T08:56:12.129586+00:00
stage5c2-human-similarity-review-v2,ac256feb0dac56a0191f1320,3azJifCSqg9fRij2yKIbWz,2yQY2IzeQtUKanVo78Fg23,5,0.782759389,0.839952447,0.798927972,1,,2026-09-05T08:56:12.684203+00:00
stage5c2-human-similarity-review-v2,d5bca33436409fafa03d5413,3fzeNQfannmBQWGecQZ93s,2g0LdZQce9xlcHb1mBJyuz,1,0.880752878,0.775212182,0.850916328,3,,2026-09-05T08:25:39.956857+00:00
stage5c2-human-similarity-review-v2,1f259748ded675913a0889d2,3fzeNQfannmBQWGecQZ93s,2BFAfMIblG0RZeAvlmLC81,2,0.870379725,0.793016237,0.848508924,4,,2026-09-05T07:12:17.568344+00:00
stage5c2-human-similarity-review-v2,24058909bdc6d50ec0ee9cc6,3fzeNQfannmBQWGecQZ93s,7hFW5IN7mQ99PuO86r38Sf,3,0.861849679,0.753784491,0.831299450,3,,2026-09-04T22:30:43.628009+00:00
stage5c2-human-similarity-review-v2,6dd1acd0767261ed7d88dbd7,3fzeNQfannmBQWGecQZ93s,6B9HXnRzmokTTxZNdV5T48,4,0.833397750,0.799951595,0.823942460,4,,2026-09-04T23:46:24.761584+00:00
stage5c2-human-similarity-review-v2,9fc85efc762bd7413d3aa388,3fzeNQfannmBQWGecQZ93s,4gMPlHHAjOQnUrhsuqHivn,5,0.831440656,0.727651723,0.802099333,3,,2026-09-05T08:56:33.961813+00:00
stage5c2-human-similarity-review-v2,68ca86f9c080e5613a473c1d,53eKx8ec2jDjt1m3VBUCEM,2Ah7oAy4esXD8pEEhY0hyR,1,0.749873589,0.820789552,0.769921663,4,,2026-09-04T23:16:08.168449+00:00
stage5c2-human-similarity-review-v2,edbaf92d13e44571106f2d8d,53eKx8ec2jDjt1m3VBUCEM,3fzeNQfannmBQWGecQZ93s,2,0.766246810,0.759968471,0.764471912,2,,2026-09-05T08:57:13.081268+00:00
stage5c2-human-similarity-review-v2,240419d0f738f0c479634538,53eKx8ec2jDjt1m3VBUCEM,6JjD8b5nYnwJ3zxYZ16rKg,3,0.747989540,0.787997158,0.759299768,4,,2026-09-05T08:57:19.257067+00:00
stage5c2-human-similarity-review-v2,38868ba0d28d02825d5c2679,53eKx8ec2jDjt1m3VBUCEM,2g0LdZQce9xlcHb1mBJyuz,4,0.767021109,0.731159965,0.756883097,2,,2026-09-05T08:57:17.986296+00:00
stage5c2-human-similarity-review-v2,fc27f0cc2b76573b1ed78f77,53eKx8ec2jDjt1m3VBUCEM,3aFh82SrVntBmW9Lx0Gb7W,5,0.799200147,0.648627074,0.756632861,2,,2026-09-05T00:00:00.804131+00:00
stage5c2-human-similarity-review-v2,d39d92108542a9c0ed5f0a97,6nzCvAtyADh0wwZEVMoujK,5quFr5s5PXYfUX5jV2EBZ1,1,0.898545506,0.849166609,0.884586001,5,,2026-09-04T22:35:48.392667+00:00
stage5c2-human-similarity-review-v2,e303a9f18368c7a481b95fbf,6nzCvAtyADh0wwZEVMoujK,74X2u8JMVooG2QbjRxXwR8,2,0.862242423,0.840034756,0.855964275,2,,2026-09-05T08:57:37.235216+00:00
stage5c2-human-similarity-review-v2,9153c11df6248579c5b8c1fa,6nzCvAtyADh0wwZEVMoujK,5zfpJXfqGGh94YcStRlI2s,3,0.811155075,0.877003727,0.829770610,5,,2026-09-04T23:24:52.016439+00:00
stage5c2-human-similarity-review-v2,5a8e7ec4ce49cc79ebd9d6ef,6nzCvAtyADh0wwZEVMoujK,0ayK1CJh1cMRjUJRCDWhCd,4,0.821474073,0.825202420,0.822528084,4,,2026-09-05T08:57:50.446982+00:00
stage5c2-human-similarity-review-v2,20cd89a074c2a60d779fbf91,6nzCvAtyADh0wwZEVMoujK,340yvMO5adu3bo1x5Zrw14,5,0.804465604,0.744523238,0.787519786,4,,2026-09-05T08:58:04.312341+00:00
stage5c2-human-similarity-review-v2,52176b64c9b7b3b30a5c09fe,74cpuIw43kA8xPgbQEPdss,0JJeoiCAa1hwcBsPxBN2w4,1,0.923947918,0.821033452,0.894853808,4,,2026-09-04T22:53:10.189249+00:00
stage5c2-human-similarity-review-v2,4c10557cecd2926ac6698fae,74cpuIw43kA8xPgbQEPdss,7fXYFuCTmNrYRGwEUUf5iz,2,0.871947860,0.850482573,0.865879584,3,,2026-09-05T08:58:30.266588+00:00
stage5c2-human-similarity-review-v2,35a2b67da8a31c1d37a36907,74cpuIw43kA8xPgbQEPdss,3JxRNkoNmAcPgnA5HSnKiz,3,0.878914437,0.820698292,0.862456625,4,,2026-09-04T21:53:45.302770+00:00
stage5c2-human-similarity-review-v2,e9ce13f8e595a6f7264d31f8,74cpuIw43kA8xPgbQEPdss,74X2u8JMVooG2QbjRxXwR8,4,0.899275517,0.767922472,0.862141768,5,,2026-09-05T08:58:24.115214+00:00
stage5c2-human-similarity-review-v2,35fadd96ecbcad535ae795ea,74cpuIw43kA8xPgbQEPdss,2sXQnT404FrXeSEZkJXfKM,5,0.857044375,0.837650197,0.851561605,4,,2026-09-05T08:58:32.266528+00:00
stage5c2-human-similarity-review-v2,14b42adf0564cc1767d5b5b9,4lR8sYGMGZPvthF2yUfo7T,5h6c3ArwadWdEny5yXUPOt,1,0.902041949,0.761734568,0.862376793,4,,2026-09-05T08:58:47.013154+00:00
stage5c2-human-similarity-review-v2,c2c6956d8593302b1baf9ad9,4lR8sYGMGZPvthF2yUfo7T,0JJeoiCAa1hwcBsPxBN2w4,2,0.870134034,0.840490193,0.861753665,3,,2026-09-04T22:52:43.470460+00:00
stage5c2-human-similarity-review-v2,a366590334ca132bc153c0a2,4lR8sYGMGZPvthF2yUfo7T,3vC63Nh3rSREo7qDHgnx8I,3,0.854354212,0.857606501,0.855273640,5,,2026-09-05T08:17:39.215997+00:00
stage5c2-human-similarity-review-v2,d9f1689634ca067578e5e5cf,4lR8sYGMGZPvthF2yUfo7T,1aKvZDoLGkNMxoRYgkckZG,4,0.904313735,0.721750701,0.852702828,3,,2026-09-05T08:30:39.643605+00:00
stage5c2-human-similarity-review-v2,4589321ebf0df4406b5ee64d,4lR8sYGMGZPvthF2yUfo7T,6nICBdDevG4NZysIqDFPEa,5,0.893209244,0.722252274,0.844879393,4,,2026-09-05T08:58:51.526356+00:00
stage5c2-human-similarity-review-v2,2ddd18128fa116815c432556,2yQY2IzeQtUKanVo78Fg23,3X45Wd5yRNoe2twmyc5CvO,1,0.851018721,0.853149089,0.851620980,4,,2026-09-05T08:58:59.129279+00:00
stage5c2-human-similarity-review-v2,0188cc274b7b0b6019392c18,2yQY2IzeQtUKanVo78Fg23,6B9HXnRzmokTTxZNdV5T48,2,0.800246817,0.873526567,0.820963137,3,,2026-09-04T23:46:30.763482+00:00
stage5c2-human-similarity-review-v2,dcc202589cb1959de7abce04,2yQY2IzeQtUKanVo78Fg23,49iccsmr8Su1SXXwNfFO70,3,0.807909033,0.827593626,0.813473904,4,,2026-09-05T08:59:32.478529+00:00
stage5c2-human-similarity-review-v2,cd7d36712d680768f7c9bac2,2yQY2IzeQtUKanVo78Fg23,2BFAfMIblG0RZeAvlmLC81,4,0.827250798,0.771736705,0.811556861,3,,2026-09-05T08:59:23.411506+00:00
stage5c2-human-similarity-review-v2,a291def4fcb3c7ad770bdc02,2yQY2IzeQtUKanVo78Fg23,7iov2YtUJgLmHXwpYXLcoo,5,0.830273749,0.720264461,0.799173920,3,,2026-09-05T08:59:30.908461+00:00
stage5c2-human-similarity-review-v2,1918a465ccd590e5080be326,6JjD8b5nYnwJ3zxYZ16rKg,0WJxkgYXRoOxFb4Vq3Ddmg,1,0.868072552,0.792313504,0.846655329,4,,2026-09-04T23:43:31.396798+00:00
stage5c2-human-similarity-review-v2,f1d5771dd25a6272501a2811,6JjD8b5nYnwJ3zxYZ16rKg,02CCi0N3pMK4Rjxq5e6UmE,2,0.840919617,0.842593439,0.841392810,4,,2026-09-04T23:53:04.201767+00:00
stage5c2-human-similarity-review-v2,83d0383cab6ec0bc05e6b38a,6JjD8b5nYnwJ3zxYZ16rKg,2BFAfMIblG0RZeAvlmLC81,3,0.816985950,0.898611781,0.840061724,4,,2026-09-05T08:59:49.255106+00:00
stage5c2-human-similarity-review-v2,f9ab2712751dcbbb62f4a0c7,6JjD8b5nYnwJ3zxYZ16rKg,4gMPlHHAjOQnUrhsuqHivn,4,0.850134299,0.761281906,0.825015564,2,,2026-09-05T09:00:23.703107+00:00
stage5c2-human-similarity-review-v2,368364a8498cb0691f81e1e2,6JjD8b5nYnwJ3zxYZ16rKg,4B8L0sByBRJRUV1Uot2Ebd,5,0.813752326,0.795327259,0.808543526,5,,2026-09-04T23:37:57.493310+00:00
stage5c2-human-similarity-review-v2,7c4c6958735d5fc3cb0265af,7iov2YtUJgLmHXwpYXLcoo,2BFAfMIblG0RZeAvlmLC81,1,0.926308644,0.816119278,0.895157907,5,,2026-09-05T07:12:03.943991+00:00
stage5c2-human-similarity-review-v2,71996ea1c8e7822af4bb2c0a,7iov2YtUJgLmHXwpYXLcoo,49iccsmr8Su1SXXwNfFO70,2,0.915422311,0.836470186,0.893102399,5,,2026-09-05T08:28:40.449436+00:00
stage5c2-human-similarity-review-v2,643ea554dcc81930c72abacb,7iov2YtUJgLmHXwpYXLcoo,1VAtYkKvDenA1KypImlZIY,3,0.882067817,0.907107755,0.889146654,5,,2026-09-05T04:27:54.567217+00:00
stage5c2-human-similarity-review-v2,5511df80efe966995e015d20,7iov2YtUJgLmHXwpYXLcoo,2aiVdNIqY5BDCM10fKlKpS,4,0.895804192,0.850422383,0.882974670,5,,2026-09-04T22:20:15.122787+00:00
stage5c2-human-similarity-review-v2,ef5db3d0aa45e3fbec1a52fa,7iov2YtUJgLmHXwpYXLcoo,4Sk74gcXTe9dnE1HU5Pn1y,5,0.912329318,0.807423906,0.882672364,3,,2026-09-05T09:00:40.528445+00:00
stage5c2-human-similarity-review-v2,8d6745cb32c1073c312d4f1a,6Kkt27YmFyIFrcX3QXFi2o,1kuGVB7EU95pJObxwvfwKS,1,0.880574409,0.928910940,0.894239236,4,,2026-09-05T08:34:35.395409+00:00
stage5c2-human-similarity-review-v2,3f600317a47199166543d9b8,6Kkt27YmFyIFrcX3QXFi2o,41zXlQxzTi6cGAjpOXyLYH,2,0.886167714,0.912106501,0.893500657,5,,2026-09-05T09:01:36.327124+00:00
stage5c2-human-similarity-review-v2,4961661f2282d8a2ce789627,6Kkt27YmFyIFrcX3QXFi2o,5l45vVLs4JKkhzN0tvkWJv,3,0.878785407,0.800625462,0.856689446,4,,2026-09-04T23:24:12.554984+00:00
stage5c2-human-similarity-review-v2,72932edc8ffea32afb077376,6Kkt27YmFyIFrcX3QXFi2o,4gMPlHHAjOQnUrhsuqHivn,4,0.867998547,0.744895154,0.833196991,3,,2026-09-05T09:00:53.525103+00:00
stage5c2-human-similarity-review-v2,93925151f6b8856b24a8f9cc,6Kkt27YmFyIFrcX3QXFi2o,2g0LdZQce9xlcHb1mBJyuz,5,0.811786733,0.809016912,0.811003699,3,,2026-09-05T09:00:56.254476+00:00
stage5c2-human-similarity-review-v2,a827339d1255574007fb81ce,74X2u8JMVooG2QbjRxXwR8,5quFr5s5PXYfUX5jV2EBZ1,1,0.915116666,0.897207806,0.910053798,4,,2026-09-04T22:35:53.930889+00:00
stage5c2-human-similarity-review-v2,19d82d1199990d6cb5af84b1,74X2u8JMVooG2QbjRxXwR8,0ayK1CJh1cMRjUJRCDWhCd,2,0.877741795,0.851723689,0.870386428,3,,2026-09-05T09:01:03.286459+00:00
stage5c2-human-similarity-review-v2,e9387a19fecc81ec1c1ee883,74X2u8JMVooG2QbjRxXwR8,340yvMO5adu3bo1x5Zrw14,3,0.884778320,0.821772061,0.866966334,4,,2026-09-04T22:02:27.974363+00:00
stage5c2-human-similarity-review-v2,c2baa62ffcc08bfbbe732e8a,74X2u8JMVooG2QbjRxXwR8,5zfpJXfqGGh94YcStRlI2s,4,0.890707443,0.792187248,0.862855602,3,,2026-09-04T23:24:41.783434+00:00
stage5c2-human-similarity-review-v2,e9ce13f8e595a6f7264d31f8,74X2u8JMVooG2QbjRxXwR8,74cpuIw43kA8xPgbQEPdss,5,0.899275517,0.767922472,0.862141768,5,,2026-09-05T08:58:24.115214+00:00
stage5c2-human-similarity-review-v2,22c31613a85be900017a674a,41zXlQxzTi6cGAjpOXyLYH,1kuGVB7EU95pJObxwvfwKS,1,0.921946449,0.912238296,0.919201936,5,,2026-09-05T08:34:38.625388+00:00
stage5c2-human-similarity-review-v2,3f600317a47199166543d9b8,41zXlQxzTi6cGAjpOXyLYH,6Kkt27YmFyIFrcX3QXFi2o,2,0.886167714,0.912106501,0.893500657,5,,2026-09-05T09:01:36.327124+00:00
stage5c2-human-similarity-review-v2,9c002eb118608664cb87eed9,41zXlQxzTi6cGAjpOXyLYH,5l45vVLs4JKkhzN0tvkWJv,3,0.886386925,0.846212340,0.875029496,4,,2026-09-04T23:21:38.433946+00:00
stage5c2-human-similarity-review-v2,80b79c7a808ac116cb07707f,41zXlQxzTi6cGAjpOXyLYH,5ngJKkOmjkN460b2ApBnLk,4,0.850293645,0.902018775,0.864916435,4,,2026-09-05T01:21:38.212627+00:00
stage5c2-human-similarity-review-v2,5687f879d36b2619ad5af681,41zXlQxzTi6cGAjpOXyLYH,2g0LdZQce9xlcHb1mBJyuz,5,0.864278702,0.804714727,0.847439856,2,,2026-09-05T08:25:48.675851+00:00
stage5c2-human-similarity-review-v2,5b9b8b4b7afb5bf63fce0cd7,2sXQnT404FrXeSEZkJXfKM,7fXYFuCTmNrYRGwEUUf5iz,1,0.855814127,0.866234146,0.858759885,4,,2026-09-05T09:01:45.046897+00:00
stage5c2-human-similarity-review-v2,35fadd96ecbcad535ae795ea,2sXQnT404FrXeSEZkJXfKM,74cpuIw43kA8xPgbQEPdss,2,0.857044375,0.837650197,0.851561605,4,,2026-09-05T08:58:32.266528+00:00
stage5c2-human-similarity-review-v2,cde90d4ecc71da8de39c8aae,2sXQnT404FrXeSEZkJXfKM,74X2u8JMVooG2QbjRxXwR8,3,0.835308102,0.851809346,0.839973034,3,,2026-09-05T09:01:58.902157+00:00
stage5c2-human-similarity-review-v2,7c1add5a5cb50a6dfe7d3b8a,2sXQnT404FrXeSEZkJXfKM,5q3LwAHTqo9d3rET2EA9Nq,4,0.829184199,0.840821431,0.832474066,3,,2026-09-05T09:01:50.523185+00:00
stage5c2-human-similarity-review-v2,67bdb267c0ad9304e066bc8d,2sXQnT404FrXeSEZkJXfKM,1VAtYkKvDenA1KypImlZIY,5,0.814812150,0.864931039,0.828980853,5,,2026-09-05T04:28:01.613197+00:00
stage5c2-human-similarity-review-v2,f4066db547d456dbfcbc26e3,00njeQb198Lm7Jge2Rsrlg,23V5SeHanwL6PlqyJ99dH8,1,0.799046866,0.902989778,0.828431719,4,,2026-09-05T09:02:07.413023+00:00
stage5c2-human-similarity-review-v2,c543526477b1dbea41f9c2de,00njeQb198Lm7Jge2Rsrlg,0ASYuzPsTBA6ZmIsuvNZby,2,0.853917863,0.763644569,0.828397436,4,,2026-09-04T22:56:31.085708+00:00
stage5c2-human-similarity-review-v2,8759d0929d453fb19a8af707,00njeQb198Lm7Jge2Rsrlg,1IIcy1TpuiAT6S206OjYvC,3,0.765860194,0.911481848,0.807027705,3,,2026-09-04T23:54:54.654100+00:00
stage5c2-human-similarity-review-v2,374cc9116c3695371b4ce989,00njeQb198Lm7Jge2Rsrlg,0WJxkgYXRoOxFb4Vq3Ddmg,4,0.804176288,0.809085090,0.805564015,4,,2026-09-04T23:43:42.164930+00:00
stage5c2-human-similarity-review-v2,4c75b926a0f1f3ad3203359f,00njeQb198Lm7Jge2Rsrlg,7nD9LjsenfCRv4uxy93xhZ,5,0.840911136,0.709881888,0.803868925,3,,2026-09-05T09:02:12.093867+00:00
stage5c2-human-similarity-review-v2,efba70d48b4259b0390389f7,3X45Wd5yRNoe2twmyc5CvO,6B9HXnRzmokTTxZNdV5T48,1,0.838590414,0.911680975,0.859253251,5,,2026-09-04T23:46:17.443405+00:00
stage5c2-human-similarity-review-v2,2ddd18128fa116815c432556,3X45Wd5yRNoe2twmyc5CvO,2yQY2IzeQtUKanVo78Fg23,2,0.851018721,0.853149089,0.851620980,4,,2026-09-05T08:58:59.129279+00:00
stage5c2-human-similarity-review-v2,6ce64b007cf5a48f65c66ac2,3X45Wd5yRNoe2twmyc5CvO,1IIcy1TpuiAT6S206OjYvC,3,0.800338853,0.865766445,0.818835354,4,,2026-09-04T23:54:49.847507+00:00
stage5c2-human-similarity-review-v2,b10fe25642f4bad2b54c08d0,3X45Wd5yRNoe2twmyc5CvO,2aiVdNIqY5BDCM10fKlKpS,4,0.819626753,0.752572016,0.800670255,4,,2026-09-05T09:02:22.464875+00:00
stage5c2-human-similarity-review-v2,3d092c0730293c944afc844e,3X45Wd5yRNoe2twmyc5CvO,2BFAfMIblG0RZeAvlmLC81,5,0.820107489,0.738102024,0.796924393,3,,2026-09-05T09:02:29.267239+00:00
stage5c2-human-similarity-review-v2,14b42adf0564cc1767d5b5b9,5h6c3ArwadWdEny5yXUPOt,4lR8sYGMGZPvthF2yUfo7T,1,0.902041949,0.761734568,0.862376793,4,,2026-09-05T08:58:47.013154+00:00
stage5c2-human-similarity-review-v2,87b3b27e61f43970345047c6,5h6c3ArwadWdEny5yXUPOt,3uOeutrLztSX6lU0b0et3B,2,0.892487665,0.772747524,0.858636906,3,,2026-09-05T08:26:55.586170+00:00
stage5c2-human-similarity-review-v2,6d89c1ea93739bcb0da59989,5h6c3ArwadWdEny5yXUPOt,65FftemJ1DbbZ45DUfHJXE,3,0.858168179,0.821848059,0.847900414,4,,2026-09-05T09:02:34.317487+00:00
stage5c2-human-similarity-review-v2,de3a63e4cb34ce239ba0a4da,5h6c3ArwadWdEny5yXUPOt,0JJeoiCAa1hwcBsPxBN2w4,4,0.860577961,0.803543732,0.844454280,3,,2026-09-05T09:02:45.644962+00:00
stage5c2-human-similarity-review-v2,39dfb7881a9cd905bc8c758b,5h6c3ArwadWdEny5yXUPOt,6zKX91EvxRHr42ZiZ5C9kN,5,0.863225294,0.782751780,0.840475282,4,,2026-09-05T09:02:53.713398+00:00
stage5c2-human-similarity-review-v2,7212ccd94430fe791a7adf13,1ON9XudZFxwu43tQXBszIX,6wm3t4VpTxSFfOUgTMlHZM,1,0.764686650,0.889146350,0.799871637,5,,2026-09-04T23:13:22.052193+00:00
stage5c2-human-similarity-review-v2,6957ad9b8e2fb7c785e66b54,1ON9XudZFxwu43tQXBszIX,6nef0wHkelfKqNVHAtzJbR,2,0.759481747,0.786749856,0.767190492,4,,2026-09-05T09:03:00.697052+00:00
stage5c2-human-similarity-review-v2,930b027f31f0b07c14d37632,1ON9XudZFxwu43tQXBszIX,7fBv7CLKzipRk6EC6TWHOB,3,0.740106905,0.788086345,0.753670781,3,,2026-09-05T09:03:03.304679+00:00
stage5c2-human-similarity-review-v2,989bcb7abad3e5b5daec1583,1ON9XudZFxwu43tQXBszIX,7fXYFuCTmNrYRGwEUUf5iz,4,0.696482122,0.817684660,0.730746304,3,,2026-09-05T09:03:08.056634+00:00
stage5c2-human-similarity-review-v2,c78f2fcff0b5c7208167123e,1ON9XudZFxwu43tQXBszIX,06EL94D0TA27Ik0Ke5usbj,5,0.647688102,0.854443912,0.706138352,2,,2026-09-05T09:03:10.271884+00:00
stage5c2-human-similarity-review-v2,7ecf498159b469921f2a30d0,5q3LwAHTqo9d3rET2EA9Nq,3vC63Nh3rSREo7qDHgnx8I,1,0.889814358,0.835558257,0.874476058,3,,2026-09-05T08:17:31.556697+00:00
stage5c2-human-similarity-review-v2,f70b151fcd66efbb7f4b8721,5q3LwAHTqo9d3rET2EA9Nq,0JJeoiCAa1hwcBsPxBN2w4,2,0.842168023,0.917342895,0.863420098,5,,2026-09-04T22:53:08.134857+00:00
stage5c2-human-similarity-review-v2,36a51d4cb3fb572fc60e699b,5q3LwAHTqo9d3rET2EA9Nq,74cpuIw43kA8xPgbQEPdss,3,0.824205709,0.891697366,0.843285725,3,,2026-09-05T09:03:24.512573+00:00
stage5c2-human-similarity-review-v2,1cb68196512ca34f5c6875bd,5q3LwAHTqo9d3rET2EA9Nq,1aKvZDoLGkNMxoRYgkckZG,4,0.873553203,0.764233433,0.842648302,2,,2026-09-05T09:03:28.246159+00:00
stage5c2-human-similarity-review-v2,7c1add5a5cb50a6dfe7d3b8a,5q3LwAHTqo9d3rET2EA9Nq,2sXQnT404FrXeSEZkJXfKM,5,0.829184199,0.840821431,0.832474066,3,,2026-09-05T09:01:50.523185+00:00
stage5c2-human-similarity-review-v2,69cc2d67a981c6ccf41b2090,6rj9qDXWANe0U69asDzxMp,0xlx3pH8TxNah8hdiINqeA,1,0.808628344,0.593288954,0.747751501,4,,2026-09-05T08:36:20.969269+00:00
stage5c2-human-similarity-review-v2,886e9c55de269fb93ea6313e,6rj9qDXWANe0U69asDzxMp,4yNhVidUIAtKPT72PrZuLP,2,0.773584159,0.629549218,0.732865215,3,,2026-09-05T09:03:33.360972+00:00
stage5c2-human-similarity-review-v2,1bb1b9096b6413f947629efc,6rj9qDXWANe0U69asDzxMp,5UUnRflW65AsvluD8d5N2U,3,0.746597592,0.634095099,0.714792929,4,,2026-09-05T08:13:06.093040+00:00
stage5c2-human-similarity-review-v2,99011ca701ebbadf093ee624,6rj9qDXWANe0U69asDzxMp,4B8L0sByBRJRUV1Uot2Ebd,4,0.754052655,0.553803290,0.697441790,3,,2026-09-05T09:03:47.031456+00:00
stage5c2-human-similarity-review-v2,879757127f558feec011088e,6rj9qDXWANe0U69asDzxMp,7hFW5IN7mQ99PuO86r38Sf,5,0.763669615,0.404761867,0.662205731,3,,2026-09-05T09:03:52.841040+00:00
stage5c2-human-similarity-review-v2,43250af1d70297e924d16402,6HIngEWX8ycnLjuUfSZyah,6nzCvAtyADh0wwZEVMoujK,1,0.778860071,0.763762248,0.774591888,4,,2026-09-05T09:04:01.097853+00:00
stage5c2-human-similarity-review-v2,78fa2696686d64086b474058,6HIngEWX8ycnLjuUfSZyah,1Y6Ra2erZ6Mru0JOcJBSzK,2,0.793062194,0.616253719,0.743078111,3,,2026-09-05T09:04:04.957770+00:00
stage5c2-human-similarity-review-v2,39e710684948d47b7bdb059c,6HIngEWX8ycnLjuUfSZyah,2aiVdNIqY5BDCM10fKlKpS,3,0.752474438,0.682624598,0.732727759,3,,2026-09-05T09:04:30.590106+00:00
stage5c2-human-similarity-review-v2,57f2fd888806ac3bb1353884,6HIngEWX8ycnLjuUfSZyah,7F6PtLP6fJPVtA1FWVkl8K,4,0.776341486,0.590228513,0.723727005,4,,2026-09-05T09:04:33.743550+00:00
stage5c2-human-similarity-review-v2,dbfffdf5fb93e2add7645c7b,6HIngEWX8ycnLjuUfSZyah,2g0LdZQce9xlcHb1mBJyuz,5,0.739331891,0.627243760,0.707644369,2,,2026-09-05T09:04:36.232723+00:00
stage5c2-human-similarity-review-v2,f4066db547d456dbfcbc26e3,23V5SeHanwL6PlqyJ99dH8,00njeQb198Lm7Jge2Rsrlg,1,0.799046866,0.902989778,0.828431719,4,,2026-09-05T09:02:07.413023+00:00
stage5c2-human-similarity-review-v2,f9da32cfda118e52cf7f78f5,23V5SeHanwL6PlqyJ99dH8,30NAF18yQGvwKrbn1IEMKn,2,0.846750563,0.781841445,0.828400635,2,,2026-09-04T22:32:30.443533+00:00
stage5c2-human-similarity-review-v2,5fdf39bf1de82ad06b247bcf,23V5SeHanwL6PlqyJ99dH8,2aiVdNIqY5BDCM10fKlKpS,3,0.825201470,0.808470714,0.820471655,3,,2026-09-05T09:04:41.473867+00:00
stage5c2-human-similarity-review-v2,bb6829bf9163154ca9a560fa,23V5SeHanwL6PlqyJ99dH8,5cgy5vMqVZbd8hYutp2txu,4,0.800461562,0.822045130,0.806563276,4,,2026-09-05T09:04:43.884633+00:00
stage5c2-human-similarity-review-v2,937ea648ddff260262767c6d,23V5SeHanwL6PlqyJ99dH8,1IIcy1TpuiAT6S206OjYvC,5,0.773248195,0.876330033,0.802389621,3,,2026-09-04T23:54:58.941738+00:00
stage5c2-human-similarity-review-v2,af52b1cb770aa88f17195668,5cgy5vMqVZbd8hYutp2txu,7fBv7CLKzipRk6EC6TWHOB,1,0.874517117,0.856903879,0.869537822,3,,2026-09-05T08:26:25.402359+00:00
stage5c2-human-similarity-review-v2,d10b506227ab6984c93bb9ca,5cgy5vMqVZbd8hYutp2txu,7F6PtLP6fJPVtA1FWVkl8K,2,0.786382446,0.900348181,0.818600770,5,,2026-09-05T00:39:30.732260+00:00
stage5c2-human-similarity-review-v2,b39505e4567e18c2c7bcfa47,5cgy5vMqVZbd8hYutp2txu,2BFAfMIblG0RZeAvlmLC81,3,0.801513837,0.861726340,0.818536023,2,,2026-09-05T09:06:51.716443+00:00
stage5c2-human-similarity-review-v2,b3f35dc483b01b56f1c0a2ae,5cgy5vMqVZbd8hYutp2txu,7fXYFuCTmNrYRGwEUUf5iz,4,0.812440782,0.825632883,0.816170213,3,,2026-09-05T09:07:04.854310+00:00
stage5c2-human-similarity-review-v2,bb6829bf9163154ca9a560fa,5cgy5vMqVZbd8hYutp2txu,23V5SeHanwL6PlqyJ99dH8,5,0.800461562,0.822045130,0.806563276,4,,2026-09-05T09:04:43.884633+00:00
stage5c2-human-similarity-review-v2,ad3bd2417a9281ce36a12af2,6zKX91EvxRHr42ZiZ5C9kN,65FftemJ1DbbZ45DUfHJXE,1,0.867639784,0.912816253,0.880411255,4,,2026-09-04T23:48:25.396401+00:00
stage5c2-human-similarity-review-v2,f690d55f563767c78b0fd91f,6zKX91EvxRHr42ZiZ5C9kN,1AHtqWqufKsgBmdNEi1WVO,2,0.885121458,0.840432527,0.872487814,4,,2026-09-04T23:18:12.850275+00:00
stage5c2-human-similarity-review-v2,682c21e2b9aa6ecbdf1fd15a,6zKX91EvxRHr42ZiZ5C9kN,0JJeoiCAa1hwcBsPxBN2w4,3,0.853198098,0.858153174,0.854598907,3,,2026-09-04T22:52:56.206118+00:00
stage5c2-human-similarity-review-v2,80a73c2d9553f17d36b6041e,6zKX91EvxRHr42ZiZ5C9kN,6nICBdDevG4NZysIqDFPEa,4,0.863411069,0.816003104,0.850008750,3,,2026-09-05T09:07:21.566147+00:00
stage5c2-human-similarity-review-v2,3abef65d09b89decb030af77,6zKX91EvxRHr42ZiZ5C9kN,3uOeutrLztSX6lU0b0et3B,5,0.824301672,0.902509188,0.846411081,3,,2026-09-05T08:27:08.309771+00:00
stage5c2-human-similarity-review-v2,ef5db3d0aa45e3fbec1a52fa,4Sk74gcXTe9dnE1HU5Pn1y,7iov2YtUJgLmHXwpYXLcoo,1,0.912329318,0.807423906,0.882672364,3,,2026-09-05T09:00:40.528445+00:00
stage5c2-human-similarity-review-v2,661f7d044f946fc91944ebc6,4Sk74gcXTe9dnE1HU5Pn1y,7fXYFuCTmNrYRGwEUUf5iz,2,0.854296793,0.859277499,0.855704848,2,,2026-09-05T09:07:32.859084+00:00
stage5c2-human-similarity-review-v2,009b9816f8c7a212d0d99c5c,4Sk74gcXTe9dnE1HU5Pn1y,2aiVdNIqY5BDCM10fKlKpS,3,0.853096936,0.848730822,0.851862627,4,,2026-09-04T22:22:53.435500+00:00
stage5c2-human-similarity-review-v2,378984f0948bf1066d7bee1d,4Sk74gcXTe9dnE1HU5Pn1y,1AHtqWqufKsgBmdNEi1WVO,4,0.835548788,0.881999326,0.848680441,3,,2026-09-05T09:10:55.475954+00:00
stage5c2-human-similarity-review-v2,a2d700846ddc2e5528b7eabf,4Sk74gcXTe9dnE1HU5Pn1y,65FftemJ1DbbZ45DUfHJXE,5,0.832529629,0.885702620,0.847561732,3,,2026-09-05T09:10:57.882312+00:00
stage5c2-human-similarity-review-v2,a32647b6c4c8275923977b5b,2Y4iTaIAamhYPyZcOdfL3g,1Y6Ra2erZ6Mru0JOcJBSzK,1,0.865593849,0.887997143,0.871927302,3,,2026-09-05T09:11:12.957663+00:00
stage5c2-human-similarity-review-v2,381eabeb47ae5fc313bc6c56,2Y4iTaIAamhYPyZcOdfL3g,5quFr5s5PXYfUX5jV2EBZ1,2,0.874377429,0.687020690,0.821411332,4,,2026-09-05T09:14:18.832749+00:00
stage5c2-human-similarity-review-v2,bfc40273832a3a0051a1d5be,2Y4iTaIAamhYPyZcOdfL3g,2sXQnT404FrXeSEZkJXfKM,3,0.836375472,0.734677103,0.807625155,4,,2026-09-05T09:13:57.593587+00:00
stage5c2-human-similarity-review-v2,40038c8f5c6ef58da3a315bc,2Y4iTaIAamhYPyZcOdfL3g,5h6c3ArwadWdEny5yXUPOt,4,0.822730931,0.764354900,0.806227919,3,,2026-09-05T09:14:03.194499+00:00
stage5c2-human-similarity-review-v2,7b4eceb7c3fc7e152f3aeab3,2Y4iTaIAamhYPyZcOdfL3g,74X2u8JMVooG2QbjRxXwR8,5,0.864906001,0.649756159,0.804082743,3,,2026-09-05T09:14:09.046646+00:00
stage5c2-human-similarity-review-v2,80a73c2d9553f17d36b6041e,6nICBdDevG4NZysIqDFPEa,6zKX91EvxRHr42ZiZ5C9kN,1,0.863411069,0.816003104,0.850008750,3,,2026-09-05T09:07:21.566147+00:00
stage5c2-human-similarity-review-v2,4589321ebf0df4406b5ee64d,6nICBdDevG4NZysIqDFPEa,4lR8sYGMGZPvthF2yUfo7T,2,0.893209244,0.722252274,0.844879393,4,,2026-09-05T08:58:51.526356+00:00
stage5c2-human-similarity-review-v2,0b128aa3d01a6844abd9a41f,6nICBdDevG4NZysIqDFPEa,7fXYFuCTmNrYRGwEUUf5iz,3,0.855502272,0.808364355,0.842176296,2,,2026-09-05T09:20:51.727287+00:00
stage5c2-human-similarity-review-v2,9c95b7b7e0c7f27e4a988039,6nICBdDevG4NZysIqDFPEa,5aawFqyuCB3K2P8KQvhFVs,4,0.858146462,0.794162242,0.840058005,4,,2026-09-05T00:44:02.885203+00:00
stage5c2-human-similarity-review-v2,2bfec0a7678351ed236e6c20,6nICBdDevG4NZysIqDFPEa,74X2u8JMVooG2QbjRxXwR8,5,0.878267336,0.729114201,0.836101469,3,,2026-09-05T09:14:26.507449+00:00
stage5c2-human-similarity-review-v2,6651c37d67a971ced24f5d78,4gMPlHHAjOQnUrhsuqHivn,5l45vVLs4JKkhzN0tvkWJv,1,0.882893214,0.739865420,0.842458992,4,,2026-09-05T09:16:11.345193+00:00
stage5c2-human-similarity-review-v2,2b90d33fb739514a81ce490b,4gMPlHHAjOQnUrhsuqHivn,1kuGVB7EU95pJObxwvfwKS,2,0.859800435,0.795098680,0.841509129,2,,2026-09-05T09:14:50.819565+00:00
stage5c2-human-similarity-review-v2,72932edc8ffea32afb077376,4gMPlHHAjOQnUrhsuqHivn,6Kkt27YmFyIFrcX3QXFi2o,3,0.867998547,0.744895154,0.833196991,3,,2026-09-05T09:00:53.525103+00:00
stage5c2-human-similarity-review-v2,f9ab2712751dcbbb62f4a0c7,4gMPlHHAjOQnUrhsuqHivn,6JjD8b5nYnwJ3zxYZ16rKg,4,0.850134299,0.761281906,0.825015564,2,,2026-09-05T09:00:23.703107+00:00
stage5c2-human-similarity-review-v2,19f3e3c0c655153b36f5651f,4gMPlHHAjOQnUrhsuqHivn,41zXlQxzTi6cGAjpOXyLYH,5,0.836120358,0.782571143,0.820981896,3,,2026-09-05T09:14:53.893740+00:00
stage5c2-human-similarity-review-v2,4c10557cecd2926ac6698fae,7fXYFuCTmNrYRGwEUUf5iz,74cpuIw43kA8xPgbQEPdss,1,0.871947860,0.850482573,0.865879584,3,,2026-09-05T08:58:30.266588+00:00
stage5c2-human-similarity-review-v2,07fd4e70a7bb3588743ba5bb,7fXYFuCTmNrYRGwEUUf5iz,65FftemJ1DbbZ45DUfHJXE,2,0.856601373,0.878798415,0.862876517,2,,2026-09-04T23:48:34.976810+00:00
stage5c2-human-similarity-review-v2,c6e45425d61de8061453a730,7fXYFuCTmNrYRGwEUUf5iz,1aKvZDoLGkNMxoRYgkckZG,3,0.856633389,0.866852919,0.859522469,1,,2026-09-05T08:30:40.882646+00:00
stage5c2-human-similarity-review-v2,5b9b8b4b7afb5bf63fce0cd7,7fXYFuCTmNrYRGwEUUf5iz,2sXQnT404FrXeSEZkJXfKM,4,0.855814127,0.866234146,0.858759885,4,,2026-09-05T09:01:45.046897+00:00
stage5c2-human-similarity-review-v2,661f7d044f946fc91944ebc6,7fXYFuCTmNrYRGwEUUf5iz,4Sk74gcXTe9dnE1HU5Pn1y,5,0.854296793,0.859277499,0.855704848,2,,2026-09-05T09:07:32.859084+00:00
stage5c2-human-similarity-review-v2,8959a418ed6b4366cf36cbec,2BJSMvOGABRxokHKB0OI8i,30NAF18yQGvwKrbn1IEMKn,1,0.848386424,0.833546870,0.844191255,2,,2026-09-04T22:32:02.157972+00:00
stage5c2-human-similarity-review-v2,c9b423f4b2118a95dc3df919,2BJSMvOGABRxokHKB0OI8i,06EL94D0TA27Ik0Ke5usbj,2,0.802790361,0.923471863,0.836907245,3,,2026-09-04T23:11:21.790099+00:00
stage5c2-human-similarity-review-v2,0618e282b54eae7acdf2ffe7,2BJSMvOGABRxokHKB0OI8i,5cgy5vMqVZbd8hYutp2txu,3,0.742715429,0.859865037,0.775833839,3,,2026-09-05T09:16:59.559193+00:00
stage5c2-human-similarity-review-v2,a6eaa7e086490f7a1ff51063,2BJSMvOGABRxokHKB0OI8i,7fXYFuCTmNrYRGwEUUf5iz,4,0.742934147,0.829142428,0.767305387,3,,2026-09-05T09:17:02.317783+00:00
stage5c2-human-similarity-review-v2,a4a77526b210e2ddbbd4792b,2BJSMvOGABRxokHKB0OI8i,6nICBdDevG4NZysIqDFPEa,5,0.753036796,0.776436402,0.759651908,2,,2026-09-05T09:17:06.733033+00:00
stage5c2-human-similarity-review-v2,001d89314d80b43d5fdf8563,7nD9LjsenfCRv4uxy93xhZ,1DaXVM8npVKa2AQBrYz4xS,1,0.917929616,0.769864388,0.876071302,4,,2026-09-05T08:37:25.426403+00:00
stage5c2-human-similarity-review-v2,9d0a8c7429979ad8defc8dc0,7nD9LjsenfCRv4uxy93xhZ,0ASYuzPsTBA6ZmIsuvNZby,2,0.847995454,0.881247278,0.857395806,4,,2026-09-04T22:56:14.339345+00:00
stage5c2-human-similarity-review-v2,8d9b9fe9a48c1148c4579036,7nD9LjsenfCRv4uxy93xhZ,5sEeuhYWHNczuPKek1zJeG,3,0.887390991,0.778822229,0.856698401,4,,2026-09-05T00:38:05.352931+00:00
stage5c2-human-similarity-review-v2,4def2c78dbbee57463a6cd08,7nD9LjsenfCRv4uxy93xhZ,6kAMaQt8UveeTctekIpUjF,4,0.798563825,0.910606645,0.830238537,3,,2026-09-05T01:35:33.843901+00:00
stage5c2-human-similarity-review-v2,3df5336ef45edff03e87624e,7nD9LjsenfCRv4uxy93xhZ,70YbAV2UKPee15B00RbPcT,5,0.839216146,0.797422296,0.827400948,4,,2026-09-05T00:27:24.436250+00:00
stage5c2-human-similarity-review-v2,397a6b8b332674a8b9b9a74a,0ayK1CJh1cMRjUJRCDWhCd,340yvMO5adu3bo1x5Zrw14,1,0.889567448,0.848398870,0.877929015,5,,2026-09-04T22:02:23.604914+00:00
stage5c2-human-similarity-review-v2,19d82d1199990d6cb5af84b1,0ayK1CJh1cMRjUJRCDWhCd,74X2u8JMVooG2QbjRxXwR8,2,0.877741795,0.851723689,0.870386428,3,,2026-09-05T09:01:03.286459+00:00
stage5c2-human-similarity-review-v2,1c66130f845190e21a2d72e7,0ayK1CJh1cMRjUJRCDWhCd,5aawFqyuCB3K2P8KQvhFVs,3,0.885971468,0.815423921,0.866027546,3,,2026-09-05T00:43:49.230346+00:00
stage5c2-human-similarity-review-v2,86b0c6b6353c9f4ce506447c,0ayK1CJh1cMRjUJRCDWhCd,3JxRNkoNmAcPgnA5HSnKiz,4,0.842634277,0.804427250,0.831833080,5,,2026-09-04T21:34:20.946139+00:00
stage5c2-human-similarity-review-v2,9563e96c2a7ad0340eba25f8,0ayK1CJh1cMRjUJRCDWhCd,0mjbciwK9zhfQl44jXfQv6,5,0.834041398,0.805848034,0.826071082,4,,2026-09-05T09:19:16.577774+00:00
stage5c2-human-similarity-review-v2,95b1ce098664d03b6debddab,0mjbciwK9zhfQl44jXfQv6,0JJeoiCAa1hwcBsPxBN2w4,1,0.881989600,0.904442610,0.888337107,5,,2026-09-04T22:52:30.305884+00:00
stage5c2-human-similarity-review-v2,f8115be46bae501e4e765631,0mjbciwK9zhfQl44jXfQv6,7iov2YtUJgLmHXwpYXLcoo,2,0.874357600,0.852985833,0.868315762,4,,2026-09-05T09:19:49.005531+00:00
stage5c2-human-similarity-review-v2,857d0bba1e525ac30703e924,0mjbciwK9zhfQl44jXfQv6,2aiVdNIqY5BDCM10fKlKpS,3,0.856870993,0.887601605,0.865558594,5,,2026-09-04T22:20:36.914400+00:00
stage5c2-human-similarity-review-v2,75b8ec44e61a5df1ad5f98e6,0mjbciwK9zhfQl44jXfQv6,74cpuIw43kA8xPgbQEPdss,4,0.849323286,0.852259573,0.850153380,2,,2026-09-05T09:19:44.287343+00:00
stage5c2-human-similarity-review-v2,a7b18066849c83d05e4ef398,0mjbciwK9zhfQl44jXfQv6,6zKX91EvxRHr42ZiZ5C9kN,5,0.817700831,0.915645582,0.845389993,2,,2026-09-05T09:19:46.790488+00:00
stage5c2-human-similarity-review-v2,a32647b6c4c8275923977b5b,1Y6Ra2erZ6Mru0JOcJBSzK,2Y4iTaIAamhYPyZcOdfL3g,1,0.865593849,0.887997143,0.871927302,3,,2026-09-05T09:11:12.957663+00:00
stage5c2-human-similarity-review-v2,1bbc372d32ba750bad106ec2,1Y6Ra2erZ6Mru0JOcJBSzK,2X71ww8wImSYbw4s0Mr2ur,2,0.825698279,0.820365486,0.824190688,4,,2026-09-05T00:39:55.834348+00:00
stage5c2-human-similarity-review-v2,f9a9f6b46366824983af10d2,1Y6Ra2erZ6Mru0JOcJBSzK,40TJl2hLf6Sr7K1a2SkkVA,3,0.795965559,0.808432779,0.799490065,2,,2026-09-05T00:24:37.475819+00:00
stage5c2-human-similarity-review-v2,9072555e9dcb1019b7de6fcc,1Y6Ra2erZ6Mru0JOcJBSzK,6nzCvAtyADh0wwZEVMoujK,4,0.818922340,0.642124908,0.768941379,3,,2026-09-05T09:19:56.284332+00:00
stage5c2-human-similarity-review-v2,7d0cd58f07dd1b59e99b5440,1Y6Ra2erZ6Mru0JOcJBSzK,1AHtqWqufKsgBmdNEi1WVO,5,0.797405185,0.688864782,0.766720613,3,,2026-09-05T09:19:59.418353+00:00
stage5c2-human-similarity-review-v2,c8dba1868aaa1c7689ef01a4,3INETdToKVgt2vfp1wYBFw,0mjbciwK9zhfQl44jXfQv6,1,0.826206172,0.687032625,0.786861553,3,,2026-09-05T09:20:26.083310+00:00
stage5c2-human-similarity-review-v2,0e21213893cb05fa667f18a6,3INETdToKVgt2vfp1wYBFw,1CwmoUvvRyhiwqhMfvbB4K,2,0.781491424,0.798387161,0.786267880,4,,2026-09-05T09:20:15.588669+00:00
stage5c2-human-similarity-review-v2,adc30d6f41a25a0f4edb6cba,3INETdToKVgt2vfp1wYBFw,3vC63Nh3rSREo7qDHgnx8I,3,0.730008367,0.880709234,0.772611780,4,,2026-09-05T09:20:18.932885+00:00
stage5c2-human-similarity-review-v2,9b122cadecb3a080c50989ff,3INETdToKVgt2vfp1wYBFw,74cpuIw43kA8xPgbQEPdss,4,0.810063058,0.666290505,0.769418291,5,,2026-09-05T09:20:21.948979+00:00
stage5c2-human-similarity-review-v2,2b772dc7ee9ab19e817929b7,3INETdToKVgt2vfp1wYBFw,0JJeoiCAa1hwcBsPxBN2w4,5,0.789920283,0.710176102,0.767376455,3,,2026-09-05T09:20:23.762384+00:00
stage5c2-human-similarity-review-v2,2641f9b2aaea091cee301fba,0CnpSTdL9l5vQM4YnzXtyo,1aKvZDoLGkNMxoRYgkckZG,1,0.863446737,0.798670374,0.845134340,4,,2026-09-05T09:20:31.314816+00:00
stage5c2-human-similarity-review-v2,640a20287ebafe9873be257f,0CnpSTdL9l5vQM4YnzXtyo,3vC63Nh3rSREo7qDHgnx8I,2,0.874232894,0.769336841,0.844578586,4,,2026-09-05T09:20:32.125972+00:00
stage5c2-human-similarity-review-v2,14df129533930d207cfc1ce7,0CnpSTdL9l5vQM4YnzXtyo,1CwmoUvvRyhiwqhMfvbB4K,3,0.858802210,0.769084979,0.833438983,5,,2026-09-05T08:17:20.480713+00:00
stage5c2-human-similarity-review-v2,b6149520ab1ac06e17b9addc,0CnpSTdL9l5vQM4YnzXtyo,4lR8sYGMGZPvthF2yUfo7T,4,0.830585833,0.725853465,0.800977799,3,,2026-09-05T09:20:40.668660+00:00
stage5c2-human-similarity-review-v2,e6d7001331d729a528a9d784,0CnpSTdL9l5vQM4YnzXtyo,37BvHZhn4399Zhh6EDa4km,5,0.836369131,0.708357239,0.800179933,4,,2026-09-05T08:20:23.154050+00:00
